date,SPY,QQQ,GLD,TIP,BIL
1985-12-02,9.505,2.7358,34.8139,15.4599,28.3192
1985-12-03,9.524,2.7367,34.9325,15.4742,28.3266
1985-12-04,9.6837,2.7959,35.1052,15.4887,28.334
1985-12-05,9.6671,2.8073,34.9531,15.5031,28.3414
1985-12-06,9.6249,2.7744,34.8984,15.5175,28.3488
1985-12-09,9.6846,2.7859,34.3673,15.5319,28.3562
1985-12-10,9.6912,2.7966,34.3235,15.5464,28.3636
1985-12-11,9.7822,2.8229,34.1605,15.5609,28.371
1985-12-12,9.802,2.8357,34.3766,15.5754,28.3784
1985-12-13,9.9542,2.8872,34.4031,15.5899,28.3858
1985-12-16,10.0528,2.8978,34.4946,15.6044,28.3932
1985-12-17,9.9878,2.8743,34.7702,15.6189,28.4007
1985-12-18,9.9479,2.8656,34.6505,15.6334,28.4081
1985-12-19,9.9579,2.8828,35.2725,15.648,28.4155
1985-12-20,10.0014,2.8901,35.2449,15.6626,28.4229
1985-12-23,9.889,2.8565,35.4663,15.6771,28.4303
1985-12-24,9.8212,2.8413,35.1681,15.6917,28.4378
1985-12-25,9.8212,2.8413,35.1675,15.7063,28.4452
1985-12-26,9.8216,2.8481,35.167,15.721,28.4526
1985-12-27,9.9382,2.873,35.383,15.7356,28.46
1985-12-30,9.9889,2.8831,35.377,15.7503,28.4675
1985-12-31,10.0173,2.8907,35.3765,15.7649,28.4749
1986-01-01,10.0173,2.8907,35.3759,15.7796,28.4823
1986-01-02,9.9371,2.8679,35.3213,15.7772,28.4894
1986-01-03,9.9982,2.8525,35.3695,15.7748,28.4964
1986-01-06,9.9873,2.8482,35.5042,15.7724,28.5034
1986-01-07,10.1366,2.9014,35.7202,15.77,28.5104
1986-01-08,9.8602,2.8658,36.0011,15.7676,28.5175
1986-01-09,9.7719,2.8142,36.0979,15.7652,28.5245
1986-01-10,9.7648,2.8309,36.8496,15.7628,28.5315
1986-01-13,9.8008,2.8206,36.7354,15.7604,28.5386
1986-01-14,9.797,2.8224,36.908,15.758,28.5456
1986-01-15,9.8737,2.8738,37.5298,15.7556,28.5527
1986-01-16,9.9168,2.9071,39.288,15.7533,28.5597
1986-01-17,9.8817,2.9008,38.1618,15.7509,28.5667
1986-01-20,9.839,2.8753,37.9881,15.7485,28.5738
1986-01-21,9.7565,2.864,38.5828,15.7461,28.5808
1986-01-22,9.6474,2.8318,38.2034,15.7437,28.5879
1986-01-23,9.6834,2.8242,37.9106,15.7413,28.5949
1986-01-24,9.7867,2.8445,38.3104,15.7389,28.602
1986-01-27,9.8322,2.8575,38.786,15.7365,28.609
1986-01-28,9.9469,2.8836,38.201,15.7341,28.6161
1986-01-29,9.9696,2.9069,38.2275,15.7317,28.6232
1986-01-30,9.9241,2.8879,38.741,15.7293,28.6302
1986-01-31,10.0402,2.9039,37.9288,15.727,28.6373
1986-02-03,10.1435,2.9326,37.5819,15.7246,28.6443
1986-02-04,10.088,2.9405,36.6399,15.7416,28.6526
1986-02-05,10.096,2.9648,36.4986,15.7587,28.6608
1986-02-06,10.1202,2.985,36.4764,15.7759,28.669
1986-02-07,10.1718,3.002,36.4867,15.793,28.6772
1986-02-10,10.2514,3.0174,36.8054,15.8101,28.6854
1986-02-11,10.2362,3.0203,36.3341,15.8273,28.6936
1986-02-12,10.2385,3.0292,36.4905,15.8445,28.7018
1986-02-13,10.3063,3.0401,36.1382,15.8617,28.7101
1986-02-14,10.4181,3.0618,35.851,15.8789,28.7183
1986-02-17,10.4181,3.0617,36.0289,15.8962,28.7265
1986-02-18,10.5456,3.0743,36.4882,15.9134,28.7348
1986-02-19,10.418,3.0503,36.9367,15.9307,28.743
1986-02-20,10.5346,3.057,36.4709,15.948,28.7512
1986-02-21,10.6483,3.0832,36.5677,15.9653,28.7595
1986-02-24,10.635,3.0625,36.9783,15.9827,28.7677
1986-02-25,10.6089,3.045,38.1245,16,28.7759
1986-02-26,10.6207,3.0335,37.4045,16.0174,28.7842
1986-02-27,10.7501,3.0695,36.4465,16.0348,28.7924
1986-02-28,10.7572,3.0673,36.5811,16.0522,28.8007
1986-03-03,10.686,3.0523,36.3047,16.0696,28.8089
1986-03-04,10.6367,3.0699,36.4718,16.0925,28.816
1986-03-05,10.6347,3.0633,36.9418,16.1154,28.8231
1986-03-06,10.6722,3.0754,37.2658,16.1383,28.8302
1986-03-07,10.693,3.0734,37.1517,16.1612,28.8373
1986-03-10,10.7408,3.1111,36.8049,16.1842,28.8443
1986-03-11,10.983,3.1746,37.091,16.2072,28.8514
1986-03-12,11.0233,3.2024,37.1932,16.2303,28.8585
1986-03-13,11.054,3.2109,37.8146,16.2533,28.8656
1986-03-14,11.2133,3.2107,37.641,16.2765,28.8727
1986-03-17,11.1241,3.1968,37.8459,16.2996,28.8798
1986-03-18,11.1767,3.2243,37.9805,16.3228,28.8869
1986-03-19,11.1681,3.221,37.504,16.346,28.894
1986-03-20,11.2126,3.2281,37.9253,16.3692,28.9011
1986-03-21,11.0609,3.2325,38.1681,16.3925,28.9082
1986-03-24,11.1552,3.2125,37.8755,16.4158,28.9153
1986-03-25,11.1262,3.2211,38.0425,16.4392,28.9224
1986-03-26,11.2485,3.2161,37.2362,16.4625,28.9295
1986-03-27,11.3276,3.2405,37.2032,16.486,28.9366
1986-03-28,11.3276,3.2405,37.2026,16.5094,28.9437
1986-03-31,11.3242,3.251,37.2021,16.5329,28.9509
1986-04-01,11.146,3.2421,36.0227,16.5564,28.958
1986-04-02,11.1729,3.2523,36.2817,16.5621,28.9645
1986-04-03,11.0193,3.2477,36.2,16.5679,28.971
1986-04-04,10.8401,3.2111,36.1725,16.5736,28.9776
1986-04-07,10.8372,3.1897,36.5125,16.5794,28.9841
1986-04-08,11.069,3.2524,36.7012,16.5851,28.9906
1986-04-09,11.0798,3.2551,36.5331,16.5909,28.9971
1986-04-10,11.2073,3.3143,36.5163,16.5967,29.0037
1986-04-11,11.185,3.3339,36.9753,16.6024,29.0102
1986-04-14,11.247,3.3614,36.9369,16.6082,29.0168
1986-04-15,11.2683,3.3831,36.9525,16.614,29.0233
1986-04-16,11.4811,3.4699,36.6546,16.6197,29.0298
1986-04-17,11.5194,3.4734,36.7514,16.6255,29.0364
1986-04-18,11.4886,3.4429,37.059,16.6313,29.0429
1986-04-21,11.6004,3.4617,36.9124,16.637,29.0495
1986-04-22,11.4904,3.4472,37.2038,16.6428,29.056
1986-04-23,11.4586,3.4384,37.4303,16.6486,29.0625
1986-04-24,11.4714,3.4907,37.2729,16.6544,29.0691
1986-04-25,11.4841,3.5039,37.2399,16.6602,29.0756
1986-04-28,11.5215,3.4916,37.0988,16.6659,29.0822
1986-04-29,11.3997,3.4556,37.0226,16.6717,29.0887
1986-04-30,11.1631,3.3826,37.3788,16.6775,29.0953
1986-05-01,11.146,3.3672,37.3079,16.6833,29.1019
1986-05-02,11.1284,3.3847,36.929,16.6727,29.1086
1986-05-05,11.2677,3.4312,37.1068,16.6621,29.1154
1986-05-06,11.2445,3.4309,37.2305,16.6515,29.1222
1986-05-07,11.1895,3.4119,37.0192,16.6409,29.129
1986-05-08,11.2392,3.4316,37.3213,16.6303,29.1358
1986-05-09,11.2733,3.448,37.3315,16.6197,29.1425
1986-05-12,11.2604,3.4444,37.3147,16.6091,29.1493
1986-05-13,11.2049,3.4291,37.152,16.5985,29.1561
1986-05-14,11.2584,3.4281,37.0163,16.588,29.1629
1986-05-15,11.111,3.401,36.9671,16.5774,29.1697
1986-05-16,11.0318,3.3842,37.0747,16.5668,29.1765
1986-05-19,11.0526,3.391,36.8363,16.5563,29.1833
1986-05-20,11.1905,3.4281,36.6088,16.5458,29.1901
1986-05-21,11.1592,3.4375,36.6298,16.5352,29.1969
1986-05-22,11.3805,3.4853,36.7968,16.5247,29.2037
1986-05-23,11.4387,3.4969,36.8665,16.5142,29.2105
1986-05-26,11.4387,3.4969,36.8659,16.5037,29.2173
1986-05-27,11.5998,3.5189,36.9086,16.4932,29.2241
1986-05-28,11.6889,3.5217,37.0431,16.4827,29.2309
1986-05-29,11.7528,3.5286,37.0371,16.4722,29.2377
1986-05-30,11.7229,3.5622,37.0906,16.4617,29.2445
1986-06-02,11.6134,3.5375,36.9442,16.4512,29.2513
1986-06-03,11.6356,3.5392,36.9814,16.468,29.2581
1986-06-04,11.5612,3.5329,36.7701,16.4847,29.2648
1986-06-05,11.6422,3.5446,36.9317,16.5015,29.2716
1986-06-06,11.6431,3.5342,36.9203,16.5183,29.2783
1986-06-09,11.3724,3.4627,36.9359,16.5351,29.2851
1986-06-10,11.3544,3.4516,37.5729,16.5519,29.2918
1986-06-11,11.4278,3.4937,37.5399,16.5688,29.2986
1986-06-12,11.4448,3.5009,37.642,16.5857,29.3053
1986-06-13,11.6457,3.5443,37.4091,16.6026,29.3121
1986-06-16,11.6646,3.5103,36.663,16.6195,29.3189
1986-06-17,11.5802,3.4617,36.3869,16.6364,29.3256
1986-06-18,11.6105,3.4596,36.6456,16.6533,29.3324
1986-06-19,11.5664,3.4771,36.6505,16.6703,29.3392
1986-06-20,11.7332,3.4837,36.6986,16.6872,29.3459
1986-06-23,11.6232,3.483,36.8493,16.7042,29.3527
1986-06-24,11.707,3.5102,36.9513,16.7212,29.3595
1986-06-25,11.797,3.5363,37.075,16.7383,29.3663
1986-06-26,11.788,3.5302,37.1825,16.7553,29.373
1986-06-27,11.8287,3.5279,37.263,16.7724,29.3798
1986-06-30,11.8874,3.5497,37.3272,16.7894,29.3866
1986-07-01,11.9442,3.5652,37.2834,16.8065,29.3934
1986-07-02,11.9755,3.579,36.9804,16.8099,29.3994
1986-07-03,11.9323,3.5911,37.1473,16.8132,29.4054
1986-07-04,11.9322,3.5911,37.1413,16.8166,29.4114
1986-07-07,11.5654,3.4406,37.2542,16.8199,29.4174
1986-07-08,11.4488,3.3453,37.5777,16.8233,29.4234
1986-07-09,11.507,3.3922,37.6041,16.8267,29.4294
1986-07-10,11.516,3.3678,37.4631,16.83,29.4354
1986-07-11,11.4785,3.3364,37.603,16.8334,29.4414
1986-07-14,11.2837,3.2585,37.3485,16.8367,29.4474
1986-07-15,11.0728,3.1923,37.375,16.8401,29.4534
1986-07-16,11.1367,3.2172,37.5472,16.8435,29.4594
1986-07-17,11.1869,3.2405,37.4818,16.8468,29.4655
1986-07-18,11.2006,3.2251,37.5785,16.8502,29.4715
1986-07-21,11.1949,3.2101,38.2314,16.8536,29.4775
1986-07-22,11.2868,3.2173,38.1822,16.8569,29.4835
1986-07-23,11.31,3.2122,37.5066,16.8603,29.4895
1986-07-24,11.2758,3.2145,37.6572,16.8636,29.4955
1986-07-25,11.3833,3.2359,37.7376,16.867,29.5016
1986-07-28,11.1838,3.1757,38.1907,16.8704,29.5076
1986-07-29,11.1146,3.1473,37.9363,16.8737,29.5136
1986-07-30,11.2112,3.1542,37.9789,16.8771,29.5196
1986-07-31,11.1889,3.1582,38.6101,16.8805,29.5257
1986-08-01,11.1315,3.1469,38.9876,16.8839,29.5317
1986-08-04,11.1826,3.1106,38.8574,16.9161,29.5376
1986-08-05,11.2319,3.096,38.7164,16.9484,29.5435
1986-08-06,11.2228,3.0673,39.137,16.9808,29.5494
1986-08-07,11.2323,3.0705,39.0716,17.0133,29.5553
1986-08-08,11.2246,3.1054,39.8269,17.0458,29.5612
1986-08-11,11.4047,3.1741,41.4678,17.0783,29.5671
1986-08-12,11.5307,3.2094,41.8991,17.111,29.573
1986-08-13,11.641,3.2481,41.6015,17.1437,29.5789
1986-08-14,11.6685,3.2734,41.5846,17.1764,29.5848
1986-08-15,11.7111,3.2642,41.584,17.2092,29.5907
1986-08-18,11.7219,3.2532,40.428,17.2421,29.5966
1986-08-19,11.6807,3.2428,40.8161,17.2751,29.6025
1986-08-20,11.8351,3.268,41.1124,17.3081,29.6084
1986-08-21,11.8303,3.2736,41.7056,17.3411,29.6143
1986-08-22,11.8549,3.294,41.705,17.3743,29.6202
1986-08-25,11.7421,3.2714,41.7044,17.4075,29.6261
1986-08-26,11.9804,3.2985,41.1477,17.4407,29.632
1986-08-27,12.0021,3.3174,41.0391,17.474,29.6379
1986-08-28,11.9803,3.3179,41.7511,17.5074,29.6438
1986-08-29,11.9845,3.3103,41.5345,17.5409,29.6498
1986-09-01,11.9845,3.3103,42.295,17.5744,29.6557
1986-09-02,11.7755,3.2588,42.4563,17.5624,29.6614
1986-09-03,11.8494,3.2692,43.7242,17.5505,29.667
1986-09-04,12.027,3.3036,43.5616,17.5385,29.6727
1986-09-05,11.8678,3.2659,45.3423,17.5266,29.6784
1986-09-08,11.7573,3.1978,44.3969,17.5146,29.6841
1986-09-09,11.735,3.1805,44.1804,17.5027,29.6897
1986-09-10,11.7061,3.1582,45.1783,17.4908,29.6954
1986-09-11,11.1431,3.0212,43.3964,17.4789,29.7011
1986-09-12,10.9294,2.9464,45.2848,17.467,29.7068
1986-09-15,10.9895,2.9443,44.6364,17.4551,29.7125
1986-09-16,10.9791,2.9502,45.0406,17.4432,29.7182
1986-09-17,10.9771,2.9759,44.6027,17.4313,29.7239
1986-09-18,11.0069,3.014,45.104,17.4195,29.7295
1986-09-19,11.0022,3.0209,46.4148,17.4076,29.7352
1986-09-22,11.131,3.0573,47.0077,17.3957,29.7409
1986-09-23,11.166,3.0451,46.9531,17.3839,29.7466
1986-09-24,11.1949,3.0379,46.5746,17.3721,29.7523
1986-09-25,10.984,3.0025,46.3472,17.3602,29.758
1986-09-26,11.0029,3.0018,46.735,17.3484,29.7637
1986-09-29,10.8929,2.9571,46.0867,17.3366,29.7694
1986-09-30,10.9597,2.9998,45.6759,17.3248,29.7751
1986-10-01,11.0677,3.0166,45.8695,17.313,29.7808
1986-10-02,11.0828,3.0156,46.5487,17.3195,29.7862
1986-10-03,11.0728,3.0229,47.0553,17.326,29.7917
1986-10-06,11.1235,3.0351,47.1517,17.3325,29.7971
1986-10-07,11.1059,3.0163,47.0538,17.339,29.8026
1986-10-08,11.2134,3.0383,47.2797,17.3455,29.808
1986-10-09,11.1741,3.0361,47.0254,17.3521,29.8135
1986-10-10,11.1565,3.0515,46.4851,17.3586,29.8189
1986-10-13,11.1768,3.069,46.684,17.3651,29.8244
1986-10-14,11.1512,3.0753,46.2732,17.3716,29.8298
1986-10-15,11.3137,3.1,45.5387,17.3781,29.8353
1986-10-16,11.3482,3.0957,45.9157,17.3847,29.8407
1986-10-17,11.3155,3.0803,45.2406,17.3912,29.8462
1986-10-20,11.1795,3.0563,45.8604,17.3977,29.8516
1986-10-21,11.1752,3.0525,45.8704,17.4043,29.8571
1986-10-22,11.1931,3.0607,45.859,17.4108,29.8626
1986-10-23,11.3361,3.101,45.6856,17.4173,29.868
1986-10-24,11.2878,3.0969,44.293,17.4239,29.8735
1986-10-27,11.3119,3.0924,44.2114,17.4304,29.8789
1986-10-28,11.3351,3.1085,44.3132,17.437,29.8844
1986-10-29,11.4146,3.1223,43.7838,17.4435,29.8899
1986-10-30,11.5458,3.1583,43.8587,17.4501,29.8953
1986-10-31,11.5586,3.1517,43.2646,17.4566,29.9008
1986-11-03,11.6447,3.1589,43.825,17.4632,29.9063
1986-11-04,11.6637,3.184,44.0185,17.4704,29.9128
1986-11-05,11.6816,3.1887,43.7212,17.4776,29.9194
1986-11-06,11.6479,3.1719,44.0765,17.4848,29.9259
1986-11-07,11.6432,3.1609,44.0381,17.492,29.9325
1986-11-10,11.6602,3.1475,44.3125,17.4992,29.939
1986-11-11,11.7051,3.1705,43.7994,17.5064,29.9456
1986-11-12,11.6842,3.1755,43.9066,17.5136,29.9521
1986-11-13,11.5127,3.1282,43.9599,17.5208,29.9587
1986-11-14,11.5828,3.1302,44.0401,17.528,29.9652
1986-11-17,11.5216,3.1234,42.3404,17.5352,29.9718
1986-11-18,11.217,3.0681,42.1779,17.5425,29.9784
1986-11-19,11.2586,3.0437,42.4362,17.5497,29.9849
1986-11-20,11.4666,3.0822,41.9987,17.5569,29.9915
1986-11-21,11.647,3.1169,41.874,17.5641,29.9981
1986-11-24,11.7223,3.1516,41.0428,17.5714,30.0046
1986-11-25,11.7563,3.1794,41.3927,17.5786,30.0112
1986-11-26,11.7847,3.2034,41.3759,17.5858,30.0178
1986-11-27,11.7847,3.2034,41.3753,17.5931,30.0243
1986-11-28,11.806,3.2267,41.3638,17.6003,30.0309
1986-12-01,11.7979,3.203,42.6629,17.6076,30.0375
1986-12-02,12.0323,3.2468,42.0097,17.6084,30.0435
1986-12-03,12.0252,3.2733,42.036,17.6091,30.0495
1986-12-04,11.9867,3.2711,41.9815,17.6099,30.0555
1986-12-05,11.8981,3.2506,41.8999,17.6107,30.0615
1986-12-08,11.8976,3.2244,42.0179,17.6115,30.0675
1986-12-09,11.8085,3.203,41.7153,17.6123,30.0735
1986-12-10,11.888,3.205,42.2216,17.6131,30.0795
1986-12-11,11.7558,3.1859,41.8866,17.6138,30.0855
1986-12-12,11.7169,3.1619,42.2203,17.6146,30.0915
1986-12-15,11.7576,3.1421,42.5216,17.6154,30.0975
1986-12-16,11.8443,3.1511,42.3915,17.6162,30.1036
1986-12-17,11.7268,3.1196,42.2723,17.617,30.1096
1986-12-18,11.6898,3.1154,42.1368,17.6178,30.1156
1986-12-19,11.8295,3.1354,42.5729,17.6185,30.1216
1986-12-22,11.783,3.1422,42.5022,17.6193,30.1276
1986-12-23,11.6688,3.1143,41.9678,17.6201,30.1336
1986-12-24,11.6882,3.114,41.9671,17.6209,30.1397
1986-12-25,11.6881,3.114,41.9665,17.6217,30.1457
1986-12-26,11.6962,3.117,41.9658,17.6225,30.1517
1986-12-29,11.5895,3.086,42.0622,17.6232,30.1577
1986-12-30,11.5279,3.0862,41.916,17.624,30.1637
1986-12-31,11.471,3.0836,41.9154,17.6248,30.1698
1987-01-01,11.471,3.0836,41.9147,17.6256,30.1758
1987-01-02,11.6737,3.1153,43.5044,17.6379,30.182
1987-01-05,11.9455,3.2144,43.0132,17.6502,30.1883
1987-01-06,11.9734,3.2504,43.309,17.6625,30.1945
1987-01-07,12.0942,3.3358,43.1682,17.6748,30.2007
1987-01-08,12.187,3.3949,43.4101,17.6871,30.207
1987-01-09,12.2551,3.4233,43.3394,17.6994,30.2132
1987-01-12,12.3295,3.4737,44.3198,17.7117,30.2194
1987-01-13,12.3128,3.4806,44.0927,17.7241,30.2257
1987-01-14,12.4402,3.5468,44.7497,17.7364,30.2319
1987-01-15,12.5751,3.5792,44.873,17.7488,30.2382
1987-01-16,12.6125,3.5436,44.813,17.7611,30.2444
1987-01-19,12.7574,3.6295,45.5184,17.7735,30.2506
1987-01-20,12.7432,3.6309,44.817,17.7859,30.2569
1987-01-21,12.6863,3.5816,43.8947,17.7983,30.2631
1987-01-22,12.9737,3.6619,44.2443,17.8107,30.2694
1987-01-23,12.7932,3.6361,43.1172,17.8231,30.2756
1987-01-26,12.77,3.5789,43.7633,17.8355,30.2819
1987-01-27,12.966,3.6337,44.3555,17.8479,30.2881
1987-01-28,13.0441,3.6548,44.5973,17.8603,30.2944
1987-01-29,12.9891,3.6137,44.1601,17.8728,30.3007
1987-01-30,12.9815,3.634,43.1678,17.8852,30.3069
1987-02-02,13.0937,3.7132,43.8408,17.8977,30.3132
1987-02-03,13.0719,3.7404,43.5437,17.9016,30.3199
1987-02-04,13.2447,3.7828,43.4137,17.9054,30.3266
1987-02-05,13.3166,3.8075,42.9927,17.9093,30.3333
1987-02-06,13.2636,3.8073,43.3908,17.9132,30.34
1987-02-09,13.1745,3.7854,43.7458,17.9171,30.3467
1987-02-10,13.0281,3.757,43.4165,17.9209,30.3535
1987-02-11,13.145,3.8367,43.432,17.9248,30.3602
1987-02-12,13.054,3.8429,43.3559,17.9287,30.3669
1987-02-13,13.2472,3.9039,42.8217,17.9326,30.3736
1987-02-16,13.2472,3.9039,42.8103,17.9364,30.3803
1987-02-17,13.5213,4.0038,42.8097,17.9403,30.3871
1987-02-18,13.518,3.9506,42.0277,17.9442,30.3938
1987-02-19,13.525,3.9213,42.3881,17.9481,30.4005
1987-02-20,13.5207,3.8955,43.0771,17.952,30.4073
1987-02-23,13.3738,3.8741,43.4482,17.9559,30.414
1987-02-24,13.3975,3.901,43.0273,17.9597,30.4207
1987-02-25,13.4505,3.9452,43.7271,17.9636,30.4275
1987-02-26,13.4012,3.9716,43.5432,17.9675,30.4342
1987-02-27,13.4598,3.9839,43.7311,17.9714,30.4409
1987-03-02,13.403,3.9472,43.558,17.9753,30.4477
1987-03-03,13.456,3.9362,43.5089,17.9709,30.454
1987-03-04,13.669,3.9953,43.8045,17.9665,30.4603
1987-03-05,13.759,4.0257,44.2564,17.9621,30.4666
1987-03-06,13.7656,4.0172,43.7763,17.9577,30.4729
1987-03-09,13.6537,3.9777,43.6355,17.9533,30.4792
1987-03-10,13.7749,4.0211,43.6995,17.9489,30.4855
1987-03-11,13.7488,4.0395,43.8712,17.9445,30.4918
1987-03-12,13.7919,4.0277,44.1614,17.9401,30.4981
1987-03-13,13.7288,3.9927,44.0099,17.9357,30.5044
1987-03-16,13.6502,3.9832,43.6645,17.9313,30.5107
1987-03-17,13.8509,4.0522,43.777,17.9269,30.517
1987-03-18,13.8656,4.0554,43.5608,17.9225,30.5233
1987-03-19,13.9271,4.0971,43.5709,17.9181,30.5296
1987-03-20,14.1207,4.1377,43.5703,17.9137,30.536
1987-03-23,14.2623,4.1284,43.9844,17.9093,30.5423
1987-03-24,14.2849,4.1454,44.0591,17.9049,30.5486
1987-03-25,14.2252,4.1457,44.5647,17.9005,30.5549
1987-03-26,14.2512,4.1567,44.2732,17.8961,30.5612
1987-03-27,14.0238,4.1206,44.8488,17.8917,30.5676
1987-03-30,13.6956,4.0069,45.6722,17.8873,30.5739
1987-03-31,13.814,4.055,45.3483,17.8829,30.5802
1987-04-01,13.8466,4.0557,45.1053,17.8786,30.5865
1987-04-02,13.9053,4.0902,45.0992,17.8718,30.5928
1987-04-03,14.2263,4.1708,45.0985,17.865,30.599
1987-04-06,14.2992,4.1611,45.394,17.8583,30.6052
1987-04-07,14.05,4.0852,45.0756,17.8515,30.6115
1987-04-08,14.077,4.1254,45.2903,17.8447,30.6177
1987-04-09,13.8685,4.1134,45.3435,17.838,30.6239
1987-04-10,13.851,4.1036,46.4845,17.8312,30.6302
1987-04-13,13.5256,4.009,46.9469,17.8245,30.6364
1987-04-14,13.2196,3.917,47.6462,17.8177,30.6427
1987-04-15,13.4696,3.9766,47.8286,17.811,30.6489
1987-04-16,13.5865,4.0046,47.144,17.8042,30.6552
1987-04-17,13.5865,4.0045,47.1432,17.7975,30.6614
1987-04-20,13.5476,3.9692,47.1425,17.7908,30.6677
1987-04-21,13.8781,4.0239,48.4072,17.784,30.6739
1987-04-22,13.5996,4.009,47.9757,17.7773,30.6802
1987-04-23,13.582,4.005,48.5134,17.7706,30.6864
1987-04-24,13.331,3.9309,49.7726,17.7638,30.6927
1987-04-27,13.3456,3.9129,51.1233,17.7571,30.6989
1987-04-28,13.3778,3.9503,48.7804,17.7504,30.7052
1987-04-29,13.4753,3.9711,48.3489,17.7437,30.7114
1987-04-30,13.6547,4.0279,48.8058,17.7369,30.7177
1987-05-01,13.639,4.0497,49.182,17.7302,30.724
1987-05-04,13.7019,4.0632,49.1812,17.7292,30.7307
1987-05-05,13.9851,4.1347,49.4496,17.7282,30.7375
1987-05-06,13.9912,4.1251,49.1259,17.7272,30.7442
1987-05-07,13.9551,4.1408,49.1251,17.7262,30.751
1987-05-08,13.8916,4.1482,48.7744,17.7251,30.7577
1987-05-11,13.8063,4.1238,48.7737,17.7241,30.7645
1987-05-12,13.8882,4.118,49.602,17.7231,30.7713
1987-05-13,13.9204,4.1467,49.5797,17.7221,30.778
1987-05-14,13.9326,4.1564,49.6382,17.7211,30.7848
1987-05-15,13.6101,4.0947,50.5902,17.72,30.7915
1987-05-18,13.5731,4.0412,50.9501,17.719,30.7983
1987-05-19,13.2402,3.9542,50.7179,17.718,30.8051
1987-05-20,13.1734,3.9593,51.1639,17.717,30.8118
1987-05-21,13.2661,3.9802,50.501,17.716,30.8186
1987-05-22,13.3603,3.9579,50.2203,17.7149,30.8254
1987-05-25,13.3603,3.9579,48.3356,17.7139,30.8321
1987-05-26,13.6893,4.0348,48.3349,17.7129,30.8389
1987-05-27,13.6713,4.0518,48.388,17.7119,30.8457
1987-05-28,13.7673,4.0988,48.7748,17.7109,30.8525
1987-05-29,13.736,4.1131,48.548,17.7098,30.8593
1987-06-01,13.7232,4.0497,47.6753,17.7088,30.866
1987-06-02,13.6583,4.02,48.9771,17.7148,30.8726
1987-06-03,13.8955,4.0474,48.761,17.7208,30.8791
1987-06-04,13.9721,4.0582,48.7334,17.7267,30.8856
1987-06-05,13.8944,4.0457,48.8134,17.7327,30.8921
1987-06-08,14.0492,4.086,49.1409,17.7387,30.8987
1987-06-09,14.0757,4.1283,48.7204,17.7446,30.9052
1987-06-10,14.0846,4.1401,49.0425,17.7506,30.9117
1987-06-11,14.1442,4.1323,49.1871,17.7566,30.9183
1987-06-12,14.281,4.1474,49.0195,17.7626,30.9248
1987-06-15,14.3529,4.1309,48.4053,17.7686,30.9313
1987-06-16,14.4296,4.1644,48.7274,17.7746,30.9379
1987-06-17,14.4319,4.1683,48.5652,17.7805,30.9444
1987-06-18,14.4735,4.1911,48.6667,17.7865,30.9509
1987-06-19,14.534,4.1841,48.3216,17.7925,30.9575
1987-06-22,14.6609,4.2026,47.137,17.7985,30.964
1987-06-23,14.6031,4.1795,47.3731,17.8045,30.9706
1987-06-24,14.5287,4.1809,47.5392,17.8105,30.9771
1987-06-25,14.628,4.1686,47.4039,17.8165,30.9837
1987-06-26,14.5428,4.1624,47.7906,17.8225,30.9902
1987-06-29,14.5778,4.1545,48.3979,17.8285,30.9968
1987-06-30,14.393,4.1227,48.1335,17.8345,31.0033
1987-07-01,14.3428,4.1278,47.966,17.8405,31.0099
1987-07-02,14.4701,4.1475,48.0191,17.8373,31.0165
1987-07-03,14.4701,4.1475,47.787,17.834,31.0232
1987-07-06,14.4364,4.1179,47.7055,17.8308,31.0298
1987-07-07,14.5538,4.0902,47.8285,17.8276,31.0365
1987-07-08,14.5958,4.0821,48.0323,17.8243,31.0431
1987-07-09,14.5593,4.0949,47.784,17.8211,31.0498
1987-07-10,14.5995,4.1114,47.8533,17.8179,31.0564
1987-07-13,14.5644,4.1481,48.0408,17.8146,31.0631
1987-07-14,14.7088,4.2475,48.0939,17.8114,31.0697
1987-07-15,14.6964,4.245,48.7064,17.8082,31.0764
1987-07-16,14.8043,4.2704,48.8187,17.8049,31.083
1987-07-17,14.8937,4.2666,48.479,17.8017,31.0897
1987-07-20,14.7422,4.2229,48.5105,17.7985,31.0963
1987-07-21,14.6077,4.2083,48.6712,17.7952,31.103
1987-07-22,14.6038,4.2179,48.9394,17.792,31.1097
1987-07-23,14.5725,4.1715,48.8364,17.7888,31.1163
1987-07-24,14.6416,4.2045,48.7658,17.7855,31.123
1987-07-27,14.7069,4.2082,48.7489,17.7823,31.1297
1987-07-28,14.7864,4.2204,49.0709,17.7791,31.1363
1987-07-29,14.9435,4.2415,49.2423,17.7759,31.143
1987-07-30,15.0571,4.2815,49.177,17.7726,31.1497
1987-07-31,15.0859,4.2768,49.7517,17.7694,31.1563
1987-08-03,15.0342,4.2526,50.8536,17.7662,31.163
1987-08-04,14.9707,4.2665,50.9227,17.7583,31.1706
1987-08-05,15.0758,4.318,50.5347,17.7504,31.1781
1987-08-06,15.248,4.3968,50.4156,17.7424,31.1857
1987-08-07,15.2911,4.4374,49.92,17.7345,31.1932
1987-08-10,15.5277,4.4875,49.5966,17.7266,31.2008
1987-08-11,15.78,4.5388,49.6066,17.7187,31.2083
1987-08-12,15.7354,4.5098,49.8424,17.7108,31.2159
1987-08-13,15.8424,4.4969,49.7449,17.7029,31.2235
1987-08-14,15.8111,4.4968,49.4752,17.6951,31.231
1987-08-17,15.8167,4.5047,48.7539,17.6872,31.2386
1987-08-18,15.5866,4.4409,49.2048,17.6793,31.2461
1987-08-19,15.614,4.4733,49.0804,17.6714,31.2537
1987-08-20,15.8511,4.5503,49.0528,17.6635,31.2613
1987-08-21,15.9012,4.5861,48.9875,17.6557,31.2689
1987-08-24,15.7795,4.5622,49.4169,17.6478,31.2764
1987-08-25,15.9423,4.5891,49.2549,17.6399,31.284
1987-08-26,15.8381,4.5988,49.2111,17.6321,31.2916
1987-08-27,15.687,4.5873,49.334,17.6242,31.2992
1987-08-28,15.4815,4.5483,48.7579,17.6164,31.3067
1987-08-31,15.6121,4.5641,48.7572,17.6085,31.3143
1987-09-01,15.3091,4.5056,48.7941,17.6007,31.3219
1987-09-02,15.2276,4.4803,49.7988,17.5865,31.3296
1987-09-03,15.1579,4.4647,49.8625,17.5724,31.3372
1987-09-04,14.9917,4.4439,49.9747,17.5583,31.3449
1987-09-07,14.9917,4.4439,49.8395,17.5442,31.3526
1987-09-08,14.843,4.3532,49.1344,17.5301,31.3602
1987-09-09,14.86,4.3902,49.2788,17.5161,31.3679
1987-09-10,15.0119,4.4678,49.4824,17.502,31.3756
1987-09-11,15.2414,4.4939,49.444,17.4879,31.3832
1987-09-14,15.2934,4.4677,48.9809,17.4739,31.3909
1987-09-15,15.0406,4.4044,49.3296,17.4599,31.3986
1987-09-16,14.9042,4.3835,49.2858,17.4459,31.4063
1987-09-17,14.9075,4.3999,49.5109,17.4319,31.4139
1987-09-18,14.9041,4.3916,49.6391,17.4179,31.4216
1987-09-21,14.6995,4.2955,49.3588,17.4039,31.4293
1987-09-22,15.1236,4.3862,49.6215,17.3899,31.437
1987-09-23,15.2036,4.4438,49.7121,17.376,31.4447
1987-09-24,15.1339,4.4561,49.8834,17.362,31.4524
1987-09-25,15.1547,4.4664,49.6461,17.3481,31.4601
1987-09-28,15.2985,4.4557,49.5432,17.3341,31.4678
1987-09-29,15.227,4.4453,49.3866,17.3202,31.4754
1987-09-30,15.2336,4.4748,49.3966,17.3063,31.4831
1987-10-01,15.4939,4.5662,48.9013,17.2924,31.4908
1987-10-02,15.5288,4.6193,48.8414,17.3283,31.497
1987-10-05,15.5292,4.6555,49.0718,17.3642,31.5031
1987-10-06,15.1098,4.5305,49.2323,17.4003,31.5092
1987-10-07,15.0776,4.5047,49.2369,17.4364,31.5153
1987-10-08,14.8702,4.4336,49.2469,17.4725,31.5214
1987-10-09,14.7239,4.4083,49.6654,17.5088,31.5275
1987-10-12,14.6443,4.3465,49.6324,17.5451,31.5336
1987-10-13,14.8871,4.3814,49.3575,17.5815,31.5398
1987-10-14,14.4473,4.3,49.5288,17.618,31.5459
1987-10-15,14.1088,4.2035,50.1514,17.6545,31.552
1987-10-16,13.3808,3.9906,50.0055,17.6911,31.5581
1987-10-19,10.6421,3.3888,51.6976,17.7278,31.5642
1987-10-20,11.2096,3.1343,49.9019,17.7646,31.5704
1987-10-21,12.2295,3.4569,50.1913,17.8014,31.5765
1987-10-22,11.75,3.2654,50.6903,17.8384,31.5826
1987-10-23,11.7486,3.166,50.566,17.8754,31.5887
1987-10-26,10.7759,2.796,51.0488,17.9125,31.5949
1987-10-27,11.0371,2.8273,50.9406,17.9496,31.601
1987-10-28,11.0413,2.8566,51.3159,17.9868,31.6071
1987-10-29,11.5851,3.1272,50.7724,18.0242,31.6133
1987-10-30,11.9173,3.2671,50.3794,18.0615,31.6194
1987-11-02,12.1047,3.3134,50.4324,18.099,31.6255
1987-11-03,11.8713,3.2032,49.8889,18.1034,31.6319
1987-11-04,11.7833,3.2208,50.0923,18.1078,31.6383
1987-11-05,12.0445,3.3315,49.1674,18.1122,31.6446
1987-11-06,11.8518,3.2803,49.4299,18.1166,31.651
1987-11-09,11.5091,3.1889,49.8053,18.1209,31.6573
1987-11-10,11.3117,3.1227,49.2404,18.1253,31.6637
1987-11-11,11.4489,3.167,49.6265,18.1297,31.6701
1987-11-12,11.7622,3.262,49.6902,18.1341,31.6765
1987-11-13,11.6258,3.2207,49.958,18.1385,31.6828
1987-11-16,11.6788,3.21,49.651,18.1429,31.6892
1987-11-17,11.5027,3.1254,49.9189,18.1473,31.6956
1987-11-18,11.6214,3.1528,49.8214,18.1517,31.7019
1987-11-19,11.3611,3.0706,49.9765,18.1561,31.7083
1987-11-20,11.4533,3.0657,50.0348,18.1605,31.7147
1987-11-23,11.5001,3.0876,50.4316,18.1649,31.7211
1987-11-24,11.661,3.1489,51.0324,18.1693,31.7275
1987-11-25,11.5526,3.1562,51.1928,18.1737,31.7338
1987-11-26,11.5526,3.1562,51.3156,18.1781,31.7402
1987-11-27,11.3746,3.1205,51.3954,18.1825,31.7466
1987-11-30,10.8994,2.9848,52.9094,18.1869,31.753
1987-12-01,10.9798,2.9856,52.4037,18.1913,31.7594
1987-12-02,11.0484,3.0029,52.7359,18.1836,31.7657
1987-12-03,10.6584,2.8939,52.7566,18.1759,31.7721
1987-12-04,10.5973,2.8391,52.2348,18.1682,31.7784
1987-12-07,10.8263,2.8981,51.6861,18.1606,31.7848
1987-12-08,11.1173,2.9752,52.0237,18.1529,31.7912
1987-12-09,11.3056,3.042,52.0121,18.1452,31.7975
1987-12-10,11.0538,3.0258,52.4195,18.1375,31.8039
1987-12-11,11.1366,3.0433,53.0095,18.1298,31.8103
1987-12-14,11.4617,3.1795,53.6801,18.1222,31.8166
1987-12-15,11.4905,3.1971,52.9005,18.1145,31.823
1987-12-16,11.7403,3.2879,52.2337,18.1068,31.8294
1987-12-17,11.4989,3.2628,51.2877,18.0992,31.8357
1987-12-18,11.7913,3.368,51.6629,18.0915,31.8421
1987-12-21,11.8093,3.3957,51.5547,18.0839,31.8485
1987-12-22,11.8286,3.3856,51.8761,18.0762,31.8549
1987-12-23,11.9805,3.4401,51.7142,18.0686,31.8612
1987-12-24,11.9265,3.4428,51.7134,18.0609,31.8676
1987-12-25,11.9265,3.4428,51.7126,18.0533,31.874
1987-12-28,11.6212,3.3251,51.7118,18.0457,31.8804
1987-12-29,11.5748,3.3591,51.7111,18.038,31.8867
1987-12-30,11.7295,3.4231,52.1613,18.0304,31.8931
1987-12-31,11.6925,3.4005,51.9887,18.0228,31.8995
1988-01-01,11.6925,3.4005,51.9879,18.0151,31.9059
1988-01-04,12.1155,3.5215,51.6005,18.037,31.9129
1988-01-05,12.2456,3.5752,51.0628,18.0589,31.9198
1988-01-06,12.2579,3.6164,51.6956,18.0808,31.9268
1988-01-07,12.361,3.6713,51.9203,18.1027,31.9337
1988-01-08,11.5248,3.4427,51.9625,18.1247,31.9407
1988-01-11,11.7202,3.4575,51.9617,18.1467,31.9477
1988-01-12,11.6222,3.3889,51.585,18.1687,31.9546
1988-01-13,11.642,3.385,51.7453,18.1907,31.9616
1988-01-14,11.6453,3.3956,51.6908,18.2128,31.9686
1988-01-15,11.9386,3.478,51.5719,18.2349,31.9756
1988-01-18,11.9305,3.4606,51.045,18.257,31.9825
1988-01-19,11.8098,3.4385,51.2268,18.2792,31.9895
1988-01-20,11.4927,3.3178,51.285,18.3014,31.9965
1988-01-21,11.5168,3.3283,51.2359,18.3236,32.0035
1988-01-22,11.6762,3.3589,51.1278,18.3458,32.0104
1988-01-25,11.9483,3.4176,51.1324,18.368,32.0174
1988-01-26,11.8276,3.3779,50.4337,18.3903,32.0244
1988-01-27,11.8185,3.3821,49.923,18.4126,32.0314
1988-01-28,12.0035,3.4306,50.0672,18.435,32.0384
1988-01-29,12.1833,3.4627,49.1699,18.4573,32.0454
1988-02-01,12.0905,3.4514,48.6002,18.4797,32.0524
1988-02-02,12.1203,3.4592,48.943,18.4841,32.0593
1988-02-03,11.9617,3.4071,47.815,18.4885,32.0663
1988-02-04,11.9697,3.4245,47.5835,18.4929,32.0733
1988-02-05,11.92,3.4383,47.4164,18.4973,32.0802
1988-02-08,11.8343,3.4352,47.4586,18.5017,32.0872
1988-02-09,11.9606,3.4581,47.0821,18.5061,32.0942
1988-02-10,12.1967,3.5301,47.3498,18.5105,32.1012
1988-02-11,12.1635,3.5456,47.2954,18.5149,32.1081
1988-02-12,12.2491,3.5669,47.6167,18.5193,32.1151
1988-02-15,12.249,3.5669,47.8199,18.5237,32.1221
1988-02-16,12.3564,3.6018,47.7655,18.5281,32.1291
1988-02-17,12.3275,3.6075,47.8292,18.5325,32.1361
1988-02-18,12.2659,3.6063,48.0056,18.5369,32.143
1988-02-19,12.4424,3.6351,47.5379,18.5414,32.15
1988-02-22,12.6373,3.7031,47.8163,18.5458,32.157
1988-02-23,12.6089,3.7267,47.4828,18.5502,32.164
1988-02-24,12.5842,3.7525,46.7683,18.5546,32.171
1988-02-25,12.4488,3.7157,46.3759,18.559,32.178
1988-02-26,12.4909,3.7127,46.1981,18.5634,32.185
1988-02-29,12.7502,3.756,45.7359,18.5678,32.192
1988-03-01,12.7487,3.7559,46.0733,18.5722,32.199
1988-03-02,12.7633,3.8098,46.0296,18.5661,32.2054
1988-03-03,12.7585,3.8399,46.0504,18.5599,32.2119
1988-03-04,12.7325,3.8593,46.3394,18.5538,32.2184
1988-03-07,12.7381,3.8826,46.7787,18.5476,32.2249
1988-03-08,12.8384,3.9078,46.8263,18.5414,32.2314
1988-03-09,12.8236,3.9429,46.8417,18.5353,32.2379
1988-03-10,12.5752,3.8819,47.4741,18.5291,32.2443
1988-03-11,12.6281,3.87,47.409,18.523,32.2508
1988-03-14,12.6972,3.8987,47.4566,18.5168,32.2573
1988-03-15,12.6862,3.8792,47.4505,18.5107,32.2638
1988-03-16,12.8158,3.9249,47.879,18.5045,32.2703
1988-03-17,12.9293,3.9426,47.8031,18.4984,32.2768
1988-03-18,12.925,3.9383,47.5181,18.4923,32.2833
1988-03-21,12.8119,3.8918,48.2041,18.4861,32.2898
1988-03-22,12.8171,3.916,48.0585,18.48,32.2963
1988-03-23,12.8208,3.8992,48.2294,18.4739,32.3028
1988-03-24,12.5553,3.8017,48.7061,18.4677,32.3093
1988-03-25,12.3353,3.7607,48.4747,18.4616,32.3158
1988-03-28,12.3144,3.7598,48.6993,18.4555,32.3223
1988-03-29,12.4114,3.7777,48.8058,18.4493,32.3288
1988-03-30,12.3162,3.7443,48.6817,18.4432,32.3353
1988-03-31,12.3555,3.7689,49.0243,18.4371,32.3418
1988-04-01,12.3554,3.7688,49.0235,18.431,32.3483
1988-04-04,12.2257,3.7285,49.0228,18.4284,32.3558
1988-04-05,12.343,3.7608,48.6626,18.4259,32.3633
1988-04-06,12.6765,3.8414,48.2596,18.4233,32.3708
1988-04-07,12.7082,3.8572,47.9746,18.4207,32.3783
1988-04-08,12.8647,3.892,48.2098,18.4182,32.3858
1988-04-11,12.9006,3.914,48.1447,18.4156,32.3933
1988-04-12,12.9583,3.9174,48.3586,18.4131,32.4008
1988-04-13,12.9682,3.9236,48.2023,18.4105,32.4083
1988-04-14,12.4052,3.7688,48.3088,18.408,32.4158
1988-04-15,12.4061,3.7658,48.9463,18.4054,32.4233
1988-04-18,12.38,3.7748,49.1279,18.4028,32.4308
1988-04-19,12.3189,3.7923,49.0092,18.4003,32.4383
1988-04-20,12.2332,3.7614,49.0621,18.3977,32.4458
1988-04-21,12.2474,3.7425,48.7234,18.3952,32.4533
1988-04-22,12.4252,3.7697,48.1167,18.3926,32.4608
1988-04-25,12.5387,3.7932,48.2876,18.3901,32.4684
1988-04-26,12.613,3.8441,47.9436,18.3875,32.4759
1988-04-27,12.6082,3.8542,48.2968,18.385,32.4834
1988-04-28,12.5518,3.8438,48.4891,18.3824,32.4909
1988-04-29,12.4912,3.8261,48.1559,18.3799,32.4984
1988-05-02,12.5049,3.844,48.1552,18.3773,32.506
1988-05-03,12.5787,3.8929,47.822,18.3684,32.5137
1988-05-04,12.4528,3.8849,47.537,18.3595,32.5214
1988-05-05,12.387,3.8643,47.7079,18.3506,32.5292
1988-05-06,12.3278,3.8534,47.4873,18.3417,32.5369
1988-05-09,12.2942,3.8044,47.6582,18.3328,32.5446
1988-05-10,12.3476,3.7911,47.8987,18.3239,32.5524
1988-05-11,12.1413,3.7145,48.1607,18.315,32.5601
1988-05-12,12.1677,3.7342,48.3638,18.3061,32.5679
1988-05-13,12.3091,3.7807,48.2022,18.2973,32.5756
1988-05-16,12.4079,3.8055,48.6036,18.2884,32.5833
1988-05-17,12.2546,3.7855,48.7583,18.2795,32.5911
1988-05-18,12.0639,3.7032,48.6825,18.2707,32.5988
1988-05-19,12.1245,3.7045,49.1,18.2618,32.6066
1988-05-20,12.1462,3.6944,48.7775,18.2529,32.6143
1988-05-23,12.043,3.6458,49.0288,18.2441,32.6221
1988-05-24,12.173,3.6797,49.028,18.2352,32.6298
1988-05-25,12.1877,3.6753,48.6681,18.2264,32.6376
1988-05-26,12.2297,3.6937,48.5976,18.2176,32.6454
1988-05-27,12.1762,3.6878,48.4629,18.2087,32.6531
1988-05-30,12.1762,3.6877,48.4621,18.1999,32.6609
1988-05-31,12.5981,3.7695,48.8366,18.1911,32.6687
1988-06-01,12.8171,3.8419,48.9699,18.1823,32.6764
1988-06-02,12.7522,3.8369,48.6422,18.1925,32.6843
1988-06-03,12.807,3.8707,49.8208,18.2027,32.6923
1988-06-06,12.8387,3.9085,49.8039,18.213,32.7002
1988-06-07,12.7511,3.9089,49.7871,18.2232,32.7081
1988-06-08,13.0567,3.9796,49.0841,18.2335,32.7161
1988-06-09,12.998,3.9743,48.8261,18.2438,32.724
1988-06-10,13.0495,4.0071,49.0558,18.254,32.732
1988-06-13,13.0589,4.0169,48.1331,18.2643,32.7399
1988-06-14,13.1979,4.0395,47.8644,18.2746,32.7478
1988-06-15,13.2054,4.0466,48.4532,18.2849,32.7558
1988-06-16,12.9807,4.0118,48.6562,18.2952,32.7637
1988-06-17,13.0251,3.9995,48.2642,18.3055,32.7717
1988-06-20,12.9428,3.9832,48.6868,18.3158,32.7796
1988-06-21,13.0742,4.0179,48.4128,18.3261,32.7876
1988-06-22,13.2662,4.0655,48.0744,18.3364,32.7956
1988-06-23,13.226,4.0674,47.9986,18.3467,32.8035
1988-06-24,13.1848,4.0735,47.5102,18.3571,32.8115
1988-06-27,12.9591,4.0248,47.5148,18.3674,32.8194
1988-06-28,13.1175,4.0917,47.573,18.3777,32.8274
1988-06-29,13.0536,4.0828,46.4683,18.3881,32.8354
1988-06-30,13.1751,4.1098,46.7892,18.3984,32.8433
1988-07-01,13.0956,4.1299,46.8206,18.4088,32.8513
1988-07-04,13.0955,4.1299,46.8949,18.3967,32.8602
1988-07-05,13.2937,4.1723,46.8888,18.3847,32.869
1988-07-06,13.1111,4.1402,46.8131,18.3727,32.8779
1988-07-07,13.0997,4.1174,47.2518,18.3606,32.8868
1988-07-08,13.0145,4.0904,47.0903,18.3486,32.8956
1988-07-11,13.0414,4.0804,46.8109,18.3366,32.9045
1988-07-12,12.9117,4.0706,46.4887,18.3246,32.9134
1988-07-13,12.9826,4.0898,46.6166,18.3126,32.9223
1988-07-14,13.0294,4.1019,47.2321,18.3006,32.9312
1988-07-15,13.1155,4.0982,47.0546,18.2886,32.9401
1988-07-18,13.0421,4.1044,46.6841,18.2766,32.9489
1988-07-19,12.9441,4.0388,46.7477,18.2647,32.9578
1988-07-20,13.0179,4.0274,47.6632,18.2527,32.9667
1988-07-21,12.857,3.9654,47.6571,18.2407,32.9756
1988-07-22,12.7047,3.9535,47.3832,18.2288,32.9845
1988-07-25,12.7647,3.9476,46.986,18.2169,32.9934
1988-07-26,12.7916,3.9066,46.203,18.2049,33.0023
1988-07-27,12.6643,3.8558,46.3791,18.193,33.0112
1988-07-28,12.8341,3.8742,46.3677,18.1811,33.0201
1988-07-29,13.1244,3.9381,46.8009,18.1692,33.0291
1988-08-01,13.1372,3.9442,46.5645,18.1573,33.038
1988-08-02,13.1347,3.9245,46.3656,18.1555,33.0465
1988-08-03,13.1806,3.9361,46.5095,18.1538,33.0551
1988-08-04,13.1394,3.9383,46.4017,18.152,33.0636
1988-08-05,13.1043,3.9105,46.3742,18.1503,33.0721
1988-08-08,13.0518,3.9087,46.2824,18.1485,33.0807
1988-08-09,12.8914,3.8534,45.6175,18.1468,33.0892
1988-08-10,12.67,3.7536,45.7667,18.145,33.0978
1988-08-11,12.7125,3.796,45.8464,18.1433,33.1064
1988-08-12,12.7035,3.7766,46.4135,18.1415,33.1149
1988-08-15,12.5223,3.6971,46.0914,18.1398,33.1235
1988-08-16,12.615,3.7527,46.3478,18.138,33.132
1988-08-17,12.6253,3.7583,45.9561,18.1363,33.1406
1988-08-18,12.639,3.7723,46.1214,18.1345,33.1492
1988-08-19,12.6016,3.7563,46.3403,18.1328,33.1577
1988-08-22,12.4469,3.6928,46.1682,18.131,33.1663
1988-08-23,12.4525,3.6865,46.3389,18.1293,33.1749
1988-08-24,12.6483,3.7375,46.381,18.1275,33.1835
1988-08-25,12.5546,3.7065,46.5089,18.1258,33.192
1988-08-26,12.582,3.7163,46.3957,18.124,33.2006
1988-08-29,12.7153,3.755,46.395,18.1223,33.2092
1988-08-30,12.7257,3.7463,45.8159,18.1205,33.2178
1988-08-31,12.6778,3.7165,45.8152,18.1188,33.2264
1988-09-01,12.5255,3.6562,46.0983,18.117,33.235
1988-09-02,12.8253,3.7267,45.9209,18.1246,33.2439
1988-09-05,12.8253,3.7266,45.7756,18.1321,33.2528
1988-09-06,12.881,3.7368,45.8873,18.1396,33.2618
1988-09-07,12.8947,3.7403,45.7581,18.1472,33.2707
1988-09-08,12.8961,3.7591,45.8645,18.1547,33.2796
1988-09-09,12.9476,3.8138,45.987,18.1622,33.2886
1988-09-12,12.93,3.8162,44.9153,18.1698,33.2975
1988-09-13,12.9777,3.8222,45.0271,18.1773,33.3065
1988-09-14,13.0694,3.8463,45.1389,18.1849,33.3154
1988-09-15,13.0126,3.8122,44.8544,18.1924,33.3244
1988-09-16,13.1355,3.8389,44.4575,18.2,33.3333
1988-09-19,13.0471,3.8273,43.7982,18.2075,33.3423
1988-09-20,13.0962,3.8424,43.9046,18.2151,33.3512
1988-09-21,13.1198,3.8641,42.9027,18.2227,33.3602
1988-09-22,13.072,3.8743,42.5915,18.2302,33.3692
1988-09-23,13.0998,3.8568,42.8693,18.2378,33.3781
1988-09-26,13.0672,3.8219,42.3279,18.2454,33.3871
1988-09-27,13.0378,3.8204,42.52,18.2529,33.3961
1988-09-28,13.0779,3.8476,42.3373,18.2605,33.405
1988-09-29,13.2496,3.8861,42.6686,18.2681,33.414
1988-09-30,13.2169,3.8978,42.4752,18.2757,33.423
1988-10-03,13.1979,3.8418,42.3996,18.2833,33.432
1988-10-04,13.1629,3.8309,42.6666,18.2977,33.4415
1988-10-05,13.2229,3.8215,42.3394,18.312,33.4511
1988-10-06,13.2488,3.8296,43.2274,18.3264,33.4607
1988-10-07,13.5264,3.8245,43.2428,18.3409,33.4702
1988-10-10,13.5344,3.8013,43.5473,18.3553,33.4798
1988-10-11,13.5197,3.8163,43.6001,18.3697,33.4894
1988-10-12,13.3276,3.7655,43.5085,18.3841,33.4989
1988-10-13,13.3881,3.7991,43.5399,18.3986,33.5085
1988-10-14,13.4032,3.8107,43.6356,18.4131,33.5181
1988-10-17,13.4481,3.8196,44.213,18.4275,33.5277
1988-10-18,13.5932,3.8458,44.0464,18.442,33.5373
1988-10-19,13.4759,3.8458,44.0243,18.4565,33.5469
1988-10-20,13.7633,3.9191,44.1254,18.471,33.5565
1988-10-21,13.8016,3.9055,43.916,18.4856,33.5661
1988-10-24,13.7363,3.8765,43.4068,18.5001,33.5757
1988-10-25,13.7424,3.8546,43.6363,18.5147,33.5853
1988-10-26,13.6969,3.8317,43.6089,18.5292,33.5949
1988-10-27,13.4973,3.7867,43.6189,18.5438,33.6045
1988-10-28,13.5587,3.7998,44.0464,18.5584,33.6141
1988-10-31,13.5838,3.7975,44.1421,18.573,33.6237
1988-11-01,13.5951,3.7935,43.9808,18.5876,33.6333
1988-11-02,13.595,3.7808,44.3922,18.585,33.6431
1988-11-03,13.6044,3.7859,45.3174,18.5824,33.6529
1988-11-04,13.4743,3.7709,45.0598,18.5799,33.6627
1988-11-07,13.365,3.7226,45.0163,18.5773,33.6724
1988-11-08,13.4274,3.775,44.7748,18.5747,33.6822
1988-11-09,13.3413,3.7694,45.0364,18.5722,33.692
1988-11-10,13.3621,3.7646,44.8537,18.5696,33.7018
1988-11-11,13.0802,3.6769,44.9815,18.5671,33.7116
1988-11-14,13.0764,3.6707,44.8738,18.5645,33.7214
1988-11-15,13.1075,3.6522,45.3761,18.5619,33.7312
1988-11-16,12.8895,3.5961,45.3593,18.5594,33.741
1988-11-17,12.9282,3.6108,45.1607,18.5568,33.7508
1988-11-18,13.0228,3.6178,44.7052,18.5543,33.7606
1988-11-21,13.0118,3.5589,44.5119,18.5517,33.7704
1988-11-22,13.06,3.5705,44.7734,18.5491,33.7802
1988-11-23,13.1489,3.6321,44.8636,18.5466,33.79
1988-11-24,13.1488,3.6321,44.9379,18.544,33.7998
1988-11-25,13.067,3.6001,45.3812,18.5415,33.8096
1988-11-28,13.1393,3.6061,45.3966,18.5389,33.8195
1988-11-29,13.2527,3.6316,45.2729,18.5364,33.8293
1988-11-30,13.3893,3.6753,45.2187,18.5338,33.8391
1988-12-01,13.3311,3.7219,45.448,18.5312,33.8489
1988-12-02,13.3008,3.7281,45.3938,18.5461,33.8591
1988-12-05,13.4563,3.755,45.9014,18.5609,33.8693
1988-12-06,13.5881,3.7801,45.7669,18.5757,33.8795
1988-12-07,13.615,3.7546,45.2152,18.5906,33.8897
1988-12-08,13.5389,3.7338,45.2787,18.6055,33.8998
1988-12-09,13.5662,3.7318,44.9089,18.6203,33.91
1988-12-12,13.5426,3.7169,44.935,18.6352,33.9202
1988-12-13,13.5335,3.6983,44.9878,18.6501,33.9304
1988-12-14,13.4853,3.7117,44.9336,18.6651,33.9406
1988-12-15,13.4351,3.7279,44.7671,18.68,33.9508
1988-12-16,13.5343,3.7799,44.0496,18.6949,33.961
1988-12-19,13.6629,3.8098,44.1827,18.7099,33.9713
1988-12-20,13.5929,3.8029,44.1713,18.7249,33.9815
1988-12-21,13.5885,3.7938,44.3525,18.7398,33.9917
1988-12-22,13.5639,3.796,44.6353,18.7548,34.0019
1988-12-23,13.6244,3.8144,44.6346,18.7698,34.0121
1988-12-26,13.6243,3.8144,44.6339,18.7848,34.0223
1988-12-27,13.5737,3.8059,44.6333,18.7999,34.0326
1988-12-28,13.5864,3.8039,44.1619,18.8149,34.0428
1988-12-29,13.7017,3.8375,43.8831,18.8299,34.053
1988-12-30,13.6218,3.8534,43.8824,18.845,34.0633
1989-01-02,13.6217,3.8533,43.8818,18.8601,34.0735
1989-01-03,13.5049,3.7928,44.0255,18.864,34.0841
1989-01-04,13.71,3.8565,43.7842,18.868,34.0948
1989-01-05,13.7393,3.8549,43.5589,18.872,34.1054
1989-01-06,13.7714,3.8556,43.462,18.8759,34.116
1989-01-09,13.7884,3.8584,43.0442,18.8799,34.1266
1989-01-10,13.759,3.8457,43.2628,18.8839,34.1373
1989-01-11,13.8393,3.8571,43.1872,18.8879,34.1479
1989-01-12,13.896,3.8876,43.224,18.8918,34.1585
1989-01-13,13.9333,3.8898,43.3731,18.8958,34.1692
1989-01-16,13.9465,3.8919,42.9393,18.8998,34.1798
1989-01-17,13.9176,3.8461,43.0188,18.9037,34.1905
1989-01-18,14.0636,3.8798,43.0449,18.9077,34.2011
1989-01-19,14.082,3.9216,43.1619,18.9117,34.2118
1989-01-20,14.0692,3.9161,43.3644,18.9157,34.2224
1989-01-23,13.967,3.8702,43.5723,18.9197,34.2331
1989-01-24,14.1655,3.9129,43.6625,18.9236,34.2438
1989-01-25,14.1991,3.943,43.2234,18.9276,34.2544
1989-01-26,14.3252,3.9958,43.442,18.9316,34.2651
1989-01-27,14.4301,3.986,42.7462,18.9356,34.2758
1989-01-30,14.4901,4.0129,42.1307,18.9396,34.2865
1989-01-31,14.6177,4.0495,42.1301,18.9435,34.2972
1989-02-01,14.6006,4.0907,42.0011,18.9475,34.3078
1989-02-02,14.5963,4.1231,41.8187,18.9378,34.3201
1989-02-03,14.6034,4.1255,41.7004,18.9281,34.3323
1989-02-06,14.5679,4.1144,41.4753,18.9183,34.3445
1989-02-07,14.746,4.1706,41.8061,18.9086,34.3568
1989-02-08,14.6982,4.127,41.7573,18.8989,34.369
1989-02-09,14.5743,4.0975,42.1042,18.8892,34.3813
1989-02-10,14.38,4.0326,41.6545,18.8795,34.3935
1989-02-13,14.4125,4.0261,41.1086,18.8698,34.4058
1989-02-14,14.3803,4.0309,41.0652,18.8601,34.4181
1989-02-15,14.5013,4.0697,40.7331,18.8504,34.4303
1989-02-16,14.5296,4.0785,41.08,18.8407,34.4426
1989-02-17,14.6303,4.0934,40.6677,18.831,34.4549
1989-02-20,14.6302,4.0933,40.8809,18.8214,34.4672
1989-02-21,14.5923,4.0859,40.9979,18.8117,34.4795
1989-02-22,14.3432,4.0336,41.3447,18.802,34.4917
1989-02-23,14.4031,4.0489,41.745,18.7924,34.504
1989-02-24,14.1606,4.0081,41.5199,18.7827,34.5163
1989-02-27,14.1993,3.9912,41.7544,18.7731,34.5286
1989-02-28,14.2527,3.9907,41.3689,18.7634,34.541
1989-03-01,14.1704,3.9865,41.053,18.7538,34.5533
1989-03-02,14.3121,4.0269,41.0363,18.7597,34.5642
1989-03-03,14.373,4.0345,41.3029,18.7656,34.5751
1989-03-06,14.5559,4.0712,41.3931,18.7715,34.586
1989-03-07,14.511,4.0537,41.7666,18.7774,34.597
1989-03-08,14.5213,4.044,42.1775,18.7833,34.6079
1989-03-09,14.5203,4.0243,41.8455,18.7893,34.6189
1989-03-10,14.4692,4.0166,42.0586,18.7952,34.6298
1989-03-13,14.5911,4.0358,41.9511,18.8011,34.6408
1989-03-14,14.583,4.0243,42.2177,18.807,34.6517
1989-03-15,14.6595,4.0245,41.9926,18.8129,34.6627
1989-03-16,14.7966,4.0629,41.6179,18.8189,34.6736
1989-03-17,14.4637,3.9516,42.1409,18.8248,34.6846
1989-03-20,14.3271,3.9052,42.2685,18.8307,34.6955
1989-03-21,14.397,3.9522,41.974,18.8367,34.7065
1989-03-22,14.3553,3.9207,42.0375,18.8426,34.7175
1989-03-23,14.2806,3.9304,42.2025,18.8485,34.7285
1989-03-24,14.2806,3.9304,42.2018,18.8545,34.7394
1989-03-27,14.3684,3.9327,42.2012,18.8604,34.7504
1989-03-28,14.4194,3.9515,41.757,18.8663,34.7614
1989-03-29,14.4572,3.9803,40.9229,18.8723,34.7724
1989-03-30,14.4675,4.0025,41.0024,18.8782,34.7834
1989-03-31,14.5838,4.0351,40.9483,18.8842,34.7944
1989-04-03,14.6626,4.0342,41.1881,18.8901,34.8054
1989-04-04,14.6158,4.0278,41.3157,18.9078,34.8174
1989-04-05,14.6621,4.0398,40.9251,18.9254,34.8293
1989-04-06,14.6152,4.0422,41.0687,18.9431,34.8413
1989-04-07,14.7073,4.0899,40.8437,18.9607,34.8533
1989-04-10,14.7068,4.1088,40.7629,18.9784,34.8653
1989-04-11,14.7753,4.1443,41.1363,18.9961,34.8773
1989-04-12,14.7998,4.1794,41.3761,19.0139,34.8893
1989-04-13,14.6731,4.1642,41.696,19.0316,34.9013
1989-04-14,14.9188,4.225,41.2626,19.0494,34.9133
1989-04-17,14.9377,4.2241,41.1498,19.0672,34.9253
1989-04-18,15.1517,4.2727,41.021,19.085,34.9373
1989-04-19,15.2079,4.2995,41.015,19.1028,34.9494
1989-04-20,15.1601,4.2904,41.0251,19.1206,34.9614
1989-04-21,15.3297,4.3166,41.0244,19.1384,34.9734
1989-04-24,15.2872,4.3048,40.9757,19.1563,34.9854
1989-04-25,15.1935,4.2814,41.2262,19.1742,34.9975
1989-04-26,15.2053,4.2816,41.0065,19.1921,35.0095
1989-04-27,15.3366,4.3319,41.0486,19.21,35.0216
1989-04-28,15.3399,4.3514,40.3323,19.2279,35.0336
1989-05-01,15.3185,4.3575,40.3316,19.2459,35.0457
1989-05-02,15.2726,4.3573,40.3203,19.259,35.0564
1989-05-03,15.2773,4.3755,40.4426,19.2721,35.0671
1989-05-04,15.2669,4.3865,40.4046,19.2853,35.0778
1989-05-05,15.2635,4.4157,40.1316,19.2985,35.0885
1989-05-08,15.1902,4.407,40.4033,19.3116,35.0993
1989-05-09,15.1589,4.3993,40.1731,19.3248,35.11
1989-05-10,15.1901,4.4064,40.2899,19.338,35.1207
1989-05-11,15.2481,4.4172,40.4122,19.3512,35.1315
1989-05-12,15.5912,4.4962,40.2994,19.3644,35.1422
1989-05-15,15.7126,4.5339,39.9249,19.3776,35.153
1989-05-16,15.6781,4.52,39.9991,19.3908,35.1637
1989-05-17,15.7877,4.5737,39.7208,19.4041,35.1745
1989-05-18,15.8136,4.5808,39.5173,19.4173,35.1852
1989-05-19,15.9766,4.6144,39.036,19.4306,35.196
1989-05-22,16.0176,4.6092,38.4213,19.4438,35.2067
1989-05-23,15.8356,4.5712,38.928,19.4571,35.2175
1989-05-24,15.8786,4.6007,38.6071,19.4704,35.2283
1989-05-25,15.8837,4.6192,38.8307,19.4837,35.239
1989-05-26,16.0089,4.6538,39.0651,19.497,35.2498
1989-05-29,16.0088,4.6538,39.0645,19.5103,35.2606
1989-05-30,15.8859,4.6354,38.6688,19.5236,35.2713
1989-05-31,15.9591,4.6561,38.6361,19.5369,35.2821
1989-06-01,16.0328,4.6788,38.5928,19.5503,35.2929
1989-06-02,16.2099,4.7265,38.6029,19.5742,35.3034
1989-06-05,16.0388,4.6312,38.9974,19.5983,35.3138
1989-06-06,16.1531,4.6527,38.9648,19.6223,35.3243
1989-06-07,16.2882,4.7717,39.9573,19.6464,35.3348
1989-06-08,16.2782,4.761,39.9887,19.6705,35.3453
1989-06-09,16.281,4.7481,39.3207,19.6946,35.3557
1989-06-12,16.2597,4.7438,38.4286,19.7188,35.3662
1989-06-13,16.1448,4.6992,38.2998,19.7429,35.3767
1989-06-14,16.1414,4.7018,38.5555,19.7672,35.3872
1989-06-15,15.9547,4.6241,38.5976,19.7914,35.3977
1989-06-16,16.018,4.6181,39.0081,19.8157,35.4082
1989-06-19,16.0472,4.6066,38.9061,19.84,35.4187
1989-06-20,16.0164,4.5796,39.1404,19.8643,35.4292
1989-06-21,15.9781,4.5767,39.065,19.8887,35.4397
1989-06-22,16.1198,4.6051,39.4755,19.9131,35.4502
1989-06-23,16.3527,4.6493,39.5016,19.9375,35.4607
1989-06-26,16.2926,4.6353,40.0027,19.962,35.4712
1989-06-27,16.3847,4.6422,40.1676,19.9865,35.4818
1989-06-28,16.2557,4.58,39.9001,20.011,35.4923
1989-06-29,15.9499,4.4867,40.1717,20.0355,35.5028
1989-06-30,15.8676,4.4392,39.8188,20.0601,35.5133
1989-07-03,15.9341,4.4583,39.9783,20.0847,35.5239
1989-07-04,15.9341,4.4582,40.1645,20.1038,35.5346
1989-07-05,16.0063,4.4777,40.9485,20.1229,35.5454
1989-07-06,16.054,4.506,41.1507,20.142,35.5562
1989-07-07,16.2217,4.5474,40.942,20.1612,35.567
1989-07-10,16.3313,4.542,40.9093,20.1803,35.5778
1989-07-11,16.4167,4.5552,40.4283,20.1995,35.5886
1989-07-12,16.4682,4.5753,40.5345,20.2187,35.5994
1989-07-13,16.4752,4.5885,40.1069,20.2379,35.6102
1989-07-14,16.5716,4.6185,39.5779,20.2571,35.621
1989-07-17,16.6032,4.6374,39.556,20.2764,35.6318
1989-07-18,16.5497,4.5863,39.6728,20.2956,35.6426
1989-07-19,16.7684,4.6346,39.5654,20.3149,35.6534
1989-07-20,16.6573,4.58,39.6022,20.3342,35.6642
1989-07-21,16.7768,4.575,39.7457,20.3535,35.675
1989-07-24,16.6685,4.5153,39.697,20.3729,35.6859
1989-07-25,16.6803,4.513,39.6217,20.3922,35.6967
1989-07-26,16.89,4.5538,39.7332,20.4116,35.7075
1989-07-27,17.0899,4.6158,39.93,20.431,35.7183
1989-07-28,17.0983,4.6242,39.4545,20.4504,35.7292
1989-07-31,17.2991,4.6487,39.3045,20.4699,35.74
1989-08-01,17.1889,4.6174,39.3786,20.4893,35.7509
1989-08-02,17.221,4.6175,39.458,20.4759,35.7609
1989-08-03,17.2483,4.6548,39.4041,20.4626,35.7709
1989-08-04,17.2095,4.6673,39.5368,20.4492,35.7809
1989-08-07,17.4878,4.7458,39.0667,20.4359,35.7909
1989-08-08,17.4915,4.7669,39.0448,20.4225,35.8009
1989-08-09,17.3738,4.726,38.9054,20.4092,35.8109
1989-08-10,17.4413,4.7167,39.0382,20.3959,35.8209
1989-08-11,17.2692,4.6924,38.6162,20.3826,35.831
1989-08-14,17.1912,4.66,38.765,20.3693,35.841
1989-08-15,17.2747,4.6829,39.0631,20.356,35.851
1989-08-16,17.3252,4.6612,39.2226,20.3427,35.861
1989-08-17,17.2656,4.6889,38.9339,20.3294,35.8711
1989-08-18,17.345,4.7013,39.0773,20.3161,35.8811
1989-08-21,17.0794,4.6462,39.0394,20.3029,35.8912
1989-08-22,17.1076,4.6722,39.0922,20.2896,35.9012
1989-08-23,17.2833,4.7179,39.0702,20.2764,35.9112
1989-08-24,17.6254,4.7808,38.6429,20.2632,35.9213
1989-08-25,17.5776,4.79,38.4556,20.2499,35.9313
1989-08-28,17.664,4.8039,38.455,20.2367,35.9414
1989-08-29,17.5543,4.7787,38.385,20.2235,35.9514
1989-08-30,17.5953,4.8025,38.5551,20.2103,35.9615
1989-08-31,17.6354,4.8156,38.3839,20.1971,35.9716
1989-09-01,17.7549,4.8483,38.3406,20.1839,35.9816
1989-09-04,17.7549,4.8483,38.2814,20.1905,35.9927
1989-09-05,17.6981,4.8496,38.2488,20.197,36.0038
1989-09-06,17.5322,4.8082,38.4242,20.2036,36.0149
1989-09-07,17.4882,4.7979,38.3169,20.2101,36.0259
1989-09-08,17.5089,4.8295,38.359,20.2167,36.037
1989-09-11,17.4602,4.836,38.2251,20.2232,36.0481
1989-09-12,17.5135,4.8656,38.2512,20.2298,36.0592
1989-09-13,17.3514,4.8719,38.2399,20.2364,36.0703
1989-09-14,17.237,4.824,38.5593,20.2429,36.0814
1989-09-15,17.3328,4.8142,37.9454,20.2495,36.0925
1989-09-18,17.4173,4.8096,38.3662,20.2561,36.1036
1989-09-19,17.4159,4.8136,38.4669,20.2626,36.1147
1989-09-20,17.412,4.8216,38.6903,20.2692,36.1258
1989-09-21,17.376,4.8291,38.6951,20.2758,36.1369
1989-09-22,17.444,4.8559,38.9184,20.2824,36.1481
1989-09-25,17.3098,4.8558,39.1792,20.2889,36.1592
1989-09-26,17.3154,4.8554,39.2479,20.2955,36.1703
1989-09-27,17.3545,4.8539,39.3539,20.3021,36.1814
1989-09-28,17.5335,4.9069,39.0867,20.3087,36.1926
1989-09-29,17.5628,4.9099,39.0861,20.3153,36.2037
1989-10-02,17.6501,4.9472,39.0855,20.3219,36.2149
1989-10-03,17.8504,4.9607,38.9783,20.3394,36.2253
1989-10-04,17.9651,5.0076,39.031,20.357,36.2357
1989-10-05,17.9669,5.0258,39.0517,20.3746,36.2462
1989-10-06,18.059,5.0835,38.7099,20.3922,36.2566
1989-10-09,18.1104,5.1351,38.6986,20.4098,36.2671
1989-10-10,18.0768,5.1199,38.5914,20.4274,36.2775
1989-10-11,17.9695,5.0982,38.5002,20.445,36.288
1989-10-12,17.8886,5.0864,38.7235,20.4627,36.2984
1989-10-13,16.7944,4.8721,38.7283,20.4804,36.3089
1989-10-16,17.2607,4.8782,39.2821,20.4981,36.3194
1989-10-17,17.1765,4.8629,39.0949,20.5158,36.3298
1989-10-18,17.2067,4.9124,39.2916,20.5335,36.3403
1989-10-19,17.4773,5.0209,39.3017,20.5512,36.3508
1989-10-20,17.4791,5.0104,38.9865,20.569,36.3613
1989-10-23,17.3638,4.9607,38.9699,20.5867,36.3717
1989-10-24,17.307,4.9046,39.0866,20.6045,36.3822
1989-10-25,17.2489,4.9033,39.3046,20.6223,36.3927
1989-10-26,17.0221,4.8152,39.2987,20.6401,36.4032
1989-10-27,16.8774,4.7454,39.7245,20.6579,36.4137
1989-10-30,16.8807,4.7505,40.193,20.6758,36.4242
1989-10-31,17.1537,4.8272,40.0112,20.6936,36.4347
1989-11-01,17.1961,4.8423,39.7707,20.7115,36.4452
1989-11-02,17.0685,4.7585,39.898,20.7183,36.4554
1989-11-03,17.0259,4.7499,40.5637,20.725,36.4657
1989-11-06,16.7793,4.666,40.4831,20.7318,36.476
1989-11-07,16.8973,4.7194,40.9462,20.7386,36.4862
1989-11-08,17.0668,4.7783,40.8497,20.7454,36.4965
1989-11-09,16.9917,4.7844,41.2648,20.7521,36.5068
1989-11-10,17.1244,4.8251,41.0776,20.7589,36.517
1989-11-13,17.1536,4.8299,41.626,20.7657,36.5273
1989-11-14,17.077,4.7999,41.3855,20.7725,36.5376
1989-11-15,17.2068,4.821,41.7206,20.7793,36.5479
1989-11-16,17.2115,4.8069,41.72,20.7861,36.5582
1989-11-17,17.2658,4.8271,41.7833,20.7929,36.5685
1989-11-20,17.1537,4.8441,42.0918,20.7997,36.5788
1989-11-21,17.166,4.8298,42.5282,20.8065,36.5891
1989-11-22,17.2831,4.8485,43.6893,20.8133,36.5994
1989-11-23,17.283,4.8485,43.8645,20.8201,36.6097
1989-11-24,17.3892,4.8747,44.3168,20.8269,36.62
1989-11-27,17.4798,4.8489,44.0976,20.8337,36.6303
1989-11-28,17.4906,4.8475,43.6707,20.8405,36.6406
1989-11-29,17.381,4.8455,43.7073,20.8473,36.6509
1989-11-30,17.5019,4.8661,43.4988,20.8541,36.6612
1989-12-01,17.7385,4.8849,44.1056,20.8609,36.6715
1989-12-04,17.7856,4.9153,43.5454,20.8696,36.6823
1989-12-05,17.6958,4.928,43.0279,20.8783,36.693
1989-12-06,17.6438,4.8597,42.9313,20.887,36.7038
1989-12-07,17.5965,4.8728,43.2664,20.8956,36.7146
1989-12-08,17.6522,4.8568,43.6227,20.9043,36.7254
1989-12-11,17.653,4.7752,44.2774,20.913,36.7361
1989-12-12,17.8145,4.7218,44.2767,20.9217,36.7469
1989-12-13,17.8669,4.7241,44.0096,20.9304,36.7577
1989-12-14,17.7747,4.6903,43.5295,20.9391,36.7685
1989-12-15,17.7312,4.6423,43.9817,20.9478,36.7793
1989-12-18,17.4095,4.5709,43.4216,20.9565,36.7901
1989-12-19,17.348,4.5782,43.943,20.9652,36.8009
1989-12-20,17.3678,4.6226,43.9424,20.974,36.8117
1989-12-21,17.4664,4.6874,44.0056,20.9827,36.8225
1989-12-22,17.6095,4.7177,44.0049,20.9914,36.8333
1989-12-25,17.6094,4.7176,44.0043,21.0001,36.8441
1989-12-26,17.582,4.7174,43.977,21.0089,36.8549
1989-12-27,17.6834,4.8032,43.2571,21.0176,36.8658
1989-12-28,17.7779,4.8032,42.468,21.0263,36.8766
1989-12-29,17.9209,4.8521,42.4674,21.0351,36.8874
1990-01-01,17.9208,4.8521,42.4667,21.0438,36.8982
1990-01-02,18.2396,4.9363,42.5087,21.0339,36.9083
1990-01-03,18.1928,4.9011,42.0819,21.0239,36.9185
1990-01-04,18.0439,4.871,42.241,21.014,36.9286
1990-01-05,17.8682,4.8368,43.1459,21.0041,36.9387
1990-01-08,17.9503,4.8455,43.1027,20.9942,36.9489
1990-01-09,17.7386,4.7943,42.9795,20.9842,36.959
1990-01-10,17.6219,4.694,43.5807,20.9743,36.9692
1990-01-11,17.6837,4.6278,43.8997,20.9644,36.9793
1990-01-12,17.25,4.5257,44.3411,20.9545,36.9894
1990-01-15,17.1012,4.5001,44.2712,20.9446,36.9996
1990-01-16,17.2924,4.5933,43.9669,20.9347,37.0097
1990-01-17,17.1233,4.5648,43.7159,20.9248,37.0199
1990-01-18,17.1629,4.5641,44.0348,20.915,37.0301
1990-01-19,17.2124,4.6364,43.5282,20.9051,37.0402
1990-01-22,16.7688,4.5096,43.2452,20.8952,37.0504
1990-01-23,16.8311,4.497,43.4842,20.8853,37.0605
1990-01-24,16.457,4.481,44.815,20.8755,37.0707
1990-01-25,16.5547,4.46,44.2711,20.8656,37.0809
1990-01-26,16.5424,4.4051,44.5207,20.8557,37.0911
1990-01-29,16.5149,4.3793,44.5999,20.8459,37.1012
1990-01-30,16.4067,4.2839,44.5353,20.836,37.1114
1990-01-31,16.7165,4.3767,44.2045,20.8262,37.1216
1990-02-01,16.7041,4.4006,44.2837,20.8164,37.1318
1990-02-02,16.8146,4.4563,44.512,20.8114,37.1436
1990-02-05,16.874,4.4752,45.0491,20.8065,37.1554
1990-02-06,16.7686,4.4445,44.8408,20.8015,37.1672
1990-02-07,16.9802,4.482,45.1276,20.7966,37.179
1990-02-08,16.9409,4.4915,44.5146,20.7916,37.1908
1990-02-09,16.9824,4.5185,44.2477,20.7867,37.2026
1990-02-12,16.8081,4.4835,44.6037,20.7817,37.2144
1990-02-13,16.8609,4.4904,44.5179,20.7768,37.2262
1990-02-14,16.9123,4.509,44.1498,20.7719,37.238
1990-02-15,17.0601,4.5495,44.3674,20.7669,37.2499
1990-02-16,16.9542,4.5153,44.3508,20.762,37.2617
1990-02-19,16.9542,4.5153,44.3501,20.7571,37.2735
1990-02-20,16.7142,4.444,44.7168,20.7521,37.2854
1990-02-21,16.6981,4.4371,44.7214,20.7472,37.2972
1990-02-22,16.5993,4.4249,44.4705,20.7423,37.3091
1990-02-23,16.5246,4.373,44.2782,20.7373,37.3209
1990-02-26,16.7598,4.4343,43.793,20.7324,37.3328
1990-02-27,16.8438,4.4594,43.3931,20.7275,37.3446
1990-02-28,16.9306,4.5055,43.4084,20.7225,37.3565
1990-03-01,16.9759,4.5313,43.2587,20.7176,37.3683
1990-03-02,17.1189,4.584,43.1249,20.7192,37.3791
1990-03-05,17.0334,4.559,42.9273,20.7207,37.39
1990-03-06,17.2487,4.5714,43.1556,20.7223,37.4008
1990-03-07,17.199,4.5539,42.6385,20.7238,37.4116
1990-03-08,17.369,4.6179,42.6592,20.7254,37.4224
1990-03-09,17.257,4.6332,42.5095,20.7269,37.4333
1990-03-12,17.2956,4.6268,42.7164,20.7285,37.4441
1990-03-13,17.16,4.5831,42.2899,20.73,37.4549
1990-03-14,17.2048,4.5995,42.449,20.7316,37.4658
1990-03-15,17.2666,4.6257,42.5282,20.7331,37.4766
1990-03-16,17.463,4.7228,42.6499,20.7347,37.4874
1990-03-19,17.5466,4.7641,42.8037,20.7362,37.4983
1990-03-20,17.4473,4.7003,42.5422,20.7378,37.5091
1990-03-21,17.3542,4.6769,41.7272,20.7393,37.52
1990-03-22,17.1473,4.6052,41.7266,20.7409,37.5309
1990-03-23,17.2257,4.6474,41.8856,20.7424,37.5417
1990-03-26,17.2572,4.6895,39.4102,20.744,37.5526
1990-03-27,17.4555,4.7119,39.1701,20.7456,37.5634
1990-03-28,17.4814,4.6416,39.5952,20.7471,37.5743
1990-03-29,17.4195,4.6173,39.5414,20.7487,37.5852
1990-03-30,17.3779,4.6181,39.2215,20.7502,37.5961
1990-04-02,17.3174,4.6077,39.2102,20.7518,37.6069
1990-04-03,17.5728,4.6974,39.9121,20.7428,37.6183
1990-04-04,17.4499,4.6686,39.8317,20.7339,37.6297
1990-04-05,17.4319,4.6378,40.2727,20.7249,37.6411
1990-04-06,17.4002,4.6034,40.1976,20.716,37.6525
1990-04-09,17.4667,4.5955,40.0906,20.707,37.6639
1990-04-10,17.5026,4.6196,39.9303,20.6981,37.6754
1990-04-11,17.4949,4.6477,39.8552,20.6892,37.6868
1990-04-12,17.62,4.6806,39.961,20.6802,37.6982
1990-04-13,17.62,4.6805,39.9604,20.6713,37.7096
1990-04-16,17.6421,4.6996,39.9598,20.6624,37.721
1990-04-17,17.6392,4.6903,39.7996,20.6535,37.7325
1990-04-18,17.4375,4.6176,39.8788,20.6445,37.7439
1990-04-19,17.3029,4.5683,39.9846,20.6356,37.7553
1990-04-20,17.1512,4.5195,40.0106,20.6267,37.7668
1990-04-23,16.9448,4.4547,39.9302,20.6178,37.7782
1990-04-24,16.9107,4.4358,40.0945,20.6089,37.7897
1990-04-25,16.998,4.4535,39.5246,20.6,37.8011
1990-04-26,17.0461,4.458,39.54,20.5911,37.8126
1990-04-27,16.8515,4.4121,39.5394,20.5823,37.824
1990-04-30,16.9426,4.4585,39.1291,20.5734,37.8355
1990-05-01,17.0214,4.485,39.3147,20.5645,37.8469
1990-05-02,17.1366,4.5166,39.3247,20.5842,37.8573
1990-05-03,17.1974,4.551,39.3561,20.6039,37.8677
1990-05-04,17.3508,4.6077,39.5044,20.6236,37.8781
1990-05-07,17.4659,4.658,39.5038,20.6434,37.8885
1990-05-08,17.548,4.661,39.4341,20.6631,37.899
1990-05-09,17.5952,4.6666,39.3962,20.6829,37.9094
1990-05-10,17.6471,4.6964,39.5499,20.7027,37.9198
1990-05-11,18.071,4.7848,39.2088,20.7225,37.9302
1990-05-14,18.2206,4.8491,39.2561,20.7424,37.9406
1990-05-15,18.1974,4.8627,39.1225,20.7622,37.951
1990-05-16,18.187,4.8764,39.3453,20.7821,37.9615
1990-05-17,18.2119,4.9092,39.2756,20.802,37.9719
1990-05-18,18.2208,4.9497,39.3495,20.8219,37.9823
1990-05-21,18.3974,5.0299,39.6893,20.8419,37.9928
1990-05-22,18.4299,5.0435,39.9014,20.8618,38.0032
1990-05-23,18.4747,5.1131,38.7732,20.8818,38.0137
1990-05-24,18.4316,5.1342,38.9854,20.9018,38.0241
1990-05-25,18.2427,5.0294,38.9848,20.9218,38.0345
1990-05-28,18.2426,5.0293,38.9842,20.9418,38.045
1990-05-29,18.5594,5.1082,39.1112,20.9619,38.0554
1990-05-30,18.5707,5.1193,38.9724,20.982,38.0659
1990-05-31,18.5932,5.1148,38.6154,21.0021,38.0764
1990-06-01,18.6942,5.1523,38.6574,21.0222,38.0868
1990-06-04,18.9161,5.2005,37.9761,21.0319,38.0983
1990-06-05,18.8792,5.1514,38.0872,21.0416,38.1098
1990-06-06,18.7936,5.1559,38.2355,21.0513,38.1212
1990-06-07,18.701,5.1413,37.5223,21.061,38.1327
1990-06-08,18.4724,5.0838,37.5962,21.0707,38.1442
1990-06-11,18.631,5.1318,37.7233,21.0804,38.1557
1990-06-12,18.8699,5.2002,37.8344,21.0901,38.1671
1990-06-13,18.8009,5.2423,37.2754,21.0998,38.1786
1990-06-14,18.6983,5.2089,36.7803,21.1095,38.1901
1990-06-15,18.6992,5.2147,36.8914,21.1193,38.2016
1990-06-18,18.3894,5.1264,37.1408,21.129,38.2131
1990-06-19,18.4729,5.1278,37.0764,21.1387,38.2246
1990-06-20,18.5054,5.1395,36.8898,21.1485,38.2361
1990-06-21,18.5762,5.1574,37.1923,21.1582,38.2476
1990-06-22,18.3165,5.1053,37.0481,21.168,38.2592
1990-06-25,18.1662,5.0441,37.5793,21.1778,38.2707
1990-06-26,18.1539,5.0446,37.148,21.1875,38.2822
1990-06-27,18.3129,5.0881,37.2857,21.1973,38.2937
1990-06-28,18.4427,5.1414,37.4606,21.2071,38.3052
1990-06-29,18.4663,5.164,37.4494,21.2168,38.3168
1990-07-02,18.545,5.1631,38.0017,21.2266,38.3283
1990-07-03,18.5846,5.158,38.4902,21.2408,38.3389
1990-07-04,18.5845,5.1579,38.5428,21.2551,38.3496
1990-07-05,18.3565,5.1387,38.2445,21.2693,38.3602
1990-07-06,18.498,5.1639,38.3981,21.2835,38.3709
1990-07-09,18.556,5.1884,38.3018,21.2978,38.3816
1990-07-10,18.4002,5.168,37.6367,21.3121,38.3922
1990-07-11,18.6446,5.2138,37.6681,21.3263,38.4029
1990-07-12,18.8617,5.2712,37.3645,21.3406,38.4135
1990-07-13,18.9585,5.2996,38.6556,21.3549,38.4242
1990-07-16,19.0471,5.3307,38.6178,21.3692,38.4349
1990-07-17,18.9734,5.2299,38.3462,21.3835,38.4455
1990-07-18,18.8039,5.1583,38.2074,21.3978,38.4562
1990-07-19,18.8609,5.1188,38.5151,21.4122,38.4669
1990-07-20,18.6692,5.033,38.3763,21.4265,38.4776
1990-07-23,18.3457,4.9234,38.9179,21.4409,38.4883
1990-07-24,18.3707,4.904,39.1937,21.4552,38.4989
1990-07-25,18.4391,4.9534,39.6236,21.4696,38.5096
1990-07-26,18.3795,4.9194,39.1978,21.484,38.5203
1990-07-27,18.2553,4.8855,38.9846,21.4984,38.531
1990-07-30,18.3685,4.8483,39.0425,21.5128,38.5417
1990-07-31,18.4058,4.8367,39.5733,21.5272,38.5524
1990-08-01,18.3741,4.8308,39.3974,21.5416,38.5631
1990-08-02,18.1682,4.7411,40.465,21.5559,38.5732
1990-08-03,17.8287,4.6032,40.2837,21.5701,38.5833
1990-08-06,17.3013,4.3618,40.6285,21.5844,38.5934
1990-08-07,17.3301,4.3877,40.7342,21.5987,38.6035
1990-08-08,17.5127,4.451,40.893,21.613,38.6136
1990-08-09,17.599,4.5277,40.7701,21.6273,38.6237
1990-08-10,17.3752,4.465,41.3806,21.6416,38.6339
1990-08-13,17.5526,4.4907,42.9689,21.6559,38.644
1990-08-14,17.5837,4.5096,43.7335,21.6702,38.6541
1990-08-15,17.6195,4.5133,42.3406,21.6846,38.6642
1990-08-16,17.2253,4.3774,42.7863,21.6989,38.6743
1990-08-17,16.9892,4.2617,43.6358,21.7133,38.6844
1990-08-20,17.0279,4.1805,43.3323,21.7277,38.6946
1990-08-21,16.6851,4.0756,43.9745,21.742,38.7047
1990-08-22,16.4103,4.0054,43.4372,21.7564,38.7148
1990-08-23,15.9184,3.8599,43.8244,21.7708,38.725
1990-08-24,16.1491,4.0043,43.6006,21.7852,38.7351
1990-08-27,16.6702,4.1993,43.5999,21.7997,38.7452
1990-08-28,16.6711,4.2194,41.2562,21.8141,38.7554
1990-08-29,16.8202,4.1761,40.8358,21.8285,38.7655
1990-08-30,16.536,4.1289,41.4143,21.843,38.7757
1990-08-31,16.7408,4.1914,41.2011,21.8574,38.7858
1990-09-03,16.7407,4.1914,41.0943,21.8719,38.796
1990-09-04,16.7723,4.2158,40.5252,21.897,38.8073
1990-09-05,16.8397,4.1956,40.7264,21.922,38.8186
1990-09-06,16.6367,4.1275,41.1721,21.9472,38.8299
1990-09-07,16.7896,4.152,40.8633,21.9723,38.8412
1990-09-10,16.7055,4.1703,40.8521,21.9975,38.8526
1990-09-11,16.6776,4.1338,40.2139,22.0227,38.8639
1990-09-12,16.7554,4.1639,40.5905,22.0479,38.8752
1990-09-13,16.5533,4.1068,40.6058,22.0732,38.8865
1990-09-14,16.4593,4.1024,41.0302,22.0985,38.8979
1990-09-17,16.5093,4.1042,41.3695,22.1238,38.9092
1990-09-18,16.5616,4.1004,41.0077,22.1492,38.9206
1990-09-19,16.4577,4.0862,41.0602,22.1746,38.9319
1990-09-20,16.1947,3.9824,41.1073,22.2,38.9432
1990-09-21,16.1867,3.9655,41.3564,22.2254,38.9546
1990-09-24,15.8439,3.8443,41.6957,22.2509,38.966
1990-09-25,16.0364,3.9115,42.8901,22.2764,38.9773
1990-09-26,15.8702,3.8843,42.7779,22.3019,38.9887
1990-09-27,15.6606,3.7703,42.9101,22.3275,39
1990-09-28,15.9249,3.8323,43.3821,22.3531,39.0114
1990-10-01,16.3926,3.9985,42.0962,22.3787,39.0228
1990-10-02,16.4067,4.0025,41.1979,22.4011,39.0326
1990-10-03,16.2188,3.9069,41.3619,22.4236,39.0424
1990-10-04,16.2862,3.885,42.0358,22.446,39.0522
1990-10-05,16.2248,3.8605,42.0192,22.4685,39.0621
1990-10-08,16.3276,3.8865,41.5087,22.4911,39.0719
1990-10-09,15.8924,3.7579,42.1666,22.5136,39.0817
1990-10-10,15.6474,3.6678,41.6137,22.5362,39.0916
1990-10-11,15.3905,3.5754,41.2095,22.5587,39.1014
1990-10-12,15.6284,3.6082,41.2354,22.5814,39.1113
1990-10-15,15.7987,3.6652,40.4329,22.604,39.1211
1990-10-16,15.5744,3.5817,38.7383,22.6266,39.131
1990-10-17,15.5668,3.6202,38.8704,22.6493,39.1408
1990-10-18,15.9307,3.7307,39.0663,22.672,39.1507
1990-10-19,16.2822,3.7792,39.5064,22.6947,39.1605
1990-10-22,16.403,3.8645,39.0279,22.7175,39.1704
1990-10-23,16.2779,3.8609,39.4681,22.7402,39.1802
1990-10-24,16.291,3.8624,39.4091,22.763,39.1901
1990-10-25,16.1654,3.8379,39.8279,22.7858,39.1999
1990-10-26,15.885,3.7702,39.684,22.8087,39.2098
1990-10-29,15.7405,3.717,39.5772,22.8315,39.2197
1990-10-30,15.8585,3.7438,39.6881,22.8544,39.2296
1990-10-31,15.8556,3.7343,40.298,22.8773,39.2394
1990-11-01,16.016,3.7414,40.393,22.9003,39.2493
1990-11-02,16.2699,3.8275,40.0844,22.9209,39.2595
1990-11-05,16.4336,3.9052,40.0201,22.9416,39.2697
1990-11-06,16.282,3.9009,40.269,22.9622,39.2799
1990-11-07,15.9903,3.832,40.879,22.9829,39.2901
1990-11-08,16.0823,3.8455,40.8518,23.0037,39.3003
1990-11-09,16.4102,3.9436,40.952,23.0244,39.3106
1990-11-12,16.7103,4.0828,40.4205,23.0452,39.3208
1990-11-13,16.6177,4.1088,40.7172,23.0659,39.331
1990-11-14,16.7635,4.1645,40.759,23.0867,39.3412
1990-11-15,16.5874,4.1017,40.132,23.1076,39.3515
1990-11-16,16.5977,4.0024,39.9509,23.1284,39.3617
1990-11-19,16.7142,4.0473,40.1096,23.1492,39.3719
1990-11-20,16.5037,3.9667,40.3425,23.1701,39.3822
1990-11-21,16.5423,3.9801,40.0553,23.191,39.3924
1990-11-22,16.5423,3.9801,40.3413,23.2119,39.4026
1990-11-23,16.4936,3.9875,40.7228,23.2328,39.4129
1990-11-26,16.5733,4.0056,41.0725,23.2538,39.4231
1990-11-27,16.6629,4.0933,40.7428,23.2748,39.4334
1990-11-28,16.6553,4.1046,40.8696,23.2957,39.4436
1990-11-29,16.5755,4.1352,41.0601,23.3167,39.4539
1990-11-30,16.8793,4.1669,40.8524,23.3378,39.4641
1990-12-03,16.9892,4.209,40.406,23.3588,39.4744
1990-12-04,17.1105,4.2323,40.0816,23.3722,39.4843
1990-12-05,17.2978,4.3063,39.9111,23.3857,39.4941
1990-12-06,17.2543,4.3162,39.2737,23.3991,39.504
1990-12-07,17.1858,4.3131,39.358,23.4125,39.5138
1990-12-10,17.2485,4.3152,39.7023,23.426,39.5237
1990-12-11,17.1267,4.2527,39.4948,23.4395,39.5336
1990-12-12,17.3234,4.2845,39.3668,23.4529,39.5435
1990-12-13,17.2799,4.2846,39.4829,23.4664,39.5533
1990-12-14,17.1477,4.2435,39.6097,23.4799,39.5632
1990-12-17,17.1066,4.2201,39.9381,23.4934,39.5731
1990-12-18,17.3189,4.3106,40.0542,23.5069,39.583
1990-12-19,17.3278,4.336,40.2128,23.5204,39.5929
1990-12-20,17.3235,4.3598,40.9074,23.5339,39.6027
1990-12-21,17.4088,4.3866,40.7263,23.5474,39.6126
1990-12-24,17.3248,4.3533,40.7257,23.561,39.6225
1990-12-25,17.3247,4.3533,40.7251,23.5745,39.6324
1990-12-26,17.3756,4.3392,40.7245,23.5881,39.6423
1990-12-27,17.2415,4.3087,40.623,23.6016,39.6522
1990-12-28,17.2693,4.3143,40.9832,23.6152,39.6621
1990-12-31,17.3481,4.3382,40.9826,23.6288,39.672
1991-01-01,17.348,4.3382,40.982,23.6423,39.6819
1991-01-02,17.1502,4.3216,41.4695,23.6468,39.6906
1991-01-03,16.9123,4.2487,40.9913,23.6513,39.6993
1991-01-04,16.8698,4.258,41.1074,23.6558,39.7079
1991-01-07,16.5814,4.1611,41.4994,23.6603,39.7166
1991-01-08,16.553,4.1555,41.3502,23.6648,39.7253
1991-01-09,16.3751,4.1467,41.0737,23.6692,39.734
1991-01-10,16.5345,4.2417,41.4391,23.6737,39.7427
1991-01-11,16.5717,4.2442,41.4438,23.6782,39.7514
1991-01-14,16.4315,4.1917,42.292,23.6827,39.76
1991-01-15,16.4971,4.2255,42.2808,23.6872,39.7687
1991-01-16,16.6263,4.3903,42.7576,23.6917,39.7774
1991-01-17,17.2467,4.5267,40.2106,23.6962,39.7861
1991-01-18,17.4722,4.575,40.1304,23.7007,39.7948
1991-01-21,17.4108,4.637,40.1244,23.7052,39.8035
1991-01-22,17.2664,4.5853,40.4209,23.7097,39.8122
1991-01-23,17.3668,4.6686,40.1338,23.7142,39.8209
1991-01-24,17.6102,4.7542,39.5709,23.7187,39.8296
1991-01-25,17.6786,4.7807,39.7029,23.7232,39.8383
1991-01-28,17.6799,4.8072,39.7289,23.7276,39.847
1991-01-29,17.6747,4.8554,39.9723,23.7321,39.8557
1991-01-30,17.9431,4.9593,38.9426,23.7366,39.8644
1991-01-31,18.1021,5.0274,38.8253,23.7411,39.8731
1991-02-01,18.0567,5.0711,38.6656,23.7456,39.8819
1991-02-04,18.3482,5.1235,38.9462,23.7418,39.8917
1991-02-05,18.5119,5.225,38.8872,23.7379,39.9015
1991-02-06,18.8714,5.3437,38.2661,23.734,39.9113
1991-02-07,18.7953,5.2651,38.5996,23.7302,39.9211
1991-02-08,18.9472,5.2878,39.2461,23.7263,39.9309
1991-02-11,19.4426,5.3922,38.9114,23.7224,39.9407
1991-02-12,19.283,5.3683,38.6509,23.7185,39.9505
1991-02-13,19.4726,5.4144,38.8996,23.7147,39.9604
1991-02-14,19.2201,5.3117,39.0475,23.7108,39.9702
1991-02-15,19.4791,5.3711,38.7658,23.7069,39.98
1991-02-18,19.479,5.371,38.5796,23.7031,39.9899
1991-02-19,19.4978,5.4246,38.4995,23.6992,39.9997
1991-02-20,19.2741,5.3585,38.6739,23.6953,40.0095
1991-02-21,19.2651,5.3389,38.4187,23.6915,40.0194
1991-02-22,19.306,5.3774,38.0523,23.6876,40.0292
1991-02-25,19.3975,5.4077,37.9297,23.6837,40.039
1991-02-26,19.1658,5.3593,38.0988,23.6799,40.0489
1991-02-27,19.4271,5.4006,38.1778,23.676,40.0587
1991-02-28,19.3954,5.4092,38.4635,23.6722,40.0686
1991-03-01,19.5765,5.4584,38.9083,23.6683,40.0784
1991-03-04,19.5227,5.4797,38.754,23.6718,40.0873
1991-03-05,19.9151,5.67,38.6526,23.6753,40.0962
1991-03-06,19.8868,5.6909,38.8323,23.6788,40.1051
1991-03-07,19.8749,5.7215,38.8636,23.6823,40.114
1991-03-08,19.8272,5.6846,39.075,23.6857,40.123
1991-03-11,19.7275,5.5184,38.7934,23.6892,40.1319
1991-03-12,19.5737,5.4209,38.6232,23.6927,40.1408
1991-03-13,19.8147,5.5592,38.8082,23.6962,40.1497
1991-03-14,19.7585,5.5316,38.6591,23.6997,40.1586
1991-03-15,19.7631,5.5064,38.807,23.7032,40.1675
1991-03-18,19.6852,5.5279,38.4141,23.7067,40.1764
1991-03-19,19.3945,5.4894,38.6467,23.7102,40.1854
1991-03-20,19.4647,5.5378,38.6462,23.7137,40.1943
1991-03-21,19.3944,5.4703,38.4176,23.7172,40.2032
1991-03-22,19.4509,5.4551,38.4594,23.7207,40.2121
1991-03-25,19.5777,5.5309,38.0878,23.7242,40.2211
1991-03-26,19.9202,5.7232,37.8062,23.7277,40.23
1991-03-27,19.8701,5.7639,37.5353,23.7312,40.2389
1991-03-28,19.8634,5.7282,37.7044,23.7347,40.2479
1991-03-29,19.8634,5.7281,37.7038,23.7382,40.2568
1991-04-01,19.6609,5.7214,37.7032,23.7417,40.2658
1991-04-02,20.0963,5.9215,37.8988,23.7509,40.2739
1991-04-03,20.0684,5.9495,38.0784,23.7601,40.2821
1991-04-04,20.1211,5.9957,37.993,23.7693,40.2903
1991-04-05,19.8875,5.9557,38.003,23.7785,40.2985
1991-04-08,20.063,5.9603,38.2675,23.7878,40.3067
1991-04-09,19.794,5.9015,38.5849,23.797,40.3148
1991-04-10,19.7722,5.861,38.5154,23.8062,40.323
1991-04-11,20.0099,6.0206,38.3452,23.8155,40.3312
1991-04-12,20.1565,6.0369,38.3658,23.8247,40.3394
1991-04-15,20.2022,6.0171,38.1691,23.8339,40.3476
1991-04-16,20.5432,6.0979,38.2852,23.8432,40.3558
1991-04-17,20.6937,6.1271,38.2263,23.8524,40.364
1991-04-18,20.5884,6.0059,38.0667,23.8617,40.3722
1991-04-19,20.3633,5.9242,37.7482,23.8709,40.3804
1991-04-22,20.1924,5.8663,37.7741,23.8802,40.3886
1991-04-23,20.2353,5.8839,37.6781,23.8895,40.3968
1991-04-24,20.2895,5.9356,37.7093,23.8987,40.405
1991-04-25,20.1045,5.88,37.4385,23.908,40.4132
1991-04-26,20.094,5.8655,37.4379,23.9173,40.4214
1991-04-29,19.8137,5.754,37.2095,23.9265,40.4296
1991-04-30,19.9089,5.7002,37.9137,23.9358,40.4378
1991-05-01,20.1712,5.7123,37.7806,23.9451,40.446
1991-05-02,20.1838,5.7619,37.531,23.9499,40.4539
1991-05-03,20.2012,5.7747,37.6735,23.9547,40.4618
1991-05-06,20.1761,5.7794,37.6729,23.9594,40.4697
1991-05-07,20.0397,5.7559,37.7412,23.9642,40.4775
1991-05-08,20.1029,5.7758,37.8201,23.969,40.4854
1991-05-09,20.3637,5.8638,37.8143,23.9738,40.4933
1991-05-10,19.9683,5.8091,37.7978,23.9786,40.5012
1991-05-13,20.0281,5.8151,37.8131,23.9833,40.5091
1991-05-14,19.7568,5.7524,37.9291,23.9881,40.517
1991-05-15,19.5968,5.5798,38.1298,23.9929,40.5249
1991-05-16,19.793,5.6356,37.7213,23.9977,40.5327
1991-05-17,19.8137,5.6306,37.6254,24.0025,40.5406
1991-05-20,19.8122,5.5907,37.6142,24.0073,40.5485
1991-05-21,19.9777,5.6476,37.7514,24.0121,40.5564
1991-05-22,20.0229,5.7435,37.7985,24.0169,40.5643
1991-05-23,19.9582,5.7755,37.6019,24.0217,40.5722
1991-05-24,20.0977,5.8258,37.6967,24.0265,40.5801
1991-05-27,20.0977,5.8258,37.6961,24.0312,40.588
1991-05-28,20.341,5.9094,37.6796,24.036,40.5959
1991-05-29,20.3867,5.9306,38.2988,24.0408,40.6038
1991-05-30,20.6097,5.9929,38.2506,24.0456,40.6117
1991-05-31,20.7663,6.0309,38.1811,24.0504,40.6196
1991-06-03,20.6784,6.0726,38.456,24.0552,40.6276
1991-06-04,20.6637,6.0768,38.3918,24.0447,40.6367
1991-06-05,20.5226,5.9954,38.3913,24.0342,40.6459
1991-06-06,20.4461,5.9271,38.6502,24.0238,40.655
1991-06-07,20.2225,5.8484,38.8774,24.0133,40.6642
1991-06-10,20.1833,5.8009,39.4276,24.0028,40.6733
1991-06-11,20.3195,5.8199,39.3264,23.9923,40.6825
1991-06-12,20.0845,5.7342,39.4052,23.9819,40.6916
1991-06-13,20.1387,5.7233,39.161,23.9714,40.7008
1991-06-14,20.3867,5.7883,38.9539,23.9609,40.71
1991-06-17,20.2725,5.7833,38.8526,23.9505,40.7191
1991-06-18,20.1918,5.7381,39.2175,23.94,40.7283
1991-06-19,20.0054,5.6254,38.915,23.9296,40.7375
1991-06-20,20.0232,5.6317,38.9356,23.9191,40.7466
1991-06-21,20.1472,5.6256,38.792,23.9087,40.7558
1991-06-24,19.7943,5.4225,38.2248,23.8983,40.765
1991-06-25,19.7801,5.4248,38.4837,23.8878,40.7742
1991-06-26,19.831,5.4562,38.7743,23.8774,40.7833
1991-06-27,19.9809,5.5168,38.6361,23.867,40.7925
1991-06-28,19.8134,5.4938,39.0115,23.8566,40.8017
1991-07-01,20.1746,5.6002,39.0691,23.8462,40.8109
1991-07-02,20.1505,5.5347,38.8779,23.8616,40.8188
1991-07-03,19.9377,5.4555,39.105,23.8771,40.8268
1991-07-04,19.9376,5.4554,39.1044,23.8926,40.8347
1991-07-05,19.9809,5.4456,39.1726,23.908,40.8427
1991-07-08,20.1875,5.5959,39.2091,23.9235,40.8506
1991-07-09,20.0916,5.6337,39.0973,23.939,40.8586
1991-07-10,20.0718,5.6908,39.2767,23.9546,40.8666
1991-07-11,20.1372,5.7019,39.0008,23.9701,40.8745
1991-07-12,20.3126,5.7797,38.9526,23.9856,40.8825
1991-07-15,20.4305,5.8112,38.9467,24.0011,40.8904
1991-07-16,20.3856,5.7155,39.0414,24.0167,40.8984
1991-07-17,20.3671,5.6918,39.062,24.0323,40.9064
1991-07-18,20.5911,5.7534,39.0719,24.0478,40.9143
1991-07-19,20.5297,5.7683,39.1772,24.0634,40.9223
1991-07-22,20.4598,5.7124,39.1502,24.079,40.9303
1991-07-23,20.2749,5.6039,38.9007,24.0946,40.9382
1991-07-24,20.2337,5.5722,38.7519,24.1102,40.9462
1991-07-25,20.3587,5.6444,38.6349,24.1258,40.9542
1991-07-26,20.3581,5.7096,38.5496,24.1415,40.9621
1991-07-29,20.4802,5.7183,38.6549,24.1571,40.9701
1991-07-30,20.6749,5.8196,38.2572,24.1728,40.9781
1991-07-31,20.7352,5.881,38.4155,24.1884,40.9861
1991-08-01,20.6993,5.926,38.4731,24.2041,40.9941
1991-08-02,20.7053,5.9525,37.8796,24.2253,41.0021
1991-08-05,20.6001,5.8809,37.7414,24.2466,41.0102
1991-08-06,20.9075,5.9366,37.7938,24.2679,41.0182
1991-08-07,20.9126,5.9755,37.772,24.2892,41.0263
1991-08-08,20.8493,6.0234,37.8562,24.3106,41.0343
1991-08-09,20.738,6.0103,37.9191,24.3319,41.0424
1991-08-12,20.7921,6.0555,37.9185,24.3533,41.0504
1991-08-13,20.8788,6.1034,37.7697,24.3747,41.0585
1991-08-14,20.8967,6.1521,37.6686,24.3961,41.0665
1991-08-15,20.8674,6.0891,37.9327,24.4175,41.0746
1991-08-16,20.6697,6.0393,37.8686,24.4389,41.0827
1991-08-19,20.1853,5.8762,38.2332,24.4604,41.0907
1991-08-20,20.3441,5.9245,37.4493,24.4819,41.0988
1991-08-21,20.943,6.1808,37.7133,24.5034,41.1069
1991-08-22,20.9835,6.1482,37.7022,24.5249,41.1149
1991-08-23,21.1357,6.1961,37.437,24.5464,41.123
1991-08-26,21.1257,6.1944,37.4364,24.568,41.1311
1991-08-27,21.0879,6.196,37.4464,24.5895,41.1391
1991-08-28,21.2831,6.2629,37.52,24.6111,41.1472
1991-08-29,21.2745,6.2351,37.1754,24.6327,41.1553
1991-08-30,21.2245,6.2095,36.7674,24.6544,41.1634
1991-09-02,21.2244,6.2094,36.825,24.676,41.1714
1991-09-03,21.0512,6.1429,36.761,24.7001,41.1796
1991-09-04,20.9356,6.0885,36.9033,24.7242,41.1877
1991-09-05,20.8912,6.0652,36.7651,24.7483,41.1958
1991-09-06,20.8897,6.0485,36.8333,24.7725,41.2039
1991-09-09,20.8689,6.0781,37.0974,24.7967,41.2121
1991-09-10,20.6604,5.971,37.2185,24.8209,41.2202
1991-09-11,20.6891,6.0416,36.5354,24.8451,41.2283
1991-09-12,20.8102,6.169,36.6247,24.8693,41.2364
1991-09-13,20.6092,6.0381,36.4284,24.8936,41.2446
1991-09-16,20.7355,6.0182,36.5496,24.9179,41.2527
1991-09-17,20.7223,6.0077,36.6284,24.9422,41.2608
1991-09-18,20.7995,6.0712,36.8553,24.9666,41.269
1991-09-19,20.8329,6.1247,36.8865,24.9909,41.2771
1991-09-20,20.856,6.1921,36.8859,25.0153,41.2852
1991-09-23,20.7488,6.1538,36.9541,25.0397,41.2934
1991-09-24,20.853,6.2074,37.234,25.0642,41.3015
1991-09-25,20.8095,6.2428,37.3233,25.0886,41.3097
1991-09-26,20.7887,6.2196,37.2328,25.1131,41.3178
1991-09-27,20.757,6.1769,36.8672,25.1376,41.326
1991-09-30,20.8678,6.2113,37.5491,25.1621,41.3341
1991-10-01,20.9408,6.2293,37.448,25.1867,41.3423
1991-10-02,20.8898,6.1577,37.6643,25.2,41.3493
1991-10-03,20.6865,6.0572,37.7484,25.2132,41.3562
1991-10-04,20.5228,6.0594,37.6949,25.2265,41.3632
1991-10-07,20.4307,6.0244,38.0541,25.2398,41.3702
1991-10-08,20.4948,6.0488,37.8313,25.2531,41.3772
1991-10-09,20.2868,5.9728,37.836,25.2663,41.3842
1991-10-10,20.4885,6.029,38.0312,25.2796,41.3912
1991-10-11,20.5403,6.0805,37.8454,25.2929,41.3982
1991-10-14,20.8104,6.2028,37.9242,25.3063,41.4052
1991-10-15,21.056,6.3355,37.8231,25.3196,41.4122
1991-10-16,21.1526,6.4293,37.7168,25.3329,41.4192
1991-10-17,21.1059,6.3171,37.9013,25.3462,41.4262
1991-10-18,21.1369,6.331,38.0383,25.3596,41.4332
1991-10-21,21.0043,6.2824,38.4819,25.3729,41.4403
1991-10-22,20.8864,6.2807,38.328,25.3863,41.4473
1991-10-23,20.8924,6.2496,38.3115,25.3996,41.4543
1991-10-24,20.7377,6.1697,38.184,25.413,41.4613
1991-10-25,20.6919,6.1111,38.2892,25.4264,41.4683
1991-10-28,20.9832,6.1853,37.9184,25.4398,41.4753
1991-10-29,21.0939,6.2654,37.8015,25.4532,41.4823
1991-10-30,21.1735,6.3654,38.0072,25.4666,41.4893
1991-10-31,21.1466,6.3175,37.8056,25.48,41.4963
1991-11-01,21.0862,6.2635,37.8368,25.4934,41.5034
1991-11-04,21.0474,6.1971,37.6881,25.5099,41.5103
1991-11-05,20.9733,6.2428,37.7087,25.5264,41.5172
1991-11-06,21.0468,6.2509,37.4913,25.543,41.5242
1991-11-07,21.2523,6.3253,37.4908,25.5595,41.5311
1991-11-08,21.2178,6.383,37.321,25.5761,41.5381
1991-11-11,21.23,6.4325,37.5319,25.5927,41.545
1991-11-12,21.427,6.5214,37.5155,25.6092,41.5519
1991-11-13,21.4651,6.5401,37.7053,25.6258,41.5589
1991-11-14,21.4532,6.5015,37.6307,25.6424,41.5658
1991-11-15,20.6686,6.1445,37.5931,25.6591,41.5728
1991-11-18,20.817,6.2324,38.1477,25.6757,41.5797
1991-11-19,20.5029,6.1416,38.385,25.6923,41.5867
1991-11-20,20.4562,6.1592,38.3421,25.709,41.5936
1991-11-21,20.5391,6.2327,38.5213,25.7256,41.6006
1991-11-22,20.333,6.1832,38.9067,25.7423,41.6075
1991-11-25,20.2952,6.1118,39.0277,25.759,41.6145
1991-11-26,20.4366,6.1358,38.7257,25.7757,41.6214
1991-11-27,20.3634,6.1594,38.815,25.7924,41.6284
1991-11-28,20.3633,6.1593,38.7034,25.8091,41.6354
1991-11-29,20.293,6.1499,38.7292,25.8258,41.6423
1991-12-02,20.6352,6.3472,38.9454,25.8426,41.6493
1991-12-03,20.6163,6.3475,38.3686,25.8689,41.6552
1991-12-04,20.5695,6.3726,38.6165,25.8953,41.6611
1991-12-05,20.4252,6.3558,38.563,25.9217,41.667
1991-12-06,20.518,6.3948,38.8796,25.9481,41.6729
1991-12-09,20.476,6.3867,39.1909,25.9746,41.6788
1991-12-10,20.4632,6.3987,38.9101,26.001,41.6847
1991-12-11,20.4527,6.3665,38.7457,26.0275,41.6906
1991-12-12,20.6615,6.4342,38.005,26.0541,41.6965
1991-12-13,20.8198,6.5066,37.9569,26.0806,41.7024
1991-12-16,20.8202,6.543,38.0197,26.1072,41.7083
1991-12-17,20.7296,6.4537,37.7813,26.1338,41.7142
1991-12-18,20.7696,6.4693,37.8336,26.1605,41.7201
1991-12-19,20.7177,6.3596,37.9387,26.1871,41.726
1991-12-20,20.9633,6.3874,37.8747,26.2138,41.7319
1991-12-23,21.4931,6.5487,38.0168,26.2406,41.7378
1991-12-24,21.6425,6.6305,38.0163,26.2673,41.7437
1991-12-25,21.6424,6.6305,38.0157,26.2941,41.7496
1991-12-26,21.9422,6.7728,38.0151,26.3209,41.7555
1991-12-27,22.0354,6.8396,37.3433,26.3477,41.7614
1991-12-30,22.5063,7.0546,37.3269,26.3746,41.7673
1991-12-31,22.6118,7.1435,37.3263,26.4015,41.7733
1992-01-01,22.6118,7.1434,37.3257,26.4284,41.7792
1992-01-02,22.6216,7.1976,37.0874,26.4128,41.7853
1992-01-03,22.7346,7.229,37.3088,26.3973,41.7914
1992-01-06,22.669,7.2737,36.9277,26.3817,41.7975
1992-01-07,22.6397,7.333,36.9588,26.3662,41.8036
1992-01-08,22.6773,7.4332,37.0534,26.3507,41.8097
1992-01-09,22.6523,7.5633,37.1532,26.3352,41.8158
1992-01-10,22.516,7.494,37.8238,26.3197,41.8219
1992-01-13,22.4753,7.5189,37.4005,26.3042,41.828
1992-01-14,22.8067,7.6122,37.3682,26.2887,41.8341
1992-01-15,22.8264,7.677,37.5737,26.2732,41.8403
1992-01-16,22.6882,7.5975,37.6999,26.2578,41.8464
1992-01-17,22.7249,7.5503,37.6095,26.2423,41.8525
1992-01-20,22.589,7.3792,37.9101,26.2269,41.8586
1992-01-21,22.3876,7.0819,37.8091,26.2114,41.8647
1992-01-22,22.6855,7.4765,37.6976,26.196,41.8708
1992-01-23,22.5138,7.4711,37.5333,26.1806,41.8769
1992-01-24,22.542,7.4577,37.3266,26.1652,41.8831
1992-01-27,22.5193,7.3502,37.6272,26.1498,41.8892
1992-01-28,22.5206,7.358,37.6478,26.1344,41.8953
1992-01-29,22.2716,7.2812,37.494,26.119,41.9014
1992-01-30,22.3418,7.3048,37.6149,26.1036,41.9076
1992-01-31,22.189,7.3033,37.4136,26.0883,41.9137
1992-02-03,22.2351,7.3694,37.656,26.0729,41.9198
1992-02-04,22.4783,7.4888,37.6132,26.0729,41.9258
1992-02-05,22.4867,7.5739,37.433,26.073,41.9318
1992-02-06,22.4913,7.5352,37.6068,26.073,41.9378
1992-02-07,22.3474,7.4862,37.6326,26.0731,41.9439
1992-02-10,22.5039,7.4523,37.4683,26.0731,41.9499
1992-02-11,22.5061,7.4343,37.6103,26.0732,41.9559
1992-02-12,22.6904,7.684,37.7365,26.0732,41.9619
1992-02-13,22.5046,7.5509,37.6409,26.0733,41.9679
1992-02-14,22.4465,7.4836,37.4079,26.0733,41.974
1992-02-17,22.4464,7.4835,37.4337,26.0734,41.98
1992-02-18,22.1701,7.3076,37.2694,26.0734,41.986
1992-02-19,22.2186,7.297,37.3111,26.0735,41.992
1992-02-20,22.5268,7.454,37.3316,26.0735,41.998
1992-02-21,22.3942,7.3904,37.1409,26.0736,42.0041
1992-02-24,22.4437,7.3164,36.9502,26.0736,42.0101
1992-02-25,22.3507,7.3026,37.0236,26.0737,42.0161
1992-02-26,22.6174,7.5072,36.8276,26.0737,42.0222
1992-02-27,22.5372,7.4981,37.3658,26.0738,42.0282
1992-02-28,22.4744,7.4654,37.2965,26.0738,42.0342
1992-03-02,22.4682,7.4817,37.0161,26.0739,42.0402
1992-03-03,22.4974,7.4615,37.1106,26.0614,42.0463
1992-03-04,22.3069,7.3731,36.9832,26.0488,42.0523
1992-03-05,22.1545,7.2848,36.9563,26.0363,42.0583
1992-03-06,22.046,7.1871,36.9029,26.0238,42.0643
1992-03-09,22.0926,7.1939,36.839,26.0113,42.0703
1992-03-10,22.1873,7.345,36.7909,25.9988,42.0763
1992-03-11,22.0312,7.2311,36.859,25.9863,42.0823
1992-03-12,22.024,7.2264,36.7105,25.9738,42.0884
1992-03-13,22.131,7.2618,36.673,25.9613,42.0944
1992-03-16,22.162,7.3007,36.2236,25.9489,42.1004
1992-03-17,22.3382,7.4009,35.8006,25.9364,42.1064
1992-03-18,22.3145,7.3944,35.9374,25.9239,42.1124
1992-03-19,22.3503,7.3928,35.6728,25.9115,42.1185
1992-03-20,22.4322,7.3563,35.7779,25.899,42.1245
1992-03-23,22.3567,7.3168,35.7668,25.8866,42.1305
1992-03-24,22.3005,7.2714,35.7345,25.8741,42.1365
1992-03-25,22.2378,7.2869,36.0349,25.8617,42.1426
1992-03-26,22.257,7.1927,35.9446,25.8493,42.1486
1992-03-27,22.0194,6.9968,35.9547,25.8368,42.1546
1992-03-30,21.9972,6.9564,36.2498,25.8244,42.1606
1992-03-31,22.0357,6.9715,36.0803,25.812,42.1667
1992-04-01,22.0658,6.9901,36.3226,25.7996,42.1727
1992-04-02,21.8631,6.8552,35.9525,25.8146,42.1798
1992-04-03,21.9219,6.8275,35.9625,25.8296,42.187
1992-04-06,22.1518,7.0036,35.8194,25.8446,42.1941
1992-04-07,21.7417,6.7534,35.766,25.8596,42.2013
1992-04-08,21.547,6.7079,35.6335,25.8746,42.2084
1992-04-09,21.8843,6.8953,35.7333,25.8896,42.2156
1992-04-10,22.0855,6.7539,36.097,25.9046,42.2227
1992-04-13,22.1839,6.8437,35.9803,25.9197,42.2299
1992-04-14,22.5284,6.917,35.7897,25.9347,42.237
1992-04-15,22.7409,7.0361,35.7839,25.9498,42.2442
1992-04-16,22.729,6.8885,35.5458,25.9648,42.2513
1992-04-17,22.7289,6.8885,35.5452,25.9799,42.2585
1992-04-20,22.4093,6.6433,35.5447,25.995,42.2656
1992-04-21,22.4153,6.5947,35.7131,26.0101,42.2728
1992-04-22,22.3908,6.6791,35.6914,26.0252,42.28
1992-04-23,22.4887,6.6355,35.7331,26.0403,42.2871
1992-04-24,22.3491,6.5555,35.5267,26.0554,42.2943
1992-04-27,22.3217,6.4656,35.4364,26.0705,42.3014
1992-04-28,22.3617,6.3571,35.5467,26.0856,42.3086
1992-04-29,22.5204,6.5372,35.4353,26.1008,42.3158
1992-04-30,22.6811,6.6426,35.5034,26.1159,42.3229
1992-05-01,22.549,6.6342,35.6243,26.1311,42.3301
1992-05-04,22.7997,6.7041,35.6237,26.1538,42.3362
1992-05-05,22.7991,6.7915,35.544,26.1766,42.3423
1992-05-06,22.7985,6.7987,35.5382,26.1994,42.3484
1992-05-07,22.7655,6.7473,35.469,26.2222,42.3545
1992-05-08,22.7772,6.7157,35.5582,26.245,42.3606
1992-05-11,22.9208,6.7294,35.4785,26.2679,42.3668
1992-05-12,22.802,6.6892,35.383,26.2907,42.3729
1992-05-13,22.8123,6.6613,35.3772,26.3136,42.379
1992-05-14,22.6326,6.5705,35.556,26.3365,42.3851
1992-05-15,22.477,6.5375,35.7771,26.3594,42.3912
1992-05-18,22.6348,6.5711,35.766,26.3824,42.3973
1992-05-19,22.8308,6.6106,35.8288,26.4053,42.4034
1992-05-20,22.7784,6.6783,35.5592,26.4283,42.4096
1992-05-21,22.6256,6.6435,35.5903,26.4513,42.4157
1992-05-22,22.7085,6.653,35.6372,26.4744,42.4218
1992-05-25,22.7084,6.6529,35.6367,26.4974,42.4279
1992-05-26,22.5712,6.5993,35.652,26.5205,42.4341
1992-05-27,22.6135,6.6462,35.7306,26.5435,42.4402
1992-05-28,22.866,6.7304,35.5506,26.5666,42.4463
1992-05-29,22.7901,6.8019,35.6134,26.5898,42.4524
1992-06-01,22.905,6.8813,35.5443,26.6129,42.4586
1992-06-02,22.7037,6.8436,35.7706,26.6343,42.4646
1992-06-03,22.7644,6.8459,35.865,26.6557,42.4706
1992-06-04,22.6936,6.8155,35.7062,26.6772,42.4766
1992-06-05,22.7058,6.7574,35.7478,26.6986,42.4826
1992-06-08,22.7019,6.6923,35.7367,26.7201,42.4886
1992-06-09,22.5303,6.5763,35.6412,26.7416,42.4946
1992-06-10,22.3761,6.5276,35.6249,26.7631,42.5006
1992-06-11,22.475,6.527,35.6876,26.7846,42.5066
1992-06-12,22.5145,6.5601,35.8295,26.8061,42.5127
1992-06-15,22.5446,6.5548,36.156,26.8277,42.5187
1992-06-16,22.4385,6.4542,36.1186,26.8492,42.5247
1992-06-17,22.1052,6.3289,36.0811,26.8708,42.5307
1992-06-18,22.0345,6.2973,36.0014,26.8924,42.5367
1992-06-19,22.1838,6.4036,36.2435,26.914,42.5427
1992-06-22,22.1691,6.3686,36.1322,26.9357,42.5488
1992-06-23,22.2043,6.416,36.2688,26.9573,42.5548
1992-06-24,22.2047,6.3695,36.11,26.979,42.5608
1992-06-25,22.166,6.2824,36.2255,27.0007,42.5668
1992-06-26,22.19,6.2559,36.2355,27.0224,42.5728
1992-06-29,22.4934,6.488,36.0767,27.0441,42.5789
1992-06-30,22.4494,6.4974,36.2238,27.0659,42.5849
1992-07-01,22.7104,6.6009,36.2391,27.0876,42.5909
1992-07-02,22.6496,6.4896,36.613,27.1136,42.597
1992-07-03,22.6495,6.4896,36.4648,27.1396,42.6031
1992-07-06,22.7747,6.5224,36.5591,27.1656,42.6092
1992-07-07,22.5178,6.39,36.4531,27.1917,42.6153
1992-07-08,22.5795,6.4179,36.6529,27.2178,42.6214
1992-07-09,22.7985,6.5177,36.626,27.2439,42.6275
1992-07-10,22.8201,6.5316,36.7784,27.27,42.6336
1992-07-13,22.8342,6.5778,36.7673,27.2962,42.6397
1992-07-14,22.9891,6.6698,36.8406,27.3223,42.6458
1992-07-15,22.957,6.6728,37.0087,27.3485,42.6519
1992-07-16,22.9833,6.7135,37.2297,27.3748,42.658
1992-07-17,22.8781,6.5897,37.6193,27.401,42.6641
1992-07-20,22.7772,6.4798,37.893,27.4273,42.6702
1992-07-21,22.7781,6.5801,37.7658,27.4536,42.6763
1992-07-22,22.622,6.4953,37.8338,27.4799,42.6825
1992-07-23,22.6855,6.5238,37.9123,27.5063,42.6886
1992-07-24,22.6591,6.5438,37.7114,27.5327,42.6947
1992-07-27,22.6604,6.5096,37.7952,27.5591,42.7008
1992-07-28,22.993,6.6155,37.9211,27.5855,42.7069
1992-07-29,23.2539,6.6877,37.562,27.612,42.713
1992-07-30,23.3476,6.7056,37.6194,27.6385,42.7191
1992-07-31,23.3645,6.7047,37.7348,27.665,42.7252
1992-08-03,23.42,6.7446,37.3336,27.6915,42.7313
1992-08-04,23.3888,6.7085,37.1906,27.7034,42.7369
1992-08-05,23.2695,6.6116,36.9845,27.7153,42.7424
1992-08-06,23.1894,6.5679,36.7572,27.7272,42.7479
1992-08-07,23.1049,6.541,36.8937,27.7392,42.7534
1992-08-10,23.1449,6.5606,36.9406,27.7511,42.7589
1992-08-11,23.117,6.5235,36.7081,27.763,42.7644
1992-08-12,23.0566,6.4899,36.5652,27.7749,42.7699
1992-08-13,23.0546,6.4968,35.563,27.7869,42.7755
1992-08-14,23.1794,6.5173,35.3937,27.7988,42.781
1992-08-17,23.2293,6.4775,35.5724,27.8108,42.7865
1992-08-18,23.2674,6.4786,35.4348,27.8227,42.792
1992-08-19,23.0934,6.4327,35.6346,27.8347,42.7975
1992-08-20,23.099,6.4566,35.555,27.8467,42.8031
1992-08-21,22.9109,6.376,35.5175,27.8586,42.8086
1992-08-24,22.6856,6.2687,36.0863,27.8706,42.8141
1992-08-25,22.7383,6.2982,35.9908,27.8826,42.8196
1992-08-26,22.848,6.387,35.6846,27.8946,42.8251
1992-08-27,22.8498,6.4571,35.7367,27.9066,42.8307
1992-08-28,22.9223,6.4501,35.8416,27.9186,42.8362
1992-08-31,22.8845,6.4527,35.8411,27.9306,42.8417
1992-09-01,23.0027,6.5111,36.0197,27.9426,42.8472
1992-09-02,23.11,6.6101,35.8874,27.9628,42.8529
1992-09-03,23.1113,6.6447,35.7182,27.983,42.8585
1992-09-04,23.0637,6.6064,36.055,28.0032,42.8641
1992-09-07,23.0636,6.6063,36.1546,28.0235,42.8698
1992-09-08,22.9189,6.5928,36.0644,28.0438,42.8754
1992-09-09,23.0342,6.6837,36.1851,28.064,42.881
1992-09-10,23.2334,6.7877,36.0738,28.0843,42.8867
1992-09-11,23.2131,6.7957,35.8361,28.1046,42.8923
1992-09-14,23.5381,6.9992,36.4943,28.125,42.8979
1992-09-15,23.236,6.8969,36.4569,28.1453,42.9036
1992-09-16,23.2444,6.8658,36.7831,28.1656,42.9092
1992-09-17,23.2457,6.8827,36.7193,28.186,42.9148
1992-09-18,23.4115,6.8972,36.5922,28.2064,42.9205
1992-09-21,23.3723,6.8831,36.7919,28.2268,42.9261
1992-09-22,23.0961,6.7757,36.7966,28.2472,42.9317
1992-09-23,23.113,6.8088,36.7012,28.2676,42.9374
1992-09-24,23.1808,6.8458,36.7007,28.2881,42.943
1992-09-25,22.9536,6.6882,36.8529,28.3085,42.9486
1992-09-28,23.0835,6.6374,36.6732,28.329,42.9543
1992-09-29,23.0952,6.6972,36.6199,28.3495,42.9599
1992-09-30,23.1517,6.7518,36.7775,28.37,42.9656
1992-10-01,23.0682,6.6623,36.7295,28.3905,42.9712
1992-10-02,22.7459,6.5621,36.671,28.3694,42.9755
1992-10-05,22.5965,6.5469,36.8285,28.3483,42.9798
1992-10-06,22.5757,6.639,36.9122,28.3272,42.9841
1992-10-07,22.413,6.5833,36.8958,28.3061,42.9884
1992-10-08,22.6089,6.6473,36.9321,28.285,42.9927
1992-10-09,22.3271,6.5886,36.8894,28.264,42.9971
1992-10-12,22.5923,6.6419,36.5095,28.243,43.0014
1992-10-13,22.6954,6.6855,36.2192,28.2219,43.0057
1992-10-14,22.6995,6.6737,36.2187,28.2009,43.01
1992-10-15,22.7141,6.7286,36.0179,28.1799,43.0143
1992-10-16,22.8322,6.8202,36.0068,28.159,43.0186
1992-10-19,23.0144,6.9581,36.0959,28.138,43.0229
1992-10-20,23.0431,6.9709,36.1901,28.1171,43.0272
1992-10-21,23.0539,7.0288,36.2159,28.0962,43.0315
1992-10-22,23.0109,7.0293,36.0995,28.0753,43.0359
1992-10-23,22.9835,7.0151,36.0831,28.0544,43.0402
1992-10-26,23.1963,7.0524,35.9719,28.0335,43.0445
1992-10-27,23.2189,6.9824,35.6343,28.0126,43.0488
1992-10-28,23.3102,7.0416,35.6285,27.9918,43.0531
1992-10-29,23.3506,7.1367,35.7649,27.971,43.0574
1992-10-30,23.2299,7.0949,35.738,27.9501,43.0617
1992-11-02,23.463,7.1202,35.7638,27.9293,43.0661
1992-11-03,23.3127,7.0261,35.6684,27.912,43.0704
1992-11-04,23.1623,7.0647,35.5836,27.8947,43.0747
1992-11-05,23.2465,7.2528,35.6094,27.8773,43.079
1992-11-06,23.2144,7.2884,35.5088,27.86,43.0833
1992-11-09,23.2727,7.341,35.2344,27.8427,43.0877
1992-11-10,23.2755,7.4229,34.7967,27.8254,43.092
1992-11-11,23.4747,7.4976,34.8804,27.8081,43.0963
1992-11-12,23.5137,7.4748,35.0853,27.7909,43.1007
1992-11-13,23.491,7.5111,35.2217,27.7736,43.105
1992-11-16,23.3995,7.4279,35.3265,27.7563,43.1093
1992-11-17,23.3264,7.2899,35.2101,27.7391,43.1136
1992-11-18,23.5261,7.4209,35.2938,27.7219,43.118
1992-11-19,23.5698,7.4735,35.2037,27.7047,43.1223
1992-11-20,23.7407,7.5176,35.398,27.6874,43.1266
1992-11-23,23.6586,7.402,35.1816,27.6702,43.131
1992-11-24,23.8041,7.5427,35.2074,27.6531,43.1353
1992-11-25,23.894,7.5359,35.2121,27.6359,43.1396
1992-11-26,23.8939,7.5358,35.2484,27.6187,43.1439
1992-11-27,23.9485,7.5284,35.1794,27.6016,43.1483
1992-11-30,24.019,7.5637,35.1947,27.5844,43.1526
1992-12-01,23.9954,7.6005,35.2416,27.5673,43.1569
1992-12-02,23.9487,7.5768,35.3463,27.5821,43.1625
1992-12-03,23.9514,7.6461,35.3037,27.5969,43.168
1992-12-04,24.0728,7.7239,35.34,27.6118,43.1736
1992-12-07,24.2569,7.7978,35.2341,27.6266,43.1791
1992-12-08,24.3515,7.7706,35.302,27.6414,43.1847
1992-12-09,24.285,7.7111,35.1172,27.6563,43.1902
1992-12-10,24.2289,7.6408,35.1378,27.6712,43.1958
1992-12-11,24.1789,7.5618,35.2846,27.686,43.2014
1992-12-14,24.1303,7.5297,35.2946,27.7009,43.2069
1992-12-15,24.1174,7.4766,35.2625,27.7158,43.2125
1992-12-16,24.059,7.5197,35.5147,27.7307,43.218
1992-12-17,24.2784,7.6898,35.6563,27.7456,43.2236
1992-12-18,24.6047,7.7124,35.482,27.7605,43.2291
1992-12-21,24.5726,7.7434,35.1551,27.7754,43.2347
1992-12-22,24.5508,7.6637,35.0176,27.7904,43.2403
1992-12-23,24.4801,7.682,35.0592,27.8053,43.2458
1992-12-24,24.5341,7.7049,35.0587,27.8202,43.2514
1992-12-25,24.5341,7.7049,35.0582,27.8352,43.2569
1992-12-28,24.501,7.7372,35.0576,27.8502,43.2625
1992-12-29,24.4369,7.7532,35.0044,27.8651,43.2681
1992-12-30,24.4843,7.7559,35.046,27.8801,43.2736
1992-12-31,24.3119,7.7612,35.0455,27.8951,43.2792
1993-01-01,24.3119,7.7612,35.0455,27.8951,43.2792
1993-01-04,24.3032,7.6789,34.5549,27.9257,43.2903
1993-01-05,24.2494,7.7621,34.5912,27.9413,43.2958
1993-01-06,24.2597,7.9072,34.696,27.9569,43.3013
1993-01-07,24.0477,7.8434,34.6481,27.9725,43.3068
1993-01-08,23.9543,7.8762,34.6423,27.9881,43.3123
1993-01-11,24.0626,7.9896,34.5681,28.0038,43.3178
1993-01-12,24.0677,7.9271,34.6517,28.0194,43.3233
1993-01-13,24.1806,8.0982,34.4775,28.0351,43.3288
1993-01-14,24.343,8.2164,34.4875,28.0507,43.3343
1993-01-15,24.4131,8.171,34.4923,28.0664,43.3398
1993-01-18,24.4131,8.171,34.4923,28.0664,43.3398
1993-01-19,24.3008,8.1016,34.628,28.0978,43.3509
1993-01-20,24.2023,8.0953,34.6275,28.1135,43.3564
1993-01-21,24.3209,8.173,34.7059,28.1292,43.3619
1993-01-22,24.3552,8.1402,34.6001,28.1449,43.3674
1993-01-25,24.5783,8.2098,34.568,28.1607,43.3729
1993-01-26,24.5778,8.1736,34.8254,28.1764,43.3784
1993-01-27,24.475,8.0278,34.7933,28.1921,43.384
1993-01-28,24.5055,7.9858,34.7243,28.2079,43.3895
1993-01-29,24.513,7.9835,34.7764,28.2236,43.395
1993-02-01,24.6873,8.0893,34.7022,28.2394,43.4005
1993-02-02,24.7396,8.1316,34.6912,28.2589,43.4053
1993-02-03,25.0012,8.112,34.538,28.2783,43.41
1993-02-04,25.1058,8.0626,34.5165,28.2978,43.4148
1993-02-05,25.0883,7.9496,34.4896,28.3173,43.4195
1993-02-08,25.0883,7.8789,34.5101,28.3368,43.4243
1993-02-09,24.914,7.8191,34.5201,28.3563,43.4291
1993-02-10,24.9488,7.9128,34.709,28.3758,43.4338
1993-02-11,25.0709,7.8917,34.9347,28.3954,43.4386
1993-02-12,24.8791,7.781,34.6396,28.4149,43.4433
1993-02-15,24.8791,7.781,34.6396,28.4149,43.4433
1993-02-16,24.2514,7.4728,34.6648,28.4541,43.4529
1993-02-17,24.234,7.4517,34.7853,28.4737,43.4576
1993-02-18,24.2166,7.5027,34.7164,28.4933,43.4624
1993-02-19,24.3038,7.4947,34.8053,28.5129,43.4671
1993-02-22,24.3909,7.3317,34.689,28.5325,43.4719
1993-02-23,24.3735,7.3508,34.678,28.5522,43.4767
1993-02-24,24.6873,7.5422,34.709,28.5719,43.4814
1993-02-25,24.7396,7.5753,34.6769,28.5915,43.4862
1993-02-26,24.7745,7.5639,34.466,28.6112,43.491
1993-03-01,24.7047,7.5198,34.5601,28.6309,43.4957
1993-03-02,25.0709,7.673,34.628,28.6413,43.5004
1993-03-03,25.1755,7.7537,34.6695,28.6517,43.505
1993-03-04,25.036,7.6583,34.5112,28.6622,43.5097
1993-03-05,24.9663,7.659,34.6895,28.6726,43.5143
1993-03-08,25.5242,7.7424,34.4523,28.683,43.519
1993-03-09,25.437,7.7414,34.3939,28.6934,43.5236
1993-03-10,25.4893,7.7815,34.3039,28.7038,43.5282
1993-03-11,25.4196,7.7916,34.3876,28.7143,43.5329
1993-03-12,25.158,7.8113,34.3976,28.7247,43.5375
1993-03-15,25.2801,7.8471,34.5022,28.7352,43.5422
1993-03-16,25.2801,7.8318,34.6069,28.7456,43.5468
1993-03-17,25.1232,7.6604,34.5801,28.7561,43.5515
1993-03-18,25.2801,7.657,34.7373,28.7665,43.5561
1993-03-19,25.2421,7.572,34.8841,28.777,43.5608
1993-03-22,25.102,7.5259,34.9834,28.7874,43.5655
1993-03-23,25.1546,7.4982,34.9093,28.7979,43.5701
1993-03-24,25.1546,7.5061,34.8141,28.8084,43.5748
1993-03-25,25.3122,7.6325,34.9818,28.8188,43.5794
1993-03-26,25.172,7.5952,34.9918,28.8293,43.5841
1993-03-29,25.2772,7.5684,34.8861,28.8398,43.5887
1993-03-30,25.3472,7.7044,35.1696,28.8503,43.5934
1993-03-31,25.3297,7.7409,35.5266,28.8608,43.598
1993-04-01,25.2421,7.6314,35.3736,28.8712,43.6027
1993-04-02,24.7166,7.348,35.7674,28.8822,43.6072
1993-04-05,24.8393,7.4238,35.6775,28.8932,43.6117
1993-04-06,24.7692,7.3344,35.5875,28.9042,43.6162
1993-04-07,24.8567,7.4341,35.4135,28.9152,43.6206
1993-04-08,24.8217,7.3559,35.4918,28.9262,43.6251
1993-04-09,24.8217,7.3559,35.4918,28.9262,43.6251
1993-04-12,25.172,7.5162,35.4907,28.9482,43.6341
1993-04-13,25.2246,7.4486,35.4061,28.9592,43.6386
1993-04-14,25.1896,7.4619,35.5685,28.9703,43.6431
1993-04-15,25.1896,7.4059,35.6363,28.9813,43.6476
1993-04-16,25.1896,7.336,35.5254,28.9923,43.6521
1993-04-19,25.0845,7.2671,35.7088,29.0033,43.6566
1993-04-20,24.9618,7.3016,35.7398,29.0144,43.6611
1993-04-21,24.9444,7.326,35.6446,29.0254,43.6656
1993-04-22,24.629,7.289,35.6756,29.0365,43.6701
1993-04-23,24.5239,7.1852,36.2639,29.0475,43.6746
1993-04-26,24.3312,7.0477,36.7207,29.0586,43.6791
1993-04-27,24.594,7.2053,36.9462,29.0696,43.6835
1993-04-28,24.5414,7.3142,36.7669,29.0807,43.688
1993-04-29,24.6465,7.2995,37.3867,29.0917,43.6925
1993-04-30,24.6816,7.3203,37.2494,29.1028,43.697
1993-05-03,24.8393,7.4284,37.2489,29.1139,43.7015
1993-05-04,24.9268,7.6073,37.4428,29.1085,43.7064
1993-05-05,24.9969,7.6517,37.2425,29.1032,43.7114
1993-05-06,24.9093,7.5735,37.3733,29.0979,43.7163
1993-05-07,24.8567,7.606,37.583,29.0925,43.7212
1993-05-10,24.9093,7.6408,37.5088,29.0872,43.7261
1993-05-11,25.0144,7.6011,37.3558,29.0818,43.731
1993-05-12,24.9794,7.557,37.4446,29.0765,43.7359
1993-05-13,24.6816,7.487,38.5794,29.0712,43.7408
1993-05-14,24.6641,7.5319,38.7049,29.0658,43.7457
1993-05-17,24.7516,7.5936,38.8147,29.0605,43.7507
1993-05-18,24.7341,7.6653,38.6617,29.0552,43.7556
1993-05-19,25.2421,7.852,40.1432,29.0498,43.7605
1993-05-20,25.3122,7.9764,39.2912,29.0445,43.7654
1993-05-21,25.0845,7.8948,39.2328,29.0392,43.7703
1993-05-24,25.1896,7.9038,39.8629,29.0338,43.7752
1993-05-25,25.2421,7.885,39.6783,29.0285,43.7802
1993-05-26,25.5574,8.0599,39.3624,29.0232,43.7851
1993-05-27,25.4699,8.0251,39.3881,29.0179,43.79
1993-05-28,25.3472,7.9255,39.6712,29.0125,43.7949
1993-05-31,25.3472,7.9255,39.6712,29.0125,43.7949
1993-06-01,25.5925,8.0206,39.6595,29.0019,43.8048
1993-06-02,25.5574,8.0239,38.7813,29.0188,43.8098
1993-06-03,25.4699,8.0104,39.3798,29.0357,43.8149
1993-06-04,25.3823,7.9363,39.684,29.0526,43.8199
1993-06-07,25.2947,7.8443,39.1789,29.0695,43.825
1993-06-08,25.0669,7.7665,39.4358,29.0865,43.83
1993-06-09,25.1546,7.7558,39.0358,29.1034,43.8351
1993-06-10,25.172,7.7407,38.9669,29.1204,43.8401
1993-06-11,25.2772,7.8165,38.919,29.1374,43.8452
1993-06-14,25.2421,7.9041,38.1461,29.1543,43.8502
1993-06-15,25.1896,7.9004,38.3924,29.1713,43.8553
1993-06-16,25.2421,7.8581,38.6703,29.1883,43.8604
1993-06-17,25.3297,7.8364,38.8221,29.2053,43.8654
1993-06-18,25.1226,7.7061,38.9739,29.2223,43.8705
1993-06-21,25.1755,7.704,38.9365,29.2394,43.8755
1993-06-22,25.1932,7.6681,38.752,29.2564,43.8806
1993-06-23,24.9638,7.6408,38.5728,29.2735,43.8856
1993-06-24,25.299,7.703,39.2867,29.2905,43.8907
1993-06-25,25.2814,7.7977,39.5173,29.3076,43.8958
1993-06-28,25.5636,7.9316,39.4379,29.3247,43.9008
1993-06-29,25.4402,7.8779,39.4373,29.3418,43.9059
1993-06-30,25.4402,7.8814,39.7624,29.3588,43.911
1993-07-01,25.3696,7.8298,39.8196,29.376,43.916
1993-07-02,25.2285,7.8402,40.775,29.3699,43.9211
1993-07-05,25.2285,7.8402,40.775,29.3699,43.9211
1993-07-06,24.9638,7.7665,41.1468,29.3576,43.9312
1993-07-07,25.0344,7.7033,41.5821,29.3515,43.9362
1993-07-08,25.3167,7.7643,41.5185,29.3455,43.9413
1993-07-09,25.3872,7.8021,41.2972,29.3394,43.9463
1993-07-12,25.3696,7.8109,41.3281,29.3333,43.9514
1993-07-13,25.3519,7.7917,41.2277,29.3272,43.9564
1993-07-14,25.4402,7.8295,41.4319,29.3211,43.9615
1993-07-15,25.3343,7.7589,41.2527,29.315,43.9665
1993-07-16,25.2638,7.5566,41.1785,29.3089,43.9716
1993-07-19,25.2461,7.5133,41.472,29.3028,43.9767
1993-07-20,25.3167,7.6575,41.1878,29.2967,43.9817
1993-07-21,25.299,7.5902,41.2186,29.2906,43.9868
1993-07-22,25.1226,7.4979,40.8766,29.2845,43.9918
1993-07-23,25.2461,7.6023,41.1018,29.2785,43.9969
1993-07-26,25.3872,7.6711,41.1485,29.2724,44.002
1993-07-27,25.3696,7.5766,41.2109,29.2663,44.007
1993-07-28,25.3167,7.6797,41.2943,29.2602,44.0121
1993-07-29,25.4578,7.6909,41.3829,29.2541,44.0171
1993-07-30,25.3167,7.5947,42.1963,29.2481,44.0222
1993-08-02,25.3872,7.646,42.6,29.242,44.0273
1993-08-03,25.4049,7.667,42.4051,29.2608,44.0321
1993-08-04,25.4049,7.7506,42.2889,29.2796,44.037
1993-08-05,25.3519,7.7999,40.7233,29.2984,44.0418
1993-08-06,25.3872,7.8157,39.8458,29.3172,44.0467
1993-08-09,25.5284,7.7973,40.0867,29.3361,44.0516
1993-08-10,25.5107,7.7187,39.9443,29.3549,44.0564
1993-08-11,25.5107,7.7421,39.4869,29.3738,44.0613
1993-08-12,25.4402,7.7349,39.5178,29.3927,44.0662
1993-08-13,25.4755,7.7575,38.6035,29.4116,44.071
1993-08-16,25.6166,7.9757,39.128,29.4305,44.0759
1993-08-17,25.7048,8.0523,39.0224,29.4494,44.0808
1993-08-18,25.8459,8.0879,39.2423,29.4683,44.0856
1993-08-19,25.8459,7.9684,39.2102,29.4873,44.0905
1993-08-20,25.8636,7.9813,39.1939,29.5062,44.0954
1993-08-23,25.8106,7.9731,39.1775,29.5252,44.1002
1993-08-24,26.0929,7.984,39.2347,29.5442,44.1051
1993-08-25,26.1106,7.9184,38.9716,29.5632,44.11
1993-08-26,26.1282,7.8476,38.9815,29.5822,44.1148
1993-08-27,26.1106,7.887,38.7709,29.6012,44.1197
1993-08-30,26.2164,7.9473,38.7703,29.6202,44.1246
1993-08-31,26.287,8.0192,39.0112,29.6393,44.1294
1993-09-01,26.2517,8.0516,38.7481,29.6583,44.1343
1993-09-02,26.1635,8.0603,38.7685,29.6625,44.1396
1993-09-03,26.1812,8.0417,38.0907,29.6666,44.1448
1993-09-06,26.1812,8.0417,38.0907,29.6666,44.1448
1993-09-07,26.0047,7.8904,37.2496,29.675,44.1553
1993-09-08,25.9165,7.8509,36.9289,29.6791,44.1605
1993-09-09,25.9694,7.9252,37.091,29.6833,44.1657
1993-09-10,26.1988,7.9753,36.9015,29.6875,44.171
1993-09-13,26.2164,7.9098,36.1345,29.6916,44.1762
1993-09-14,26.1106,7.8366,36.0815,29.6958,44.1815
1993-09-15,26.1812,7.9038,36.5324,29.7,44.1867
1993-09-16,26.0753,7.8698,37.0305,29.7041,44.192
1993-09-17,26.0252,7.8793,36.9354,29.7083,44.1972
1993-09-20,25.8121,7.9066,37.1605,29.7125,44.2024
1993-09-21,25.7233,7.8675,37.2387,29.7167,44.2077
1993-09-22,25.9364,8.0473,37.2014,29.7208,44.2129
1993-09-23,26.0784,8.1132,37.4738,29.725,44.2182
1993-09-24,26.0074,8.1341,37.5362,29.7292,44.2234
1993-09-27,26.2914,8.2301,37.4359,29.7333,44.2287
1993-09-28,26.2382,8.3056,37.3408,29.7375,44.2339
1993-09-29,26.1494,8.3243,37.0726,29.7417,44.2392
1993-09-30,26.0962,8.2344,37.3134,29.7459,44.2444
1993-10-01,26.2204,8.2364,37.1554,29.7501,44.2497
1993-10-04,26.2559,8.2683,36.9187,29.7509,44.2548
1993-10-05,26.2204,8.2032,37.1333,29.7517,44.2599
1993-10-06,26.2027,8.1848,37.3899,29.7525,44.265
1993-10-07,26.1317,8.1325,37.4995,29.7534,44.2701
1993-10-08,26.1672,8.2039,37.6249,29.7542,44.2752
1993-10-11,26.2204,8.1896,37.9287,29.755,44.2803
1993-10-12,26.2559,8.2307,37.8441,29.7558,44.2854
1993-10-13,26.2559,8.311,38.4523,29.7567,44.2905
1993-10-14,26.5932,8.4332,38.5409,29.7575,44.2956
1993-10-15,26.7353,8.4432,38.2622,29.7583,44.3007
1993-10-18,26.6643,8.3872,38.3246,29.7591,44.3058
1993-10-19,26.4689,8.2339,38.4499,29.76,44.3109
1993-10-20,26.5045,8.2597,39.0894,29.7608,44.316
1993-10-21,26.4689,8.3333,39.2987,29.7616,44.3211
1993-10-22,26.3447,8.3512,38.6055,29.7624,44.3262
1993-10-25,26.4157,8.3342,38.9827,29.7633,44.3313
1993-10-26,26.3979,8.2738,38.6411,29.7641,44.3365
1993-10-27,26.4157,8.3953,38.9815,29.7649,44.3416
1993-10-28,26.611,8.3736,38.6714,29.7657,44.3467
1993-10-29,26.611,8.411,38.781,29.7666,44.3518
1993-11-01,26.682,8.4979,38.1141,29.7674,44.3569
1993-11-02,26.6643,8.5041,38.0873,29.744,44.3616
1993-11-03,26.3269,8.3451,38.1444,29.7207,44.3662
1993-11-04,26.0429,8.1199,39.0304,29.6974,44.3709
1993-11-05,26.1672,8.2526,39.6331,29.6741,44.3756
1993-11-08,26.2027,8.2786,39.4122,29.6508,44.3803
1993-11-09,26.2204,8.3015,39.4483,29.6276,44.3849
1993-11-10,26.4157,8.4535,39.3323,29.6043,44.3896
1993-11-11,26.3447,8.4895,39.5258,29.5811,44.3943
1993-11-12,26.4689,8.5005,39.5252,29.5579,44.3989
1993-11-15,26.4512,8.4132,39.3095,29.5347,44.4036
1993-11-16,26.5755,8.4616,39.3404,29.5115,44.4083
1993-11-17,26.4334,8.2985,39.0041,29.4884,44.413
1993-11-18,26.3624,8.2112,39.5228,29.4653,44.4176
1993-11-19,26.3092,8.1859,39.6008,29.4422,44.4223
1993-11-22,26.1494,8.0311,39.6947,29.4191,44.427
1993-11-23,26.2914,8.1999,39.6101,29.396,44.4317
1993-11-24,26.3979,8.2819,39.4784,29.3729,44.4363
1993-11-25,26.3979,8.2819,39.4784,29.3729,44.4363
1993-11-26,26.4157,8.3093,39.5296,29.3269,44.4457
1993-11-29,26.3092,8.2419,38.9311,29.3039,44.4504
1993-11-30,26.3269,8.3187,38.9043,29.2809,44.4551
1993-12-01,26.3624,8.4517,39.1345,29.2579,44.4597
1993-12-02,26.4334,8.5209,39.2965,29.2572,44.4651
1993-12-03,26.54,8.6415,39.5161,29.2565,44.4705
1993-12-06,26.6287,8.5818,39.5417,29.2558,44.4758
1993-12-07,26.611,8.5383,39.5307,29.2551,44.4812
1993-12-08,26.611,8.4915,40.0964,29.2544,44.4865
1993-12-09,26.5222,8.3288,40.1168,29.2537,44.4919
1993-12-10,26.4689,8.3225,40.0952,29.253,44.4972
1993-12-13,26.6287,8.3401,40.5089,29.2523,44.5026
1993-12-14,26.4334,8.2335,40.5869,29.2516,44.508
1993-12-15,26.3979,8.279,40.4395,29.2509,44.5133
1993-12-16,26.4867,8.3055,40.4913,29.2502,44.5187
1993-12-17,26.6144,8.3668,40.5326,29.2495,44.524
1993-12-20,26.6501,8.3815,40.8728,29.2488,44.5294
1993-12-21,26.5608,8.3554,40.6362,29.2481,44.5348
1993-12-22,26.7394,8.3531,40.4416,29.2474,44.5401
1993-12-23,26.7216,8.3942,40.3676,29.2467,44.5455
1993-12-24,26.7216,8.3942,40.3676,29.2467,44.5455
1993-12-27,26.8645,8.4267,40.3664,29.2453,44.5562
1993-12-28,26.918,8.4891,40.3657,29.2446,44.5616
1993-12-29,26.8823,8.5028,40.4857,29.2439,44.567
1993-12-30,26.7751,8.5531,41.0775,29.2432,44.5723
1993-12-31,26.6322,8.565,41.0769,29.2425,44.5777
1994-01-03,26.5608,8.5058,41.0763,29.2418,44.5831
1994-01-04,26.668,8.5629,41.3221,29.2431,44.5884
1994-01-05,26.7216,8.6248,41.442,29.2443,44.5937
1994-01-06,26.7216,8.6922,40.4348,29.2456,44.599
1994-01-07,26.8823,8.7044,40.9427,29.2468,44.6043
1994-01-10,27.2038,8.7932,40.2291,29.2481,44.6095
1994-01-11,27.1503,8.7703,40.412,29.2494,44.6148
1994-01-12,27.0609,8.7836,40.4795,29.2506,44.6201
1994-01-13,26.9895,8.7734,40.7567,29.2519,44.6254
1994-01-14,27.0966,8.854,40.8977,29.2531,44.6307
1994-01-17,27.0966,8.854,40.8977,29.2531,44.6307
1994-01-18,27.1324,8.8366,41.1533,29.2557,44.6413
1994-01-19,27.0609,8.7383,41.0635,29.2569,44.6466
1994-01-20,27.1324,8.849,41.0734,29.2582,44.6519
1994-01-21,27.0788,8.8502,40.4647,29.2594,44.6573
1994-01-24,26.9716,8.7994,39.7093,29.2607,44.6626
1994-01-25,26.9716,8.7402,40.0442,29.262,44.6679
1994-01-26,27.0431,8.7554,40.1484,29.2632,44.6732
1994-01-27,27.2932,8.8142,40.2107,29.2645,44.6785
1994-01-28,27.3646,8.8699,39.6492,29.2657,44.6838
1994-01-31,27.5611,8.9014,39.6119,29.267,44.6891
1994-02-01,27.4182,8.8203,40.0044,29.2683,44.6944
1994-02-02,27.5968,8.8537,40.3235,29.2408,44.6991
1994-02-03,27.4718,8.8165,40.4225,29.2134,44.7039
1994-02-04,26.8466,8.5462,40.7206,29.1861,44.7086
1994-02-07,26.9716,8.5921,40.1959,29.1587,44.7134
1994-02-08,26.9895,8.6316,39.8861,29.1314,44.7181
1994-02-09,27.0966,8.6842,39.9064,29.1041,44.7228
1994-02-10,26.8645,8.6282,40.0892,29.0768,44.7276
1994-02-11,26.9537,8.6393,40.0205,29.0496,44.7323
1994-02-14,26.9895,8.7098,40.1666,29.0224,44.7371
1994-02-15,27.1324,8.7779,40.3494,28.9952,44.7418
1994-02-16,27.1145,8.7877,40.1916,28.968,44.7466
1994-02-17,26.9537,8.7586,40.2958,28.9409,44.7513
1994-02-18,26.793,8.7704,39.8183,28.9137,44.7561
1994-02-21,26.793,8.7704,39.8183,28.9137,44.7561
1994-02-22,27.0609,8.8249,39.7595,28.8596,44.7656
1994-02-23,26.9895,8.791,39.3764,28.8325,44.7703
1994-02-24,26.6322,8.6594,39.4753,28.8055,44.7751
1994-02-25,26.7573,8.738,39.7105,28.7785,44.7798
1994-02-28,26.7573,8.8609,39.9823,28.7516,44.7846
1994-03-01,26.6501,8.8075,39.9555,28.7246,44.7893
1994-03-02,26.6858,8.775,39.4991,28.7031,44.7943
1994-03-03,26.6144,8.7747,39.5771,28.6816,44.7993
1994-03-04,26.6858,8.8568,39.3931,28.6601,44.8043
1994-03-07,26.8287,8.9279,39.5549,28.6386,44.8093
1994-03-08,26.7216,8.8562,39.4076,28.6172,44.8143
1994-03-09,26.8466,8.88,39.3232,28.5957,44.8193
1994-03-10,26.6322,8.8088,39.8674,28.5743,44.8243
1994-03-11,26.7751,8.8014,40.5112,28.5529,44.8293
1994-03-14,26.8109,8.8766,40.4949,28.5315,44.8343
1994-03-15,26.793,8.8744,40.5571,28.5102,44.8393
1994-03-16,27.0074,8.9276,40.3889,28.4888,44.8443
1994-03-17,27.0074,8.995,40.1682,28.4674,44.8493
1994-03-18,27.0016,8.975,40.4976,28.4461,44.8543
1994-03-21,26.9297,8.8775,40.4865,28.4248,44.8593
1994-03-22,27.0016,8.8276,40.7688,28.4035,44.8643
1994-03-23,26.9836,8.8239,40.6739,28.3822,44.8693
1994-03-24,26.6603,8.6824,40.8985,28.361,44.8743
1994-03-25,26.4088,8.595,40.9922,28.3397,44.8793
1994-03-28,26.4447,8.4673,40.7768,28.3185,44.8843
1994-03-29,25.9237,8.2325,40.5195,28.2973,44.8893
1994-03-30,25.5644,8.1733,40.5555,28.2761,44.8943
1994-03-31,25.6362,8.2315,40.7697,28.2549,44.8993
1994-04-01,25.6362,8.2315,40.7697,28.2549,44.8993
1994-04-04,25.241,8.0693,40.7684,28.2268,44.91
1994-04-05,25.762,8.3678,40.3017,28.2198,44.9156
1994-04-06,25.762,8.3559,40.212,28.2128,44.9213
1994-04-07,25.8877,8.4034,40.2533,28.2058,44.927
1994-04-08,25.6901,8.2728,40.3731,28.1989,44.9327
1994-04-11,25.7979,8.2502,39.985,28.1919,44.9384
1994-04-12,25.762,8.0698,39.5916,28.185,44.9441
1994-04-13,25.6273,7.8933,39.6434,28.178,44.9498
1994-04-14,25.6362,7.8588,39.5537,28.171,44.9555
1994-04-15,25.6362,7.8725,39.485,28.1641,44.9612
1994-04-18,25.4655,7.7472,39.5996,28.1571,44.9668
1994-04-19,25.5015,7.6805,39.0754,28.1502,44.9725
1994-04-20,25.4746,7.6379,38.8915,28.1432,44.9782
1994-04-21,25.8159,7.888,39.0951,28.1363,44.9839
1994-04-22,25.7889,7.9322,38.7123,28.1293,44.9896
1994-04-25,26.0584,8.0548,39.0625,28.1224,44.9953
1994-04-26,26.0315,8.0692,39.1981,28.1154,45.001
1994-04-27,26.0315,8.0691,39.1922,28.1085,45.0067
1994-04-28,25.8428,8.0044,39.0974,28.1016,45.0124
1994-04-29,25.9237,8.0215,39.4214,28.0946,45.0181
1994-05-02,26.0854,8.1626,39.4208,28.0877,45.0238
1994-05-03,26.0584,8.1035,39.2788,28.0911,45.03
1994-05-04,26.0135,8.1133,39.2835,28.0945,45.0361
1994-05-05,25.9776,8.1283,39.2148,28.0979,45.0423
1994-05-06,25.7261,8.0496,39.099,28.1014,45.0485
1994-05-09,25.5015,7.9083,39.8942,28.1048,45.0546
1994-05-10,25.6991,7.9517,39.8046,28.1082,45.0608
1994-05-11,25.4655,7.8476,39.8407,28.1116,45.067
1994-05-12,25.5913,7.8789,39.7092,28.115,45.0732
1994-05-13,25.5913,7.8397,39.9599,28.1185,45.0793
1994-05-16,25.6003,7.7466,39.7132,28.1219,45.0855
1994-05-17,25.9776,7.7468,40.0529,28.1253,45.0917
1994-05-18,26.1662,7.9206,39.7434,28.1287,45.0979
1994-05-19,26.2919,7.9876,40.1302,28.1321,45.104
1994-05-20,26.1932,7.9587,40.1139,28.1356,45.1102
1994-05-23,26.1482,7.9483,40.4587,28.139,45.1164
1994-05-24,26.256,8.101,40.6204,28.1424,45.1226
1994-05-25,26.3279,8.1276,40.5465,28.1458,45.1288
1994-05-26,26.3459,8.0751,40.2946,28.1493,45.1349
1994-05-27,26.3728,8.0968,40.3463,28.1527,45.1411
1994-05-30,26.3728,8.0968,40.3463,28.1527,45.1411
1994-05-31,26.3369,8.1405,40.5754,28.1595,45.1535
1994-06-01,26.4537,8.1486,40.4387,28.163,45.1597
1994-06-02,26.4267,8.1793,40.1188,28.1633,45.167
1994-06-03,26.5794,8.2247,40.0868,28.1636,45.1743
1994-06-06,26.5704,8.2251,39.6099,28.1639,45.1816
1994-06-07,26.5345,8.1647,39.8291,28.1642,45.1889
1994-06-08,26.3189,7.9714,39.9279,28.1645,45.1961
1994-06-09,26.4626,7.9563,40.0425,28.1648,45.2034
1994-06-10,26.5075,8.0495,40.0942,28.1651,45.2107
1994-06-13,26.5434,7.9902,40.0465,28.1654,45.218
1994-06-14,26.7501,8.1083,40.1715,28.1657,45.2254
1994-06-15,26.6423,8.1168,40.2023,28.166,45.2327
1994-06-16,26.6962,8.1172,40.4895,28.1663,45.24
1994-06-17,26.5481,7.9912,40.5935,28.1666,45.2473
1994-06-20,26.322,7.9029,40.7447,28.1669,45.2546
1994-06-21,26.096,7.7556,40.8487,28.1672,45.2619
1994-06-22,26.1955,7.8039,41.0731,28.1675,45.2692
1994-06-23,26.0418,7.5946,40.7114,28.1678,45.2765
1994-06-24,25.4992,7.5574,40.805,28.1681,45.2838
1994-06-27,25.9423,7.7592,40.7363,28.1684,45.2911
1994-06-28,25.8157,7.7783,40.4531,28.1687,45.2984
1994-06-29,25.8971,7.7929,40.3426,28.169,45.3058
1994-06-30,25.7343,7.7406,40.6298,28.1693,45.3131
1994-07-01,25.7886,7.7347,40.2472,28.1696,45.3204
1994-07-04,25.7886,7.7347,40.2472,28.1696,45.3204
1994-07-05,25.9242,7.6676,40.5285,28.2041,45.3349
1994-07-06,25.888,7.5969,40.3396,28.2213,45.3422
1994-07-07,25.9965,7.7173,40.0773,28.2386,45.3494
1994-07-08,25.9875,7.719,40.0924,28.2559,45.3567
1994-07-11,25.8971,7.7077,40.3639,28.2732,45.3639
1994-07-12,25.9333,7.7618,40.4208,28.2905,45.3712
1994-07-13,25.9785,7.93,40.2475,28.3078,45.3785
1994-07-14,26.2588,7.8951,40.1998,28.3251,45.3857
1994-07-15,26.2678,7.889,40.2725,28.3424,45.393
1994-07-18,26.313,7.9092,40.4393,28.3597,45.4003
1994-07-19,26.2588,7.8348,40.2451,28.3771,45.4075
1994-07-20,26.1412,7.7232,40.5374,28.3944,45.4148
1994-07-21,26.1955,7.7807,40.3746,28.4118,45.4221
1994-07-22,26.2407,7.8419,40.1752,28.4292,45.4294
1994-07-25,26.2769,7.8644,40.2792,28.4466,45.4366
1994-07-26,26.2497,7.8192,40.4042,28.464,45.4439
1994-07-27,26.2497,7.7719,40.6494,28.4814,45.4512
1994-07-28,26.304,7.7789,40.4971,28.4988,45.4585
1994-07-29,26.5662,7.9512,40.1722,28.5162,45.4657
1994-08-01,26.6928,8.0246,40.1559,28.5337,45.473
1994-08-02,26.729,8.0073,39.7525,28.5302,45.4794
1994-08-03,26.738,7.9578,39.5897,28.5268,45.4859
1994-08-04,26.5843,7.8948,39.4897,28.5233,45.4923
1994-08-05,26.4939,7.8862,39.5728,28.5198,45.4987
1994-08-08,26.5572,7.9235,39.499,28.5164,45.5051
1994-08-09,26.6024,7.9615,39.6082,28.5129,45.5116
1994-08-10,26.7019,8.0316,39.571,28.5094,45.518
1994-08-11,26.6024,8.0436,39.4972,28.506,45.5244
1994-08-12,26.8104,8.0966,39.5594,28.5025,45.5309
1994-08-15,26.8013,8.0991,39.3914,28.4991,45.5373
1994-08-16,26.9912,8.1732,39.3594,28.4956,45.5437
1994-08-17,26.9731,8.3099,39.4529,28.4921,45.5502
1994-08-18,26.8827,8.2826,39.8132,28.4887,45.5566
1994-08-19,26.8646,8.2501,39.9329,28.4852,45.563
1994-08-22,26.8375,8.2219,40.0159,28.4818,45.5695
1994-08-23,26.9912,8.3062,39.8846,28.4783,45.5759
1994-08-24,27.2806,8.3427,40.1507,28.4749,45.5823
1994-08-25,27.2082,8.4081,40.0873,28.4714,45.5888
1994-08-26,27.5971,8.5749,40.0867,28.4679,45.5952
1994-08-29,27.5789,8.5572,40.0861,28.4645,45.6017
1994-08-30,27.6513,8.6281,40.4306,28.461,45.6081
1994-08-31,27.5789,8.5455,40.3411,28.4576,45.6145
1994-09-01,27.4885,8.4104,40.3666,28.4541,45.621
1994-09-02,27.371,8.406,40.4392,28.4421,45.6285
1994-09-05,27.371,8.406,40.4392,28.4421,45.6285
1994-09-06,27.38,8.4548,40.5321,28.4181,45.6434
1994-09-07,27.3529,8.5269,40.7511,28.4061,45.6509
1994-09-08,27.4885,8.6063,40.9387,28.3941,45.6584
1994-09-09,27.1992,8.4793,40.8596,28.3822,45.6659
1994-09-12,27.1178,8.4112,40.8956,28.3702,45.6733
1994-09-13,27.1992,8.5189,40.7381,28.3582,45.6808
1994-09-14,27.2263,8.5425,40.8107,28.3462,45.6883
1994-09-15,27.5699,8.7424,40.5696,28.3343,45.6958
1994-09-16,27.375,8.6858,40.7781,28.3223,45.7033
1994-09-19,27.4023,8.6731,40.767,28.3104,45.7108
1994-09-20,26.8837,8.5221,41.1846,28.2984,45.7183
1994-09-21,26.8837,8.4546,41.2885,28.2865,45.7258
1994-09-22,26.82,8.4511,41.1624,28.2746,45.7332
1994-09-23,26.729,8.3791,41.3709,28.2626,45.7407
1994-09-26,26.8655,8.3511,41.3807,28.2507,45.7482
1994-09-27,26.8473,8.3603,41.3801,28.2388,45.7557
1994-09-28,27.0566,8.4169,41.4265,28.2269,45.7632
1994-09-29,26.9201,8.4007,41.3684,28.2149,45.7707
1994-09-30,26.8837,8.4571,41.2789,28.203,45.7782
1994-10-03,26.82,8.4328,41.1005,28.1911,45.7857
1994-10-04,26.4197,8.2178,41.0267,28.1879,45.7944
1994-10-05,26.4288,8.3096,41.1568,28.1846,45.803
1994-10-06,26.347,8.2207,40.9784,28.1813,45.8116
1994-10-07,26.4652,8.3174,40.9778,28.178,45.8203
1994-10-10,26.7473,8.4353,40.8936,28.1747,45.8289
1994-10-11,27.1476,8.5949,40.5218,28.1714,45.8375
1994-10-12,27.184,8.5854,40.5474,28.1681,45.8462
1994-10-13,27.2749,8.5856,40.4788,28.1649,45.8548
1994-10-14,27.3932,8.5628,40.4991,28.1616,45.8634
1994-10-17,27.3386,8.5208,40.6605,28.1583,45.8721
1994-10-18,27.2749,8.5454,40.7382,28.155,45.8807
1994-10-19,27.4023,8.6684,40.8787,28.1517,45.8894
1994-10-20,27.2203,8.6525,40.9251,28.1484,45.898
1994-10-21,27.1112,8.5994,40.8618,28.1452,45.9067
1994-10-24,26.8837,8.5622,40.6887,28.1419,45.9153
1994-10-25,26.911,8.5554,40.6777,28.1386,45.924
1994-10-26,27.0111,8.6702,40.6457,28.1353,45.9326
1994-10-27,27.1748,8.7086,40.6712,28.132,45.9413
1994-10-28,27.748,8.8421,40.519,28.1288,45.9499
1994-10-31,27.6479,8.868,40.116,28.1255,45.9586
1994-11-01,27.3386,8.8037,40.1834,28.1222,45.9673
1994-11-02,27.184,8.779,40.1148,28.1185,45.9749
1994-11-03,27.3295,8.763,40.109,28.1148,45.9826
1994-11-04,26.9747,8.6189,40.1084,28.1111,45.9902
1994-11-07,27.0566,8.5916,39.9928,28.1074,45.9979
1994-11-08,27.2658,8.7471,40.196,28.1037,46.0056
1994-11-09,27.3113,8.766,40.0856,28.1,46.0132
1994-11-10,27.1203,8.7187,40.1477,28.0963,46.0209
1994-11-11,27.0202,8.6898,40.262,28.0926,46.0286
1994-11-14,27.2749,8.8484,40.2405,28.0889,46.0363
1994-11-15,27.184,8.84,40.4071,28.0852,46.0439
1994-11-16,27.2749,8.8601,40.3595,28.0815,46.0516
1994-11-17,27.093,8.8227,40.4111,28.0778,46.0593
1994-11-18,27.0566,8.8537,40.1231,28.0741,46.0669
1994-11-21,26.7837,8.786,40.0598,28.0705,46.0746
1994-11-22,26.2014,8.5423,40.101,28.0668,46.0823
1994-11-23,26.347,8.5259,40.1944,28.0631,46.09
1994-11-24,26.347,8.5259,40.1944,28.0631,46.09
1994-11-25,26.4743,8.6117,40.2089,28.0557,46.1053
1994-11-28,26.5926,8.6685,40.1195,28.052,46.113
1994-11-29,26.5835,8.7818,40.0353,28.0483,46.1207
1994-11-30,26.5471,8.6898,40.0242,28.0446,46.1284
1994-12-01,26.2833,8.5361,39.7102,28.0409,46.1361
1994-12-02,26.5289,8.63,39.5946,28.0391,46.1462
1994-12-05,26.5562,8.6443,39.3433,28.0373,46.1563
1994-12-06,26.5744,8.5857,39.2539,28.0356,46.1664
1994-12-07,26.3834,8.4948,39.3839,28.0338,46.1765
1994-12-08,26.1286,8.2919,39.2997,28.032,46.1866
1994-12-09,26.2287,8.3418,39.3305,28.0302,46.1967
1994-12-12,26.4015,8.3471,39.3978,28.0284,46.2068
1994-12-13,26.5016,8.3181,39.6009,28.0266,46.2169
1994-12-14,26.6381,8.4065,39.7465,28.0248,46.227
1994-12-15,26.72,8.4504,39.6101,28.023,46.2372
1994-12-16,26.8493,8.4141,39.7296,28.0213,46.2473
1994-12-19,26.886,8.3799,39.6089,28.0195,46.2574
1994-12-20,26.8034,8.3839,39.8903,28.0177,46.2675
1994-12-21,27.0877,8.5382,39.9054,28.0159,46.2776
1994-12-22,27.0052,8.581,39.8525,28.0141,46.2878
1994-12-23,27.0327,8.6099,39.8519,28.0123,46.2979
1994-12-26,27.0327,8.6099,39.8519,28.0123,46.2979
1994-12-27,27.1794,8.6716,39.8507,28.0087,46.3182
1994-12-28,27.0418,8.5906,39.871,28.007,46.3283
1994-12-29,27.0602,8.7204,40.027,28.0052,46.3384
1994-12-30,26.7393,8.6766,40.0264,28.0034,46.3486
1995-01-02,26.7393,8.6765,40.0258,28.0016,46.3587
1995-01-03,26.8676,8.5419,39.7798,28.0079,46.3681
1995-01-04,26.996,8.5772,39.2257,28.0141,46.3774
1995-01-05,26.996,8.5422,39.1937,28.0204,46.3868
1995-01-06,27.0235,8.6187,39.1827,28.0267,46.3961
1995-01-09,27.051,8.6603,38.8897,28.033,46.4055
1995-01-10,27.0785,8.7469,39.0666,28.0392,46.4148
1995-01-11,27.0968,8.7368,39.2227,28.0455,46.4242
1995-01-12,27.1061,8.7414,39.7338,28.0518,46.4335
1995-01-13,27.427,8.8092,39.5347,28.0581,46.4429
1995-01-16,27.592,8.8092,39.5347,28.0581,46.4429
1995-01-17,27.6012,8.9466,39.6588,28.0706,46.4616
1995-01-18,27.5737,8.9974,39.9506,28.0769,46.471
1995-01-19,27.4178,8.9666,39.8769,28.0832,46.4804
1995-01-20,27.3169,8.8013,40.0799,28.0895,46.4897
1995-01-23,27.3995,8.839,39.9227,28.0958,46.4991
1995-01-24,27.4362,8.8757,39.8124,28.1021,46.5085
1995-01-25,27.5095,8.817,39.8275,28.1084,46.5179
1995-01-26,27.537,8.7232,39.8164,28.1147,46.5272
1995-01-27,27.647,8.7385,39.5078,28.1209,46.5366
1995-01-30,27.5278,8.6202,39.2462,28.1272,46.546
1995-01-31,27.6379,8.6979,39.1412,28.1335,46.5554
1995-02-01,27.6287,8.7349,39.2815,28.1398,46.5648
1995-02-02,27.7937,8.8226,39.2444,28.1643,46.5753
1995-02-03,28.1881,8.9296,39.2177,28.1887,46.5858
1995-02-06,28.3073,9.0323,39.097,28.2132,46.5963
1995-02-07,28.3439,9.0245,39.0965,28.2377,46.6068
1995-02-08,28.3439,9.1337,39.1063,28.2622,46.6173
1995-02-09,28.3439,9.1501,39.3145,28.2867,46.6278
1995-02-10,28.3806,9.2432,39.293,28.3113,46.6384
1995-02-13,28.3898,9.2002,39.0941,28.3358,46.6489
1995-02-14,28.4265,9.2225,39.2501,28.3604,46.6594
1995-02-15,28.5824,9.2799,39.3121,28.3851,46.6699
1995-02-16,28.5457,9.2448,39.3271,28.4097,46.6805
1995-02-17,28.4357,9.1332,39.4831,28.4343,46.691
1995-02-20,28.4357,9.1332,39.4831,28.4343,46.691
1995-02-21,28.4265,9.115,39.5237,28.4837,46.7121
1995-02-22,28.6374,9.2092,39.5805,28.5085,46.7226
1995-02-23,28.6833,9.2481,39.6112,28.5332,46.7332
1995-02-24,28.7566,9.1921,39.4279,28.558,46.7437
1995-02-27,28.5273,9.1133,39.2029,28.5828,46.7543
1995-02-28,28.7658,9.2795,39.2858,28.6076,46.7648
1995-03-01,28.5824,9.2215,39.2121,28.6324,46.7754
1995-03-02,28.6191,9.2617,39.1124,28.6401,46.785
1995-03-03,28.6282,9.3689,39.3727,28.6479,46.7947
1995-03-06,28.6466,9.3809,39.5391,28.6556,46.8043
1995-03-07,28.4265,9.271,39.8673,28.6633,46.8139
1995-03-08,28.4999,9.3758,39.6579,28.6711,46.8236
1995-03-09,28.4907,9.3759,39.7512,28.6788,46.8332
1995-03-10,28.9125,9.4776,39.8028,28.6866,46.8429
1995-03-13,28.885,9.4573,40.2301,28.6943,46.8526
1995-03-14,29.0959,9.5742,40.146,28.702,46.8622
1995-03-15,29.0408,9.5162,40.2967,28.7098,46.8719
1995-03-16,29.2151,9.5399,40.0404,28.7175,46.8815
1995-03-17,29.2441,9.524,39.9302,28.7253,46.8912
1995-03-20,29.2441,9.5812,39.8827,28.7331,46.9009
1995-03-21,29.1704,9.5923,39.9551,28.7408,46.9105
1995-03-22,29.198,9.5922,39.8867,28.7486,46.9202
1995-03-23,29.2165,9.6284,40.0113,28.7563,46.9299
1995-03-24,29.6313,9.7701,39.8698,28.7641,46.9395
1995-03-27,29.7512,9.8063,39.8796,28.7719,46.9492
1995-03-28,29.7512,9.8796,39.8268,28.7796,46.9589
1995-03-29,29.742,9.6935,39.9619,28.7874,46.9686
1995-03-30,29.6867,9.6194,40.003,28.7952,46.9783
1995-03-31,29.5668,9.5921,40.8997,28.8029,46.9879
1995-04-03,29.6405,9.6208,40.9304,28.8107,46.9976
1995-04-04,29.8342,9.4785,40.8671,28.8388,47.0087
1995-04-05,29.8342,9.5385,40.903,28.867,47.0199
1995-04-06,29.9448,9.4367,41.0432,28.8951,47.031
1995-04-07,29.9172,9.5244,41.0113,28.9233,47.0421
1995-04-10,29.9724,9.6391,40.6142,28.9516,47.0533
1995-04-11,29.8711,9.7242,40.6867,28.9798,47.0644
1995-04-12,29.9724,9.8024,40.6913,29.0081,47.0755
1995-04-13,30.1384,9.8441,40.602,29.0364,47.0867
1995-04-14,30.1384,9.8441,40.602,29.0364,47.0867
1995-04-17,29.9632,9.8039,40.6007,29.0931,47.109
1995-04-18,29.8618,9.7259,40.9809,29.1215,47.1201
1995-04-19,29.8342,9.5892,41.2619,29.1499,47.1313
1995-04-20,29.8803,9.631,41.0265,29.1783,47.1424
1995-04-21,30.0278,9.6809,40.7182,29.2068,47.1536
1995-04-24,30.3781,9.7896,40.7489,29.2353,47.1647
1995-04-25,30.2951,9.8472,40.6544,29.2638,47.1759
1995-04-26,30.3228,9.9314,40.5651,29.2924,47.1871
1995-04-27,30.3966,9.9809,40.2985,29.3209,47.1982
1995-04-28,30.4426,10.0713,40.6525,29.3496,47.2094
1995-05-01,30.3597,9.9959,40.3859,29.3782,47.2206
1995-05-02,30.4242,9.9815,40.5261,29.4163,47.2306
1995-05-03,30.8483,10.1863,40.5411,29.4544,47.2406
1995-05-04,30.8299,10.1684,40.6865,29.4925,47.2506
1995-05-05,30.793,10.0868,40.7798,29.5307,47.2606
1995-05-08,31.0143,10.2257,40.7792,29.569,47.2706
1995-05-09,30.9866,10.2089,40.4761,29.6073,47.2806
1995-05-10,31.0235,10.1419,39.9644,29.6456,47.2906
1995-05-11,31.1064,10.2853,40.0107,29.684,47.3006
1995-05-12,31.1249,10.3629,40.1092,29.7225,47.3106
1995-05-15,31.2724,10.4303,40.02,29.761,47.3206
1995-05-16,31.2908,10.5311,40.0298,29.7995,47.3306
1995-05-17,31.171,10.6093,39.9301,29.8381,47.3407
1995-05-18,30.7193,10.4661,39.9399,29.8768,47.3507
1995-05-19,30.7377,10.5057,39.9393,29.9155,47.3607
1995-05-22,31.0788,10.6176,39.7875,29.9543,47.3707
1995-05-23,31.3646,10.7897,39.8338,29.9931,47.3808
1995-05-24,31.3462,10.7335,39.9479,30.0319,47.3908
1995-05-25,31.3738,10.7582,40.2288,30.0708,47.4008
1995-05-26,31.0143,10.6381,40.1969,30.1098,47.4109
1995-05-29,31.0143,10.6381,40.1969,30.1098,47.4109
1995-05-30,31.005,10.3381,40.2218,30.1878,47.4309
1995-05-31,31.6504,10.4671,40.07,30.2269,47.441
1995-06-01,31.5675,10.5284,39.9859,30.2661,47.451
1995-06-02,31.5951,10.5645,40.0531,30.2749,47.4615
1995-06-05,31.7887,10.7394,39.9587,30.2837,47.4719
1995-06-06,31.7334,10.6173,40.0571,30.2926,47.4824
1995-06-07,31.5675,10.6608,40.2337,30.3014,47.4929
1995-06-08,31.4937,10.7403,40.1445,30.3102,47.5033
1995-06-09,31.3093,10.7305,40.2846,30.3191,47.5138
1995-06-12,31.4844,10.7579,40.3987,30.3279,47.5243
1995-06-13,31.8256,10.8357,40.3459,30.3368,47.5347
1995-06-14,31.7979,10.8521,40.4235,30.3456,47.5452
1995-06-15,31.9362,10.9785,40.5011,30.3545,47.5557
1995-06-16,32.0306,11.0981,40.7924,30.3633,47.5662
1995-06-19,32.3923,11.3759,40.7084,30.3722,47.5767
1995-06-20,32.3088,11.5692,40.7338,30.381,47.5872
1995-06-21,32.2902,11.4827,40.728,30.3899,47.5976
1995-06-22,32.7169,11.7086,40.6179,30.3987,47.6081
1995-06-23,32.6519,11.6785,40.5704,30.4076,47.6186
1995-06-26,32.2624,11.5033,40.5489,30.4165,47.6291
1995-06-27,32.1975,11.3177,40.59,30.4253,47.6396
1995-06-28,32.3644,11.3779,40.4695,30.4342,47.6501
1995-06-29,32.3088,11.497,40.3698,30.4431,47.6606
1995-06-30,32.2902,11.5359,40.3432,30.452,47.6711
1995-07-03,32.4108,11.556,40.0767,30.4608,47.6816
1995-07-04,32.4108,11.556,40.0767,30.4608,47.6816
1995-07-05,32.5314,11.6506,40.0495,30.4325,47.7024
1995-07-06,32.9487,11.8752,40.0384,30.4184,47.7128
1995-07-07,33.097,12.1686,40.2046,30.4043,47.7232
1995-07-10,33.1156,12.2972,40.2092,30.3902,47.7335
1995-07-11,32.9579,12.0917,40.0991,30.3761,47.7439
1995-07-12,33.366,12.4288,40.3017,30.362,47.7543
1995-07-13,33.2918,12.5046,40.5617,30.3479,47.7647
1995-07-14,33.2639,12.646,40.4777,30.3338,47.7751
1995-07-17,33.4494,12.7973,40.4771,30.3197,47.7855
1995-07-18,33.162,12.4017,40.6015,30.3056,47.7959
1995-07-19,32.8003,11.7297,40.6895,30.2915,47.8063
1995-07-20,32.9208,11.7984,40.3137,30.2774,47.8167
1995-07-21,32.8837,11.7436,40.2193,30.2634,47.8271
1995-07-24,33.1249,12.0621,40.2916,30.2493,47.8375
1995-07-25,33.3752,12.2779,40.2962,30.2353,47.8479
1995-07-26,33.3474,12.3664,40.2227,30.2212,47.8584
1995-07-27,33.6256,12.5251,40.1908,30.2072,47.8688
1995-07-28,33.4123,12.3091,39.9088,30.1932,47.8792
1995-07-31,33.3289,12.1954,39.9447,30.1792,47.8896
1995-08-01,33.2733,11.988,39.892,30.1651,47.9
1995-08-02,33.1991,11.824,39.8705,30.1735,47.9097
1995-08-03,33.1898,11.856,40.0106,30.1819,47.9193
1995-08-04,33.2268,12.0171,40.01,30.1903,47.9289
1995-08-07,33.301,12.0829,40.0198,30.1987,47.9386
1995-08-08,33.301,12.1269,40.0608,30.2071,47.9482
1995-08-09,33.2918,12.3365,40.0498,30.2155,47.9579
1995-08-10,33.2176,12.2133,40.0127,30.2239,47.9675
1995-08-11,33.0321,12.3395,39.96,30.2323,47.9771
1995-08-14,33.3289,12.5343,39.9542,30.2407,47.9868
1995-08-15,33.2639,12.5196,40.2505,30.2491,47.9964
1995-08-16,33.3567,12.7849,39.7967,30.2575,48.0061
1995-08-17,33.301,12.7816,40.0409,30.2659,48.0157
1995-08-18,33.3381,12.7652,40.0559,30.2743,48.0254
1995-08-21,33.2454,12.4086,40.0762,30.2828,48.035
1995-08-22,33.3104,12.6306,40.0078,30.2912,48.0447
1995-08-23,33.1898,12.6749,39.8718,30.2996,48.0544
1995-08-24,33.2268,12.4998,40.0014,30.308,48.064
1995-08-25,33.4123,12.4342,39.9071,30.3164,48.0737
1995-08-28,33.2918,12.1329,39.9064,30.3249,48.0834
1995-08-29,33.3752,12.1493,39.8954,30.3333,48.093
1995-08-30,33.4494,12.2781,39.7542,30.3417,48.1027
1995-08-31,33.4772,12.3624,39.8265,30.3502,48.1124
1995-09-01,33.6256,12.286,39.7373,30.3586,48.122
1995-09-04,33.6256,12.286,39.7373,30.3586,48.122
1995-09-05,33.941,12.7606,39.5174,30.3641,48.142
1995-09-06,34.0058,12.7339,39.5845,30.3669,48.152
1995-09-07,34.0244,12.8414,39.7297,30.3697,48.162
1995-09-08,34.1542,12.9513,39.8281,30.3724,48.172
1995-09-11,34.247,13.0686,39.7962,30.3752,48.182
1995-09-12,34.4046,12.9879,39.8997,30.378,48.1919
1995-09-13,34.5622,13.0245,40.0866,30.3807,48.2019
1995-09-14,34.8776,12.9476,40.1068,30.3835,48.2119
1995-09-15,34.8682,12.6237,40.0958,30.3863,48.2219
1995-09-18,34.7376,12.669,40.1368,30.389,48.2319
1995-09-19,34.9055,12.8809,40.0789,30.3918,48.2419
1995-09-20,35.0732,12.9273,40.0419,30.3946,48.2519
1995-09-21,34.7842,12.7485,39.9267,30.3973,48.262
1995-09-22,34.7936,12.701,39.9365,30.4001,48.272
1995-09-25,34.7376,12.6,39.8578,30.4029,48.282
1995-09-26,34.7283,12.4464,39.9665,30.4057,48.292
1995-09-27,34.7003,12.3488,39.9607,30.4084,48.302
1995-09-28,34.9614,12.7606,39.9341,30.4112,48.312
1995-09-29,34.8961,12.5385,39.9855,30.414,48.322
1995-10-02,34.719,12.2982,39.9068,30.4167,48.3321
1995-10-03,34.7563,12.2829,39.7969,30.4245,48.3421
1995-10-04,34.719,11.9791,39.8275,30.4323,48.3522
1995-10-05,34.8215,12.2739,39.905,30.44,48.3623
1995-10-06,34.8495,12.1596,39.8836,30.4478,48.3724
1995-10-09,34.5605,11.7204,40.0339,30.4556,48.3825
1995-10-10,34.5418,11.8024,40.0958,30.4633,48.3925
1995-10-11,34.6537,12.0931,40.0327,30.4711,48.4026
1995-10-12,34.8682,12.2809,40.0269,30.4789,48.4127
1995-10-13,34.98,12.2144,39.9586,30.4867,48.4228
1995-10-16,34.8122,12.1813,39.9632,30.4944,48.4329
1995-10-17,35.0453,12.6306,39.9157,30.5022,48.443
1995-10-18,35.1478,12.8135,39.9412,30.51,48.4531
1995-10-19,35.3157,12.8839,39.7428,30.5178,48.4632
1995-10-20,35.1012,12.6828,39.7421,30.5256,48.4733
1995-10-23,35.0266,12.7125,39.8248,30.5334,48.4834
1995-10-24,35.0639,12.733,39.819,30.5412,48.4935
1995-10-25,34.7749,12.5207,39.834,30.5489,48.5036
1995-10-26,34.4579,12.4808,39.8594,30.5567,48.5137
1995-10-27,34.719,12.7177,39.8276,30.5645,48.5239
1995-10-30,34.9427,13.0083,39.7801,30.5723,48.534
1995-10-31,34.7936,12.83,39.8316,30.5801,48.5441
1995-11-01,35.0732,12.8755,39.7581,30.5879,48.5542
1995-11-02,35.297,13.1707,39.7679,30.6007,48.5635
1995-11-03,35.3436,13.321,39.8193,30.6135,48.5729
1995-11-06,35.2224,13.1925,39.7823,30.6262,48.5822
1995-11-07,35.0919,12.7748,40.0523,30.639,48.5915
1995-11-08,35.4089,12.8281,40.0517,30.6518,48.6008
1995-11-09,35.5394,13.2186,40.0719,30.6645,48.6102
1995-11-10,35.5207,13.2186,40.0719,30.6645,48.6102
1995-11-13,35.4834,13.0335,40.4142,30.6901,48.6288
1995-11-14,35.2504,12.6769,40.1586,30.7029,48.6382
1995-11-15,35.6046,12.7153,40.1007,30.7157,48.6475
1995-11-16,35.8005,12.6771,40.0897,30.7285,48.6569
1995-11-17,35.9123,12.6151,40.2088,30.7413,48.6662
1995-11-20,35.7259,12.2478,40.2029,30.7542,48.6756
1995-11-21,36.0148,12.3023,40.2023,30.767,48.6849
1995-11-22,35.903,12.1912,39.9988,30.7798,48.6943
1995-11-23,35.903,12.1912,39.9988,30.7798,48.6943
1995-11-24,35.9962,12.3899,39.9039,30.8055,48.713
1995-11-27,36.0055,12.2953,40.023,30.8183,48.7223
1995-11-28,36.3878,12.8113,40.4698,30.8312,48.7317
1995-11-29,36.4251,12.845,40.4276,30.844,48.741
1995-11-30,36.3412,12.7194,40.3541,30.8569,48.7504
1995-12-01,36.3878,12.5758,40.187,30.8698,48.7597
1995-12-04,36.8353,12.8109,40.1552,30.8924,48.7715
1995-12-05,37.0777,12.6658,40.2222,30.915,48.7832
1995-12-06,37.1616,12.6389,40.4141,30.9376,48.795
1995-12-07,36.9658,12.5777,40.351,30.9602,48.8067
1995-12-08,37.087,12.8401,40.4545,30.9829,48.8185
1995-12-11,37.2455,12.7699,40.5371,31.0055,48.8302
1995-12-12,37.1336,12.5327,40.4532,31.0282,48.842
1995-12-13,37.3667,12.5861,40.3278,31.0509,48.8537
1995-12-14,37.0963,12.1308,40.1295,31.0737,48.8655
1995-12-15,37.1039,12.0663,40.1809,31.0964,48.8773
1995-12-18,36.3911,11.7397,40.2843,31.1192,48.889
1995-12-19,36.7756,12.3173,40.3773,31.1419,48.9008
1995-12-20,36.4192,12.106,40.3247,31.1647,48.9126
1995-12-21,36.6068,12.4403,40.3709,31.1875,48.9244
1995-12-22,36.7381,12.5349,40.3703,31.2103,48.9361
1995-12-25,36.7381,12.5349,40.3703,31.2103,48.9361
1995-12-26,36.9163,12.5328,40.369,31.256,48.9597
1995-12-27,36.8975,12.4316,40.2644,31.2789,48.9715
1995-12-28,36.86,12.2514,40.2586,31.3018,48.9833
1995-12-29,36.9069,12.3427,40.258,31.3247,48.9951
1996-01-01,36.9069,12.3427,40.258,31.3247,48.9951
1996-01-02,37.3008,12.5505,40.4804,31.3459,49.0156
1996-01-03,37.404,12.2581,40.9219,31.3442,49.0243
1996-01-04,37.0476,12.0693,41.0097,31.3425,49.033
1996-01-05,36.9726,12.1047,41.1807,31.3408,49.0418
1996-01-08,37.1133,12.062,41.2528,31.3391,49.0505
1996-01-09,36.4755,11.4465,41.039,31.3374,49.0592
1996-01-10,35.9971,11.4651,41.6052,31.3357,49.068
1996-01-11,36.2129,11.8914,41.5006,31.3341,49.0767
1996-01-12,36.1566,11.838,41.5624,31.3324,49.0854
1996-01-15,36.0815,11.838,41.5624,31.3324,49.0854
1996-01-16,36.5224,11.6952,41.3531,31.329,49.1029
1996-01-17,36.4098,11.6835,41.3628,31.3273,49.1117
1996-01-18,36.5317,11.8721,41.3414,31.3256,49.1204
1996-01-19,36.7756,12.0931,41.5072,31.3239,49.1292
1996-01-22,36.785,12.2346,41.829,31.3222,49.1379
1996-01-23,36.8694,12.1509,41.9791,31.3205,49.1466
1996-01-24,37.1695,12.4676,41.8589,31.3188,49.1554
1996-01-25,37.0382,12.2559,42.2846,31.3171,49.1641
1996-01-26,37.3571,12.3584,42.2736,31.3154,49.1729
1996-01-29,37.5072,12.3407,42.065,31.3137,49.1816
1996-01-30,37.8261,12.5068,42.2775,31.312,49.1904
1996-01-31,38.22,12.6744,42.1729,31.3103,49.1992
1996-02-01,38.3607,12.8898,42.5414,31.3086,49.2079
1996-02-02,38.2012,12.8798,43.1023,31.2836,49.2169
1996-02-05,38.5107,13.1806,43.1328,31.2587,49.2259
1996-02-06,38.8765,13.2604,42.8722,31.2337,49.2349
1996-02-07,39.1016,13.1719,43.0691,31.2088,49.2439
1996-02-08,39.5237,13.3587,42.4133,31.1839,49.2529
1996-02-09,39.5143,13.3417,42.4231,31.159,49.2619
1996-02-12,39.8145,13.3904,42.0585,31.1341,49.2709
1996-02-13,39.7301,13.2458,41.9227,31.1093,49.2799
1996-02-14,39.383,13.2253,41.9117,31.0845,49.2889
1996-02-15,39.1392,13.2818,42.067,31.0597,49.2979
1996-02-16,38.9797,13.2562,42.0924,31.0349,49.3069
1996-02-19,38.9797,13.2562,42.0924,31.0349,49.3069
1996-02-20,38.5951,13.2086,41.8155,30.9854,49.3249
1996-02-21,39.0735,13.4323,41.2535,30.9606,49.3339
1996-02-22,39.6925,13.7776,41.5492,30.9359,49.3429
1996-02-23,39.58,13.76,41.403,30.9112,49.3519
1996-02-26,39.0172,13.6598,41.4803,30.8866,49.3609
1996-02-27,38.8953,13.5137,41.5317,30.8619,49.37
1996-02-28,38.7171,13.5209,41.3283,30.8373,49.379
1996-02-29,38.3419,13.3364,41.6499,30.8127,49.388
1996-03-01,38.9516,12.9494,41.4102,30.7881,49.397
1996-03-04,39.1767,12.8795,40.9262,30.7974,49.4064
1996-03-05,39.5425,13.1873,40.9152,30.8067,49.4158
1996-03-06,39.1954,13.015,40.9145,30.816,49.4252
1996-03-07,39.3924,13.0516,40.9451,30.8254,49.4345
1996-03-08,38.1168,12.6695,41.2459,30.8347,49.4439
1996-03-11,38.5576,12.9642,41.1362,30.844,49.4533
1996-03-12,38.2575,12.8258,41.1875,30.8533,49.4627
1996-03-13,38.5201,13.1625,41.2129,30.8627,49.4721
1996-03-14,38.689,13.0727,41.1083,30.872,49.4815
1996-03-15,38.6634,13.3113,41.1284,30.8813,49.4909
1996-03-18,39.4076,13.5585,40.9511,30.8907,49.5003
1996-03-19,39.3228,13.4755,41.0648,30.9,49.5097
1996-03-20,39.2757,13.1729,41.0434,30.9094,49.5191
1996-03-21,39.1815,13.0925,41.1363,30.9187,49.5285
1996-03-22,39.2851,13.1218,41.3332,30.9281,49.5379
1996-03-25,39.2097,12.7992,41.3533,30.9374,49.5473
1996-03-26,39.3982,12.8903,41.5606,30.9468,49.5567
1996-03-27,39.0402,13.0183,41.6067,30.9561,49.5661
1996-03-28,39.1909,13.0186,41.4346,30.9655,49.5755
1996-03-29,39.0025,13.053,41.1897,30.9749,49.5849
1996-04-01,39.4547,13.1235,40.9657,30.9842,49.5943
1996-04-02,39.5301,13.1838,40.9806,30.9793,49.6038
1996-04-03,39.5301,13.2428,41.0112,30.9743,49.6133
1996-04-04,39.5018,13.2305,40.917,30.9694,49.6229
1996-04-05,39.5018,13.2305,40.917,30.9694,49.6229
1996-04-08,38.8235,13.0721,40.9158,30.9595,49.6419
1996-04-09,38.6728,13.0816,41.1801,30.9546,49.6514
1996-04-10,37.9851,13.0397,40.9976,30.9496,49.6609
1996-04-11,37.9379,12.9318,40.971,30.9447,49.6704
1996-04-12,38.4184,12.9526,41.0172,30.9397,49.6799
1996-04-15,38.7387,13.0816,40.8555,30.9348,49.6894
1996-04-16,38.8518,13.3996,40.886,30.9298,49.699
1996-04-17,38.7575,13.2876,40.6361,30.9249,49.7085
1996-04-18,38.8141,13.56,40.5731,30.92,49.718
1996-04-19,38.9083,13.5507,40.614,30.915,49.7275
1996-04-22,39.2097,13.792,40.6238,30.9101,49.737
1996-04-23,39.3322,14.0103,40.7011,30.9051,49.7466
1996-04-24,39.1909,14.214,40.6018,30.9002,49.7561
1996-04-25,39.3699,14.271,40.8609,30.8953,49.7656
1996-04-26,39.4547,14.2703,40.7148,30.8903,49.7752
1996-04-29,39.4547,14.2776,40.6051,30.8854,49.7847
1996-04-30,39.4264,14.2718,40.6512,30.8805,49.7942
1996-05-01,39.5112,14.4136,40.7545,30.8755,49.8038
1996-05-02,38.8329,14.0575,40.7643,30.8695,49.8129
1996-05-03,38.7764,14.1503,40.9299,30.8635,49.8219
1996-05-06,38.7387,14.19,40.9292,30.8574,49.831
1996-05-07,38.5785,14.1447,40.8975,30.8514,49.8401
1996-05-08,39.059,14.2026,41.0111,30.8453,49.8492
1996-05-09,39.0307,14.1813,40.7923,30.8393,49.8583
1996-05-10,39.417,14.3952,40.8436,30.8333,49.8673
1996-05-13,40.0105,14.7372,40.6145,30.8272,49.8764
1996-05-14,40.2555,14.885,40.5827,30.8212,49.8855
1996-05-15,40.2084,14.772,40.7379,30.8152,49.8946
1996-05-16,40.2932,14.8809,40.7061,30.8091,49.9037
1996-05-17,40.5099,14.7857,40.7107,30.8031,49.9128
1996-05-20,40.783,14.8383,40.5958,30.7971,49.9219
1996-05-21,40.7265,14.7224,40.6108,30.7911,49.931
1996-05-22,41.1128,14.7345,40.5894,30.785,49.9401
1996-05-23,40.9432,14.8127,40.6511,30.779,49.9492
1996-05-24,41.1033,14.7445,40.5933,30.773,49.9583
1996-05-27,41.1033,14.7445,40.5933,30.773,49.9583
1996-05-28,40.6888,14.6621,40.7115,30.7609,49.9765
1996-05-29,40.4156,14.4912,40.6071,30.7549,49.9856
1996-05-30,40.6229,14.6398,40.6376,30.7489,49.9947
1996-05-31,40.3214,14.8184,40.5591,30.7429,50.0038
1996-06-03,40.4345,14.7511,40.574,30.7369,50.0129
1996-06-04,40.7171,14.8225,40.4696,30.75,50.0236
1996-06-05,41.0751,14.967,40.2561,30.7632,50.0343
1996-06-06,40.7736,14.7028,39.9647,30.7763,50.045
1996-06-07,40.7736,14.798,40.1458,30.7895,50.0556
1996-06-10,40.6417,14.7418,40.0465,30.8026,50.0663
1996-06-11,40.604,14.7866,39.968,30.8158,50.077
1996-06-12,40.5287,14.9196,39.9571,30.829,50.0877
1996-06-13,40.5287,14.8056,39.9461,30.8422,50.0984
1996-06-14,40.3591,14.5763,39.8831,30.8553,50.1091
1996-06-17,40.3308,14.5186,39.976,30.8685,50.1198
1996-06-18,40.0011,14.2538,39.9598,30.8817,50.1305
1996-06-19,40.1801,14.289,40.1097,30.8949,50.1412
1996-06-20,40.1518,14.2189,39.9119,30.9081,50.1519
1996-06-21,40.4953,14.3917,39.7867,30.9214,50.1626
1996-06-24,40.5711,14.4909,39.8899,30.9346,50.1733
1996-06-25,40.5237,14.2954,39.9827,30.9478,50.184
1996-06-26,40.2491,14.1166,39.8471,30.961,50.1948
1996-06-27,40.5332,14.3618,39.7583,30.9743,50.2055
1996-06-28,40.6752,14.4933,39.659,30.9875,50.2162
1996-07-01,41.0257,14.7022,39.6117,31.0008,50.2269
1996-07-02,40.8742,14.5544,39.6526,31.0065,50.236
1996-07-03,40.7889,14.4189,39.652,31.0123,50.245
1996-07-04,40.7889,14.4189,39.652,31.0123,50.245
1996-07-05,39.7472,14.0729,39.6041,31.0239,50.2632
1996-07-08,39.5862,14.0368,39.645,31.0296,50.2723
1996-07-09,39.7472,14.1386,39.7482,31.0354,50.2814
1996-07-10,39.9081,14.0676,39.758,31.0412,50.2904
1996-07-11,39.1032,13.6038,39.7262,31.047,50.2995
1996-07-12,39.1316,13.5883,39.8191,31.0528,50.3086
1996-07-15,37.9762,12.9855,39.7302,31.0585,50.3177
1996-07-16,38.0709,13.1429,39.8853,31.0643,50.3268
1996-07-17,38.5255,13.5076,39.7965,31.0701,50.3359
1996-07-18,39.0558,13.7736,39.8582,31.0759,50.3449
1996-07-19,38.7717,13.5448,39.9094,31.0817,50.354
1996-07-22,38.4876,13.3517,39.9452,31.0875,50.3631
1996-07-23,37.9952,12.8019,39.9705,31.0933,50.3722
1996-07-24,38.0709,12.9454,39.8972,31.099,50.3813
1996-07-25,38.4119,13.2735,39.9381,31.1048,50.3904
1996-07-26,38.6202,13.5516,39.9791,31.1106,50.3995
1996-07-29,38.194,13.2759,39.9058,31.1164,50.4086
1996-07-30,38.5634,13.4857,39.9363,31.1222,50.4177
1996-07-31,38.8475,13.6073,39.9876,31.128,50.4268
1996-08-01,39.4915,13.9294,40.0856,31.1338,50.4359
1996-08-02,40.3438,14.2881,40.0953,31.1364,50.446
1996-08-05,40.107,14.1421,40.4476,31.139,50.456
1996-08-06,40.2302,14.3702,40.3172,31.1417,50.4661
1996-08-07,40.3343,14.5986,40.2647,31.1443,50.4762
1996-08-08,40.2681,14.4948,40.2226,31.1469,50.4862
1996-08-09,40.1354,14.5115,40.2116,31.1495,50.4963
1996-08-12,40.429,14.5345,40.1747,31.1521,50.5064
1996-08-13,40.107,14.3143,40.2208,31.1547,50.5164
1996-08-14,40.2491,14.4868,40.1268,31.1573,50.5265
1996-08-15,40.1733,14.485,40.0743,31.16,50.5366
1996-08-16,40.5143,14.382,40.0737,31.1626,50.5466
1996-08-19,40.5332,14.3385,40.0938,31.1652,50.5567
1996-08-20,40.5048,14.1805,40.1658,31.1678,50.5668
1996-08-21,40.3627,14.2777,40.1341,31.1704,50.5769
1996-08-22,40.7415,14.5816,40.1542,31.173,50.587
1996-08-23,40.5237,14.4946,40.2055,31.1757,50.597
1996-08-26,40.3248,14.395,40.2049,31.1783,50.6071
1996-08-27,40.4764,14.526,40.3391,31.1809,50.6172
1996-08-28,40.4101,14.5392,40.3074,31.1835,50.6273
1996-08-29,40.0123,14.3558,40.2549,31.1861,50.6374
1996-08-30,39.5956,14.1946,40.0935,31.1887,50.6475
1996-09-02,39.5956,14.1946,40.0935,31.1887,50.6475
1996-09-03,39.8514,14.3167,40.1078,31.2184,50.6681
1996-09-04,39.8892,14.3147,40.0035,31.2455,50.6787
1996-09-05,39.4062,13.9535,40.0443,31.2726,50.6892
1996-09-06,39.965,14.2079,39.9815,31.2997,50.6998
1996-09-09,40.4385,14.3738,39.8979,31.3269,50.7103
1996-09-10,40.4196,14.3666,39.7417,31.354,50.7209
1996-09-11,40.6469,14.4408,39.7826,31.3812,50.7314
1996-09-12,40.931,14.6659,39.6367,31.4085,50.742
1996-09-13,41.556,15.1408,39.7087,31.4357,50.7525
1996-09-16,41.7076,15.1698,39.7081,31.463,50.7631
1996-09-17,41.6128,15.4537,39.7749,31.4903,50.7737
1996-09-18,41.5086,15.5634,39.7277,31.5176,50.7842
1996-09-19,41.6697,15.7585,39.7011,31.5449,50.7948
1996-09-20,41.8167,15.9009,39.5968,31.5723,50.8054
1996-09-23,41.8072,15.6866,39.5184,31.5997,50.816
1996-09-24,41.7976,15.755,39.6526,31.6271,50.8265
1996-09-25,41.8262,15.949,39.6624,31.6545,50.8371
1996-09-26,41.8072,15.9258,39.4595,31.682,50.8477
1996-09-27,41.8452,15.9283,39.4849,31.7095,50.8583
1996-09-30,41.8072,15.775,39.3079,31.737,50.8689
1996-10-01,42.0356,15.7092,39.271,31.7645,50.8794
1996-10-02,42.3212,15.9882,39.4416,31.7881,50.8885
1996-10-03,42.2831,15.8968,39.2906,31.8117,50.8976
1996-10-04,42.8542,16.2354,39.4818,31.8353,50.9066
1996-10-07,42.9018,16.3572,39.419,31.859,50.9157
1996-10-08,42.7305,16.1094,39.4962,31.8827,50.9248
1996-10-09,42.3973,16.1249,39.5474,31.9063,50.9339
1996-10-10,42.3117,16.0707,39.5883,31.93,50.9429
1996-10-11,42.8352,16.3742,39.484,31.9537,50.952
1996-10-14,42.8923,16.5099,39.499,31.9775,50.9611
1996-10-15,42.8352,16.5759,39.5087,32.0012,50.9702
1996-10-16,43.0446,16.4166,39.56,32.025,50.9792
1996-10-17,43.1588,16.1633,39.4661,32.0488,50.9883
1996-10-18,43.3873,16.1852,39.4032,32.0726,50.9974
1996-10-21,43.3302,15.9595,39.5063,32.0964,51.0065
1996-10-22,43.0256,15.7532,39.7494,32.1203,51.0156
1996-10-23,43.1683,16.0324,39.7643,32.1441,51.0247
1996-10-24,42.7971,16.0047,39.7119,32.168,51.0338
1996-10-25,42.8352,15.9006,39.6646,32.1919,51.0428
1996-10-28,42.5496,15.8596,39.7003,32.2158,51.0519
1996-10-29,42.8923,15.6365,39.5753,32.2397,51.061
1996-10-30,42.7495,15.7465,39.3673,32.2637,51.0701
1996-10-31,43.1588,16.0806,39.346,32.2876,51.0792
1996-11-01,43.0065,16.1557,39.1484,32.3116,51.0883
1996-11-04,43.2921,16.171,39.2618,32.3342,51.0985
1996-11-05,43.5396,16.4634,39.3234,32.3567,51.1086
1996-11-06,44.3773,16.8266,39.1881,32.3793,51.1188
1996-11-07,44.482,17.0087,39.2497,32.4019,51.1289
1996-11-08,44.7294,17.0778,39.2024,32.4245,51.1391
1996-11-11,44.6819,17.2073,39.4454,32.4472,51.1492
1996-11-12,44.5486,16.9798,39.59,32.4698,51.1594
1996-11-13,44.7485,17.0783,39.7656,32.4925,51.1696
1996-11-14,45.0436,17.3144,39.7028,32.5151,51.1797
1996-11-15,45.1007,17.0938,39.3135,32.5378,51.1899
1996-11-18,45.1102,16.9622,39.2973,32.5605,51.2
1996-11-19,45.4339,17.2291,39.2034,32.5832,51.2102
1996-11-20,45.51,17.2848,39.2961,32.606,51.2204
1996-11-21,45.4434,17.1153,39.0778,32.6287,51.2306
1996-11-22,45.7956,17.4979,39.0772,32.6515,51.2407
1996-11-25,46.3763,17.5592,38.9108,32.6743,51.2509
1996-11-26,46.224,17.6503,38.7133,32.6971,51.2611
1996-11-27,46.1382,17.7969,38.6608,32.7199,51.2713
1996-11-28,46.1382,17.7969,38.6608,32.7199,51.2713
1996-11-29,46.3096,17.8317,38.4835,32.7656,51.2916
1996-12-02,46.3286,18.0586,38.4259,32.7885,51.3018
1996-12-03,45.5386,17.9148,38.0781,32.7808,51.3117
1996-12-04,45.6623,17.8449,38.4402,32.7731,51.3215
1996-12-05,45.5386,17.8694,38.2427,32.7654,51.3314
1996-12-06,45.2721,17.6856,38.3717,32.7578,51.3413
1996-12-09,45.9384,18.3147,38.2416,32.7501,51.3511
1996-12-10,45.7194,18.1503,38.1633,32.7424,51.361
1996-12-11,45.3006,18.3088,38.1627,32.7348,51.3709
1996-12-12,44.5486,18.0306,38.1984,32.7271,51.3807
1996-12-13,44.6629,17.7114,38.2392,32.7194,51.3906
1996-12-16,44.0917,17.2053,38.1609,32.7118,51.4005
1996-12-17,44.4439,17.4405,38.1552,32.7041,51.4104
1996-12-18,44.7961,17.884,38.2064,32.6965,51.4202
1996-12-19,45.7194,18.0376,38.2369,32.6888,51.4301
1996-12-20,45.8435,17.8305,38.2363,32.6812,51.44
1996-12-23,45.7287,17.6324,38.2098,32.6735,51.4499
1996-12-24,46.0637,17.8591,38.2092,32.6659,51.4598
1996-12-25,46.0637,17.8591,38.2092,32.6659,51.4598
1996-12-26,46.4178,18.0208,38.2081,32.6506,51.4796
1996-12-27,46.4752,17.8599,38.2748,32.6429,51.4894
1996-12-30,46.0732,17.6681,38.2587,32.6353,51.4993
1996-12-31,45.231,17.5583,38.2581,32.6277,51.5092
1997-01-01,45.231,17.5583,38.2581,32.6277,51.5092
1997-01-02,45.3458,17.4349,37.9772,32.6195,51.5285
1997-01-03,45.9966,18.131,37.7124,32.619,51.538
1997-01-06,45.5947,18.2394,37.142,32.6185,51.5474
1997-01-07,46.1498,18.4808,37.1933,32.618,51.5568
1997-01-08,45.7478,18.2357,36.9441,32.6174,51.5662
1997-01-09,46.1307,18.3181,36.9331,32.6169,51.5757
1997-01-10,46.6283,18.5024,37.1139,32.6164,51.5851
1997-01-13,46.5613,18.4766,37.2532,32.6159,51.5945
1997-01-14,47.1451,18.8399,37.0247,32.6154,51.6039
1997-01-15,47.0303,18.4744,36.7185,32.6148,51.6134
1997-01-16,47.2217,18.6739,36.5729,32.6143,51.6228
1997-01-17,47.5088,18.8835,36.8521,32.6138,51.6322
1997-01-20,47.5662,18.8835,36.8521,32.6138,51.6322
1997-01-21,47.9491,19.5306,36.7422,32.6128,51.6511
1997-01-22,48.2936,19.7825,36.3791,32.6122,51.6605
1997-01-23,47.6237,19.5092,36.047,32.6117,51.67
1997-01-24,47.0112,19.2019,36.5126,32.6112,51.6794
1997-01-27,46.8771,19.019,36.626,32.6107,51.6889
1997-01-28,47.0112,19.0396,36.6358,32.6102,51.6983
1997-01-29,47.4706,19.0751,36.3659,32.6096,51.7078
1997-01-30,48.0831,19.4864,36.1737,32.6091,51.7172
1997-01-31,48.0256,19.6966,35.7848,32.6086,51.7267
1997-02-03,48.1692,19.6208,35.6599,32.6081,51.7361
1997-02-04,48.4659,19.5841,35.8044,32.5941,51.7458
1997-02-05,47.5567,18.966,35.5656,32.5801,51.7554
1997-02-06,47.8725,18.9259,35.503,32.5661,51.765
1997-02-07,48.5233,19.2318,35.1865,32.5522,51.7747
1997-02-10,48.0639,18.638,35.2533,32.5382,51.7843
1997-02-11,48.619,18.6303,35.1492,32.5243,51.7939
1997-02-12,49.3081,19.2455,34.9726,32.5103,51.8036
1997-02-13,49.8441,19.3958,35.4847,32.4964,51.8132
1997-02-14,49.7292,19.2326,35.4583,32.4824,51.8229
1997-02-17,49.7292,19.2326,35.4583,32.4824,51.8229
1997-02-18,50.1503,19.1814,35.7265,32.4546,51.8422
1997-02-19,49.8154,19.1839,35.8553,32.4407,51.8518
1997-02-20,49.2124,18.8125,35.7254,32.4268,51.8615
1997-02-21,49.2316,18.4704,36.5843,32.4128,51.8711
1997-02-24,49.8154,18.8118,36.5578,32.3989,51.8808
1997-02-25,49.8536,18.8497,36.5625,32.385,51.8904
1997-02-26,49.3655,18.8217,36.7328,32.3712,51.9001
1997-02-27,48.6286,18.1343,37.2758,32.3573,51.9098
1997-02-28,48.485,18.1744,37.1303,32.3434,51.9194
1997-03-03,48.8105,18.2943,37.4973,32.3295,51.9291
1997-03-04,48.5425,18.4215,37.212,32.3062,51.9394
1997-03-05,49.3655,18.6357,36.7041,32.2829,51.9498
1997-03-06,49.0784,18.1962,36.5586,32.2596,51.9601
1997-03-07,49.5187,17.9722,36.2681,32.2363,51.9704
1997-03-10,50.0355,18.2671,36.2624,32.2131,51.9808
1997-03-11,49.7675,18.1315,36.4378,32.1898,51.9911
1997-03-12,49.3272,17.9352,36.3803,32.1666,52.0015
1997-03-13,48.5616,17.9603,36.5351,32.1434,52.0118
1997-03-14,48.8105,17.9277,36.5242,32.1202,52.0222
1997-03-17,48.9444,17.7835,36.3787,32.0971,52.0325
1997-03-18,48.418,17.6836,35.8501,32.0739,52.0429
1997-03-19,48.2553,17.3465,36.1394,32.0508,52.0532
1997-03-20,48.0065,17.5585,36.4391,32.0276,52.0636
1997-03-21,48.2281,17.3661,36.5214,32.0045,52.0739
1997-03-24,48.9006,17.1446,36.2517,31.9814,52.0843
1997-03-25,48.4202,17.2474,36.189,31.9584,52.0947
1997-03-26,48.6316,17.8283,35.821,31.9353,52.105
1997-03-27,47.3442,17.494,36.0378,31.9123,52.1154
1997-03-28,47.3442,17.494,36.0378,31.9123,52.1154
1997-03-31,46.3451,17.0305,36.0367,31.8662,52.1361
1997-04-01,46.6429,17.0246,36.2276,31.8433,52.1465
1997-04-02,45.8071,16.7494,36.3358,31.8533,52.1573
1997-04-03,46.0568,17.1927,36.0971,31.8633,52.1681
1997-04-04,46.6333,17.5714,35.9569,31.8733,52.1789
1997-04-07,46.8158,17.783,36.1219,31.8833,52.1897
1997-04-08,47.1521,17.9548,36.1317,31.8933,52.2005
1997-04-09,46.7678,17.7062,35.9966,31.9033,52.2113
1997-04-10,46.5948,17.3792,35.9754,31.9133,52.2221
1997-04-11,45.1154,16.8778,36.011,31.9233,52.2329
1997-04-14,45.7206,17.237,35.8863,31.9333,52.2437
1997-04-15,46.4988,17.0491,35.4977,31.9434,52.2545
1997-04-16,47.0368,17.0635,35.1763,31.9534,52.2653
1997-04-17,46.8447,17.2672,35.2275,31.9634,52.2761
1997-04-18,47.0752,17.4425,35.4029,31.9735,52.2869
1997-04-21,46.7678,17.1447,35.4179,31.9835,52.2977
1997-04-22,47.7957,17.4775,35.3501,31.9936,52.3085
1997-04-23,47.8438,17.9023,35.2874,32.0036,52.3193
1997-04-24,47.6036,17.8974,35.2765,32.0136,52.3302
1997-04-25,47.056,17.4875,35.4157,32.0237,52.341
1997-04-28,47.5171,17.7185,35.203,32.0337,52.3518
1997-04-29,49.0159,18.2924,35.1042,32.0438,52.3626
1997-04-30,49.2464,18.6871,35.1968,32.0539,52.3735
1997-05-01,49.1888,18.8446,35.1031,32.0639,52.3843
1997-05-02,50.0727,19.4292,35.144,32.0718,52.3951
1997-05-05,51.264,19.9289,35.1434,32.0796,52.406
1997-05-06,51.2255,19.5444,35.4326,32.0875,52.4168
1997-05-07,50.1111,19.4245,35.2924,32.0953,52.4276
1997-05-08,50.457,19.6384,35.566,32.1032,52.4385
1997-05-09,50.8028,19.6333,35.7828,32.1111,52.4493
1997-05-12,51.6483,19.7519,36.0254,32.1189,52.4602
1997-05-13,51.4369,19.4512,36.0972,32.1268,52.471
1997-05-14,51.533,19.4372,36.1174,32.1347,52.4819
1997-05-15,51.8788,19.9051,35.8375,32.1425,52.4927
1997-05-16,51.1679,19.5516,35.6404,32.1504,52.5036
1997-05-19,51.3216,19.5147,35.2467,32.1583,52.5145
1997-05-20,51.9364,20.1242,35.4841,32.1661,52.5253
1997-05-21,51.8212,20.3039,35.4525,32.174,52.5457
1997-05-22,51.6483,20.2091,35.4572,32.1819,52.5537
1997-05-23,52.1286,20.4862,35.4359,32.1898,52.5534
1997-05-26,52.1286,20.4862,35.4359,32.1898,52.5534
1997-05-27,52.34,21.0312,35.5486,32.2055,52.5777
1997-05-28,52.3303,20.9881,35.4602,32.2134,52.5898
1997-05-29,52.0229,20.7304,35.5734,32.2213,52.5978
1997-05-30,52.3592,20.4805,35.7487,32.2292,52.614
1997-06-02,52.1286,20.4769,35.5723,32.2371,52.6261
1997-06-03,51.9557,19.8599,35.5356,32.2318,52.63
1997-06-04,51.898,19.6921,35.3489,32.2265,52.6297
1997-06-05,52.0902,19.8767,35.25,32.2212,52.6336
1997-06-06,53.1086,20.1837,35.5805,32.2159,52.6457
1997-06-09,53.3776,20.3922,35.6058,32.2106,52.666
1997-06-10,53.5409,20.102,35.5536,32.2053,52.674
1997-06-11,53.6657,20.2689,35.5582,32.2,52.6861
1997-06-12,54.7033,20.2901,35.3922,32.1947,52.69
1997-06-13,55.1645,20.5975,35.3089,32.1894,52.698
1997-06-16,55.1837,20.8449,35.3187,32.1841,52.7184
1997-06-17,55.1069,21.1305,35.3854,32.1788,52.7181
1997-06-18,54.9147,20.7497,35.3279,32.1735,52.7261
1997-06-19,55.4815,20.9717,35.1826,32.1682,52.7299
1997-06-20,55.2932,20.96,34.9752,32.163,52.7379
1997-06-23,53.9526,20.6961,34.954,32.1577,52.7542
1997-06-24,55.3221,21.0667,34.9897,32.1524,52.7539
1997-06-25,54.9363,20.9127,34.9995,32.1471,52.7577
1997-06-26,54.6663,20.6589,34.8438,32.1418,52.7698
1997-06-27,54.8784,20.5662,34.8019,32.1365,52.7737
1997-06-30,54.512,20.4441,34.5946,32.1312,52.7982
1997-07-01,55.1485,20.3615,34.5062,32.126,52.7979
1997-07-02,56.0551,20.8417,34.3454,32.1392,52.81
1997-07-03,56.8267,21.0677,34.3862,32.1524,52.818
1997-07-04,56.8267,21.0677,34.3862,32.1524,52.818
1997-07-07,56.248,21.1639,32.8807,32.1788,52.8422
1997-07-08,56.8363,21.4791,33.1697,32.192,52.8709
1997-07-09,56.2095,21.5706,32.8073,32.2053,52.8789
1997-07-10,56.4602,21.5691,33.0653,32.2185,52.8868
1997-07-11,56.6531,21.6881,33.0338,32.2317,52.8907
1997-07-14,56.8267,22.2487,33.2607,32.245,52.8946
1997-07-15,57.116,22.6146,33.0586,32.2582,52.9232
1997-07-16,57.8683,23.5628,33.0323,32.2715,52.9229
1997-07-17,57.579,23.3794,33.0214,32.2848,52.9309
1997-07-18,56.3541,22.8697,33.5172,32.298,52.9306
1997-07-21,56.3638,22.6017,33.7234,32.3113,52.9386
1997-07-22,57.8587,23.2953,33.9348,32.3246,52.959
1997-07-23,57.8104,23.3191,33.588,32.3379,52.9669
1997-07-24,58.0805,23.236,33.2825,32.3512,52.9832
1997-07-25,58.0419,23.1763,33.5043,32.3645,52.9829
1997-07-28,58.0033,22.9581,33.6743,32.3778,53.0074
1997-07-29,58.1962,23.23,33.7565,32.3911,53.0154
1997-07-30,58.8907,23.5086,33.8594,32.4044,53.0192
1997-07-31,58.8328,23.6376,33.7348,32.4177,53.0272
1997-08-01,58.6013,23.6782,33.5017,32.431,53.0352
1997-08-04,58.7557,24.0013,33.4443,32.4357,53.0556
1997-08-05,58.7942,24.2644,33.1906,32.4404,53.0636
1997-08-06,59.2764,24.3798,33.0092,32.445,53.0715
1997-08-07,58.8328,24.247,33.1792,32.4497,53.0754
1997-08-08,57.6369,23.8072,33.4578,32.4544,53.0834
1997-08-11,58.0612,23.5115,33.8707,32.4591,53.1037
1997-08-12,57.1353,23.2892,33.71,32.4637,53.1117
1997-08-13,56.9617,23.4667,33.7147,32.4684,53.1197
1997-08-14,57.1739,23.5607,33.709,32.4731,53.1277
1997-08-15,55.4186,22.9875,33.5534,32.4778,53.1398
1997-08-18,56.6531,23.2623,33.3411,32.4824,53.1602
1997-08-19,57.3089,23.9374,33.4284,32.4871,53.1681
1997-08-20,58.177,24.4473,33.2832,32.4918,53.1679
1997-08-21,57.1546,23.8845,33.3809,32.4965,53.1758
1997-08-22,57.1353,23.7176,33.4837,32.5011,53.1838
1997-08-25,56.9231,23.6499,33.4832,32.5058,53.1918
1997-08-26,56.084,23.3393,33.6377,32.5105,53.2122
1997-08-27,56.4216,23.311,33.5597,32.5152,53.2201
1997-08-28,55.5632,22.8556,33.6728,32.5199,53.2281
1997-08-29,55.7851,22.9298,33.6207,32.5245,53.2609
1997-09-01,55.7851,22.9298,33.6207,32.5245,53.2609
1997-09-02,57.5983,23.5421,33.3148,32.5319,53.281
1997-09-03,57.2897,23.4926,33.2419,32.5346,53.2807
1997-09-04,57.6561,23.6073,33.2414,32.5373,53.2928
1997-09-05,57.4922,23.7209,33.1944,32.54,53.2966
1997-09-08,57.7429,23.8631,33.2198,32.5427,53.3046
1997-09-09,57.7719,24.0531,33.2399,32.5454,53.325
1997-09-10,56.5759,23.5453,33.1464,32.548,53.3371
1997-09-11,56.2866,23.5902,33.2337,32.5507,53.3451
1997-09-12,57.1932,23.6116,33.4089,32.5534,53.3531
1997-09-15,57.0968,23.061,33.2999,32.5561,53.3817
1997-09-16,58.5242,23.8343,33.1651,32.5588,53.3814
1997-09-17,58.5242,23.6657,33.1077,32.5615,53.3935
1997-09-18,58.7749,23.6796,33.1485,32.5642,53.3974
1997-09-19,58.8742,23.8798,33.272,32.5669,53.4177
1997-09-22,59.2034,23.9857,33.1475,32.5696,53.4422
1997-09-23,58.9323,24.2287,33.1522,32.5723,53.4502
1997-09-24,58.4483,23.8195,33.3376,32.5749,53.4664
1997-09-25,58.0417,23.6187,33.5334,32.5776,53.4744
1997-09-26,58.5257,23.6258,33.7447,32.5803,53.4741
1997-09-29,59.0872,23.8807,33.7907,32.583,53.4945
1997-09-30,58.4677,23.4192,34.3067,32.5857,53.4983
1997-10-01,59.2421,23.5236,34.8278,32.5884,53.5022
1997-10-02,59.5712,23.7535,34.4347,32.6032,53.5102
1997-10-03,59.8713,24.001,34.2638,32.618,53.5181
1997-10-06,60.2681,24.0326,34.3459,32.6328,53.5426
1997-10-07,60.8296,24.3485,34.2886,32.6477,53.5506
1997-10-08,60.4037,24.4465,34.3552,32.6625,53.5586
1997-10-09,60.1907,24.5076,34.4373,32.6773,53.5666
1997-10-10,60.0165,24.2846,33.9719,32.6922,53.5745
1997-10-13,60.0745,24.3422,33.8991,32.707,53.5743
1997-10-14,60.0939,24.1489,33.8521,32.7219,53.6029
1997-10-15,59.9584,23.8849,33.7225,32.7368,53.6108
1997-10-16,59.0098,23.4644,33.8098,32.7516,53.6188
1997-10-17,58.4096,22.9465,33.4942,32.7665,53.6268
1997-10-20,59.2421,23.2265,33.4524,32.7814,53.643
1997-10-21,60.394,23.7023,33.3899,32.7963,53.651
1997-10-22,59.9971,23.4494,33.3016,32.8112,53.6549
1997-10-23,58.8162,22.9357,33.4922,32.8261,53.6628
1997-10-24,58.2354,22.5661,32.7016,32.841,53.6667
1997-10-27,54.0148,20.8754,32.2003,32.8559,53.687
1997-10-28,57.1318,22.3423,32.2566,32.8708,53.6909
1997-10-29,56.9769,21.977,32.3748,32.8858,53.6989
1997-10-30,55.7185,21.3566,32.71,32.9007,53.7068
1997-10-31,57.035,21.7603,32.157,32.9157,53.7148
1997-11-03,58.2354,22.4238,32.4043,32.9306,53.731
1997-11-04,58.2354,22.3575,32.5639,32.9396,53.739
1997-11-05,58.429,22.3424,32.3724,32.9485,53.747
1997-11-06,58.2063,22.0701,32.2221,32.9575,53.7508
1997-11-07,57.5771,21.9451,31.8757,32.9664,53.7588
1997-11-10,57.2286,21.5868,32.0869,32.9754,53.7792
1997-11-11,57.248,21.5743,32.2826,32.9843,53.7789
1997-11-12,56.067,20.916,31.8175,32.9933,53.7992
1997-11-13,56.8801,21.4521,31.817,33.0023,53.8113
1997-11-14,57.6545,21.9342,31.1557,33.0112,53.8152
1997-11-17,58.7193,22.4003,31.3617,33.0202,53.8397
1997-11-18,58.3515,22.1144,31.3974,33.0292,53.8477
1997-11-19,58.6419,22.1742,31.5879,33.0381,53.8556
1997-11-20,59.5324,22.6728,31.2519,33.0471,53.8636
1997-11-21,59.939,22.5467,31.3753,33.0561,53.8674
1997-11-24,58.8549,21.9838,31.4884,33.0651,53.8878
1997-11-25,59.0098,22.1509,31.044,33.0741,53.8958
1997-11-26,59.184,22.2826,30.6615,33.0831,53.9037
1997-11-27,59.184,22.2826,30.6615,33.0831,53.9037
1997-11-28,59.2421,22.4161,30.6399,33.101,53.9362
1997-12-01,60.7715,23.0287,30.3865,33.11,53.9442
1997-12-02,60.4037,22.449,30.4635,33.1034,53.9521
1997-12-03,60.5779,22.6526,30.2462,33.0967,53.9601
1997-12-04,60.5198,22.4634,29.869,33.0901,53.9722
1997-12-05,61.2943,22.8369,29.6672,33.0834,53.9761
1997-12-08,61.12,23.1066,29.6771,33.0768,53.9964
1997-12-09,60.7522,22.4183,29.238,33.0701,54.0044
1997-12-10,60.2294,22.0456,29.5523,33.0635,54.0165
1997-12-11,59.2034,21.3769,29.3971,33.0568,54.0245
1997-12-12,59.3195,20.8777,29.2108,33.0502,54.0283
1997-12-15,59.9197,21.0032,29.2723,33.0435,54.0487
1997-12-16,60.2875,21.2789,29.468,33.0369,54.0566
1997-12-17,59.9778,20.9869,29.7101,33.0302,54.0605
1997-12-18,59.397,20.627,29.9315,33.0236,54.0643
1997-12-19,58.9544,20.6936,29.8175,33.0169,54.064
1997-12-22,59.3335,20.8166,29.9771,33.0103,54.0844
1997-12-23,58.2741,20.2595,30.1882,33.0037,54.0924
1997-12-24,58.0992,20.0337,30.1877,32.997,54.1127
1997-12-25,58.0992,20.0337,30.1877,32.997,54.1127
1997-12-26,58.3324,20.3551,30.1868,32.9838,54.1287
1997-12-29,59.4793,20.8768,30.2431,32.9771,54.1531
1997-12-30,60.4123,21.3018,29.9485,32.9705,54.1652
1997-12-31,60.3734,21.1389,29.948,32.9639,54.1773
1998-01-01,60.3734,21.1389,29.948,32.9639,54.1773
1998-01-02,60.6844,21.5098,29.7201,32.9638,54.1933
1998-01-05,60.8205,21.7057,29.3481,32.9704,54.2219
1998-01-06,59.8486,21.4681,29.1826,32.977,54.2299
1998-01-07,60.0041,21.1458,29.0583,32.9835,54.2378
1998-01-08,59.4793,21.2173,29.063,32.9901,54.2499
1998-01-09,57.4189,20.3988,28.7582,32.9967,54.2579
1998-01-12,58.4685,20.7182,28.7784,33.0033,54.2782
1998-01-13,59.2849,21.2275,28.8398,33.0099,54.2821
1998-01-14,59.557,21.2555,29.149,33.0164,54.2859
1998-01-15,59.0614,21.2384,29.1485,33.023,54.298
1998-01-16,59.9069,21.4578,29.9219,33.0296,54.306
1998-01-19,59.9069,21.4578,29.9219,33.0296,54.306
1998-01-20,60.8788,21.9057,29.7559,33.0428,54.3384
1998-01-21,60.2957,21.8978,30.0237,33.0494,54.3464
1998-01-22,59.7611,21.772,30.3122,33.056,54.3544
1998-01-23,59.6737,21.8538,30.0228,33.0626,54.3582
1998-01-26,59.6348,21.6814,31.2346,33.0691,54.3786
1998-01-27,60.2373,22.0943,30.8369,33.0757,54.3865
1998-01-28,60.7816,22.6794,30.9499,33.0823,54.3945
1998-01-29,61.112,22.803,31.2074,33.0889,54.4025
1998-01-30,61.1509,22.8482,31.4494,33.0955,54.4187
1998-02-02,62.1617,23.485,31.1033,33.1021,54.4308
1998-02-03,62.6282,23.7039,30.7778,33.1008,54.4388
1998-02-04,62.5504,23.9848,30.7567,33.0995,54.455
1998-02-05,62.5116,23.7803,30.7924,33.0982,54.463
1998-02-06,63.2113,24.1952,30.8538,33.0969,54.4627
1998-02-09,62.9975,23.9476,31.0081,33.0956,54.483
1998-02-10,63.6001,24.3115,30.8941,33.0943,54.4869
1998-02-11,63.5417,24.2904,30.7853,33.093,54.4948
1998-02-12,63.8139,24.418,30.888,33.0917,54.5028
1998-02-13,63.4446,24.2448,30.8566,33.0905,54.5108
1998-02-16,63.4446,24.2448,30.8566,33.0905,54.5108
1998-02-17,63.7556,24.0726,30.8711,33.0879,54.5515
1998-02-18,64.3387,24.3307,30.752,33.0866,54.5512
1998-02-19,63.9985,24.672,30.7361,33.0853,54.555
1998-02-20,64.4747,24.7353,30.6016,33.084,54.563
1998-02-23,64.7275,25.2854,30.1885,33.0827,54.5833
1998-02-24,64.2221,25.0052,30.054,33.0814,54.5872
1998-02-25,65.019,25.602,30.1412,33.0801,54.5951
1998-02-26,65.3883,25.7421,30.2181,33.0788,54.6031
1998-02-27,65.3883,25.4681,30.6714,33.0775,54.6193
1998-03-02,65.2522,25.1151,30.7689,33.0762,54.6355
1998-03-03,65.6216,25.075,30.6292,33.0749,54.6476
1998-03-04,65.194,25.1634,30.603,33.0735,54.6556
1998-03-05,64.5914,24.032,30.288,33.0722,54.6636
1998-03-06,65.8937,24.8055,30.4113,33.0709,54.6757
1998-03-09,65.6605,24.0644,30.3025,33.0695,54.696
1998-03-10,66.2825,24.4959,30.3588,33.0682,54.704
1998-03-11,66.5935,24.6079,30.3274,33.0669,54.7119
1998-03-12,66.8656,24.8082,30.3011,33.0656,54.7158
1998-03-13,66.6129,24.9364,30.3728,33.0642,54.7237
1998-03-16,67.3321,25.1682,30.3363,33.0629,54.7482
1998-03-17,67.5265,24.9061,30.2946,33.0616,54.7562
1998-03-18,67.7791,25.1004,29.9435,33.0603,54.76
1998-03-19,67.9541,25.2954,30.0565,33.0589,54.768
1998-03-20,68.5378,24.9384,30.1488,33.0576,54.7759
1998-03-23,68.3819,25.1461,30.2102,33.0563,54.8004
1998-03-24,68.9667,25.5432,30.9625,33.0549,54.8084
1998-03-25,68.7132,25.9058,30.8537,33.0536,54.8163
1998-03-26,68.6742,25.9721,30.8893,33.0523,54.8243
1998-03-27,68.3819,25.8376,31.1312,33.051,54.8281
1998-03-30,68.3429,25.7308,31.1204,33.0496,54.8526
1998-03-31,68.5768,26.0295,31.0323,33.0483,54.8606
1998-04-01,69.1323,26.1946,31.0318,33.047,54.8727
1998-04-02,69.8828,26.2321,30.9591,33.0523,54.8806
1998-04-03,70.2337,26.3061,31.5463,33.0575,54.8886
1998-04-06,69.6684,25.7027,32.0201,33.0628,54.9131
1998-04-07,69.2006,25.2069,31.8752,33.0681,54.9251
1998-04-08,68.8107,25.3972,31.8335,33.0734,54.9372
1998-04-09,69.3565,25.5215,31.7145,33.0787,54.9411
1998-04-10,69.3565,25.5215,31.7145,33.0787,54.9411
1998-04-13,69.1616,25.6505,31.7135,33.0893,54.957
1998-04-14,69.7464,25.8668,31.9037,33.0946,54.965
1998-04-15,69.9413,26.2555,31.6662,33.0999,54.9771
1998-04-16,69.1226,26.1736,31.5729,33.1051,54.985
1998-04-17,70.0388,26.2527,31.794,33.1104,54.993
1998-04-20,70.0193,26.7186,31.6905,33.1157,55.0174
1998-04-21,70.3506,27.0722,31.6951,33.121,55.0295
1998-04-22,70.5456,27.524,32.241,33.1263,55.0375
1998-04-23,69.8633,26.8347,32.2353,33.1316,55.0455
1998-04-24,69.1226,26.6545,32.276,33.1369,55.0534
1998-04-27,67.8165,26.0127,31.9148,33.1422,55.0738
1998-04-28,67.7191,26.0648,31.7906,33.1475,55.0735
1998-04-29,68.1869,26.4283,31.7695,33.1528,55.0938
1998-04-30,69.454,26.6106,32.0216,33.1581,55.1059
1998-05-01,70.2337,26.6831,31.6294,33.1634,55.1139
1998-05-04,70.0583,26.7744,31.629,33.1731,55.1301
1998-05-05,69.5709,26.5919,31.309,33.1827,55.138
1998-05-06,68.7522,26.4847,31.0199,33.1924,55.146
1998-05-07,68.2064,26.0672,30.7206,33.202,55.1498
1998-05-08,69.3175,26.7354,30.9572,33.2117,55.1578
1998-05-11,69.0836,26.3862,30.8021,33.2213,55.1781
1998-05-12,69.8244,26.7857,30.848,33.231,55.1861
1998-05-13,69.9998,26.9277,30.8218,33.2407,55.1941
1998-05-14,69.6489,26.993,30.5173,33.2503,55.202
1998-05-15,69.259,26.6376,31.0063,33.26,55.21
1998-05-18,68.9861,26.4884,30.944,33.2697,55.2303
1998-05-19,69.454,26.7672,30.8817,33.2794,55.2383
1998-05-20,70.1167,26.3867,30.871,33.289,55.2504
1998-05-21,69.6684,26.087,30.9735,33.2987,55.2583
1998-05-22,69.3955,25.8828,30.8906,33.3084,55.2622
1998-05-25,69.3955,25.8828,30.8906,33.3084,55.2622
1998-05-26,68.2844,25.5837,30.6991,33.3278,55.2946
1998-05-27,68.3819,25.7826,30.1628,33.3375,55.3067
1998-05-28,68.6938,25.8969,30.2911,33.3472,55.3146
1998-05-29,68.0115,25.4115,30.2495,33.3569,55.3391
1998-06-01,68.3234,24.846,29.7493,33.3666,55.3512
1998-06-02,68.3819,25.3063,30.027,33.3707,55.3509
1998-06-03,67.2903,24.8121,30.1245,33.3747,55.3547
1998-06-04,68.5378,25.4772,30.1652,33.3788,55.3627
1998-06-05,69.8633,25.7224,29.9484,33.3829,55.3706
1998-06-08,69.7854,25.729,30.051,33.3869,55.391
1998-06-09,69.9998,26.0797,30.6583,33.391,55.3989
1998-06-10,69.5515,25.5643,30.184,33.3951,55.4069
1998-06-11,68.2454,25.2614,29.9054,33.3992,55.4148
1998-06-12,68.8887,25.3013,29.6834,33.4032,55.4187
1998-06-15,67.0758,25.015,29.446,33.4073,55.4431
1998-06-16,68.109,25.8106,29.564,33.4114,55.447
1998-06-17,69.5319,26.0913,29.9653,33.4155,55.4508
1998-06-18,69.22,26.1604,30.1245,33.4195,55.4588
1998-06-19,68.8743,26.424,30.67,33.4236,55.4667
1998-06-22,69.2068,26.9401,30.4017,33.4277,55.4912
1998-06-23,70.0281,27.7596,30.3292,33.4318,55.5033
1998-06-24,70.9668,28.3726,30.2669,33.4358,55.5112
1998-06-25,70.8494,27.9513,30.1943,33.4399,55.5192
1998-06-26,71.1428,28.1544,30.2454,33.444,55.523
1998-06-29,71.397,28.5542,30.2449,33.4481,55.5433
1998-06-30,70.9081,28.5035,30.5174,33.4522,55.5513
1998-07-01,71.7294,28.904,30.5684,33.4562,55.5593
1998-07-02,71.8663,28.4005,30.2847,33.4632,55.5672
1998-07-03,71.8663,28.4005,30.2847,33.4632,55.5672
1998-07-06,72.5899,28.6143,30.2014,33.4772,55.5955
1998-07-07,72.453,28.6938,30.2524,33.4842,55.6035
1998-07-08,72.981,29.3654,30.0718,33.4912,55.6114
1998-07-09,72.4921,29.4798,30.0507,33.4982,55.6194
1998-07-10,72.8832,29.6477,29.9267,33.5052,55.6273
1998-07-13,72.9028,30.2756,30.0189,33.5123,55.6477
1998-07-14,73.7241,30.2231,30.2089,33.5193,55.6556
1998-07-15,73.5872,30.8932,30.1879,33.5263,55.6636
1998-07-16,74.0956,30.9577,30.3728,33.5333,55.6674
1998-07-17,74.1934,31.1994,30.2539,33.5403,55.6795
1998-07-20,74.1934,31.24,30.3616,33.5473,55.7039
1998-07-21,72.9028,30.5152,30.3662,33.5543,55.7078
1998-07-22,72.9028,30.4871,30.268,33.5613,55.7199
1998-07-23,71.4557,29.9587,30.2006,33.5684,55.7237
1998-07-24,71.397,30.0182,30.334,33.5754,55.7358
1998-07-27,71.9054,30.3966,29.9268,33.5824,55.7561
1998-07-28,70.693,29.6913,29.9212,33.5894,55.7641
1998-07-29,70.4192,29.4097,29.9362,33.5964,55.772
1998-07-30,71.4752,30.3039,29.8585,33.6035,55.78
1998-07-31,69.9499,29.3492,29.7396,33.6105,55.7879
1998-08-03,69.6566,29.161,29.4612,33.6175,55.8083
1998-08-04,66.9579,28.0697,29.4556,33.621,55.8162
1998-08-05,67.877,28.3393,29.6405,33.6244,55.8242
1998-08-06,68.1704,29.1056,29.6297,33.6279,55.8321
1998-08-07,68.2877,29.067,29.4131,33.6313,55.8401
1998-08-10,67.8966,29.0414,29.4023,33.6348,55.8645
1998-08-11,66.8797,28.3433,29.3195,33.6382,55.8725
1998-08-12,68.0139,28.8658,29.3448,33.6417,55.8804
1998-08-13,67.1926,28.5189,29.1745,33.6452,55.8884
1998-08-14,66.4104,28.3408,29.277,33.6486,55.8963
1998-08-17,67.8184,29.1449,29.2508,33.6521,55.9208
1998-08-18,69.0699,29.8575,29.2607,33.6555,55.9287
1998-08-19,68.8939,29.7937,29.3889,33.659,55.9367
1998-08-20,68.4832,29.7922,29.3678,33.6624,55.9447
1998-08-21,67.9357,29.2928,29.1821,33.6659,55.9526
1998-08-24,68.3659,29.2105,29.2846,33.6694,55.9729
1998-08-25,68.5224,29.5817,29.1349,33.6728,55.9768
1998-08-26,68.1312,29.2768,29.1447,33.6763,55.9847
1998-08-27,64.9241,27.9444,28.6657,33.6797,55.9927
1998-08-28,64.6895,26.9537,28.1403,33.6832,56.0006
1998-08-31,60.0744,24.2965,28.1399,33.6867,56.0251
1998-09-01,62.6166,25.8884,28.7158,33.6901,56.033
1998-09-02,62.1668,26.0241,28.8337,33.7206,56.0451
1998-09-03,61.6779,25.758,28.7304,33.751,56.0531
1998-09-04,61.1695,25.6822,29.332,33.7815,56.0569
1998-09-07,61.1695,25.6822,29.332,33.7815,56.0569
1998-09-08,64.4548,27.4088,29.3723,33.8426,56.0852
1998-09-09,62.8904,26.8823,29.1712,33.8731,56.0931
1998-09-10,61.6388,26.3197,29.8963,33.9037,56.1052
1998-09-11,63.6335,27.4876,30.1891,33.9344,56.1132
1998-09-14,64.7286,27.8716,29.8645,33.965,56.1376
1998-09-15,65.1197,28.2114,29.9103,33.9957,56.1497
1998-09-16,65.7064,28.3658,29.6629,34.0264,56.1617
1998-09-17,63.829,27.5207,29.894,34.0571,56.1697
1998-09-18,64.112,27.7103,29.8524,34.0879,56.1777
1998-09-21,64.0728,28.2853,30.1452,34.1187,56.1938
1998-09-22,64.6027,28.4659,29.728,34.1495,56.2018
1998-09-23,67.1931,29.7111,29.7275,34.1804,56.2139
1998-09-24,65.5446,28.8973,30.1181,34.2112,56.226
1998-09-25,65.4661,29.6135,30.6733,34.2421,56.2421
1998-09-28,66.0549,29.4676,30.0709,34.2731,56.2666
1998-09-29,65.8979,29.5023,30.4563,34.304,56.2745
1998-09-30,63.8962,28.6625,30.2346,34.335,56.2825
1998-10-01,62.0515,27.1341,30.62,34.366,56.2946
1998-10-02,63.2486,27.1914,30.9487,34.3691,56.3066
1998-10-05,61.973,25.7264,30.7373,34.3722,56.3311
1998-10-06,61.9141,25.2397,30.315,34.3752,56.3514
1998-10-07,60.9918,24.5205,30.6592,34.3783,56.3635
1998-10-08,60.6582,24.0472,30.8903,34.3814,56.3755
1998-10-09,61.8749,25.5166,30.7303,34.3844,56.3753
1998-10-12,62.7776,26.4863,30.4984,34.3875,56.375
1998-10-13,62.5618,25.7086,30.4053,34.3906,56.3912
1998-10-14,63.1505,26.3212,30.3791,34.3936,56.395
1998-10-15,66.5454,27.6841,30.6719,34.3967,56.3988
1998-10-16,66.5651,27.5614,30.6508,34.3998,56.4274
1998-10-19,66.8006,27.9076,30.7121,34.4028,56.4436
1998-10-20,67.1931,27.3335,30.3876,34.4059,56.4433
1998-10-21,66.9576,28.3732,30.3717,34.409,56.4512
1998-10-22,67.9584,28.8659,30.1295,34.412,56.4592
1998-10-23,67.0949,28.5549,30.0621,34.4151,56.4712
1998-10-26,67.5855,29.1581,29.9794,34.4182,56.4751
1998-10-27,67.1931,28.8258,30.1384,34.4212,56.483
1998-10-28,67.0753,29.3926,30.1533,34.4243,56.4827
1998-10-29,68.7041,29.7404,30.2403,34.4274,56.4824
1998-10-30,69.077,29.83,30.065,34.4304,56.4821
1998-11-02,70.2544,30.219,30.1057,34.4335,56.4901
1998-11-03,69.7442,29.8554,29.6835,34.4314,56.5022
1998-11-04,70.4899,30.5425,29.7653,34.4292,56.506
1998-11-05,71.4515,30.7135,29.8883,34.4271,56.5139
1998-11-06,71.6674,31.0604,30.1655,34.4249,56.5137
1998-11-09,71.1571,31.258,30.0365,34.4228,56.5381
1998-11-10,70.9609,31.4676,30.0566,34.4207,56.546
1998-11-11,70.4899,31.5361,30.1847,34.4185,56.5457
1998-11-12,70.4114,31.2341,30.282,34.4164,56.5661
1998-11-13,71.0982,31.2057,30.554,34.4142,56.5699
1998-11-16,71.6281,31.4266,30.3222,34.4121,56.5902
1998-11-17,71.6281,31.9151,30.2137,34.4099,56.6023
1998-11-18,72.0598,32.2629,30.4909,34.4078,56.6061
1998-11-19,72.6878,32.7431,30.4751,34.4057,56.6099
1998-11-20,73.2373,32.887,30.3975,34.4035,56.6138
1998-11-23,74.9642,33.8417,30.3867,34.4014,56.6217
1998-11-24,74.4932,33.6662,30.4839,34.3992,56.6214
1998-11-25,74.4932,34.0418,30.4681,34.3971,56.6335
1998-11-26,74.4932,34.0418,30.4681,34.3971,56.6335
1998-11-27,75.0427,34.6774,30.4517,34.3928,56.6411
1998-11-30,72.9233,33.1781,30.3021,34.3907,56.6697
1998-12-01,73.8653,34.7659,30.1577,34.3885,56.6818
1998-12-02,73.6494,34.4794,30.2447,34.3811,56.6897
1998-12-03,72.4327,33.5142,30.1105,34.3736,56.6935
1998-12-04,74.3362,34.7114,30.0535,34.3661,56.6974
1998-12-07,74.6895,35.7095,30.3872,34.3587,56.7135
1998-12-08,74.3558,35.5233,30.2685,34.3512,56.7256
1998-12-09,74.4932,35.8897,30.2475,34.3437,56.7336
1998-12-10,73.4041,35.1948,30.2213,34.3363,56.7374
1998-12-11,73.5513,35.6684,29.897,34.3288,56.7412
1998-12-14,71.4319,34.3708,29.9582,34.3214,56.7615
1998-12-15,73.2765,35.4287,30.076,34.3139,56.7736
1998-12-16,73.1784,35.2687,30.2349,34.3065,56.7774
1998-12-17,74.346,35.9786,30.1522,34.299,56.7854
1998-12-18,74.6608,36.9444,29.977,34.2916,56.7892
1998-12-21,75.7043,38.0578,29.776,34.2841,56.8054
1998-12-22,76.039,37.6427,29.5289,34.2767,56.8133
1998-12-23,77.6338,38.7313,29.3794,34.2692,56.8172
1998-12-24,77.2991,38.4559,29.3789,34.2618,56.8251
1998-12-25,77.2991,38.4559,29.3789,34.2618,56.8251
1998-12-28,77.1022,38.8376,29.378,34.2469,56.8575
1998-12-29,78.323,38.8228,29.4958,34.2394,56.8613
1998-12-30,77.6929,38.5597,29.5827,34.232,56.8734
1998-12-31,77.6929,39.0926,29.5823,34.2246,56.8772
1999-01-01,77.6929,39.0926,29.5823,34.2246,56.8772
1999-01-04,77.5157,39.4834,29.5145,34.2338,56.9054
1999-01-05,78.4017,40.5181,29.5141,34.2505,56.9093
1999-01-06,80.2919,41.8155,29.565,34.2672,56.9172
1999-01-07,79.8981,41.8663,29.801,34.2839,56.9252
1999-01-08,80.4887,42.0216,29.8982,34.3007,56.929
1999-01-11,79.7208,42.5859,29.9234,34.3174,56.9452
1999-01-12,78.2836,41.2847,29.7842,34.3341,56.9531
1999-01-13,77.7323,41.4894,29.3367,34.3509,56.9652
1999-01-14,76.3737,40.5823,29.3568,34.3676,56.9731
1999-01-15,78.3623,42.1894,29.3872,34.3844,56.9811
1999-01-18,78.3623,42.1894,29.3872,34.3844,56.9811
1999-01-19,78.8742,43.2978,29.4428,34.4179,57.0093
1999-01-20,79.5043,43.2975,29.3909,34.4347,57.0214
1999-01-21,77.3975,41.7653,29.5703,34.4515,57.0335
1999-01-22,77.2204,41.8172,29.4928,34.4683,57.0332
1999-01-25,78.0079,42.5183,29.5643,34.4851,57.0535
1999-01-26,79.4255,43.9027,29.5022,34.5019,57.0573
1999-01-27,78.5001,43.2245,29.1626,34.5187,57.0611
1999-01-28,79.8193,44.8045,29.1365,34.5356,57.0691
1999-01-29,80.4296,45.2852,29.3262,34.5524,57.0894
1999-02-01,79.9571,45.3645,29.4798,34.5693,57.0932
1999-02-02,79.4649,44.2521,29.6489,34.5569,57.097
1999-02-03,80.2721,45.1299,29.4738,34.5446,57.1091
1999-02-04,79.0711,43.165,29.5144,34.5323,57.117
1999-02-05,78.1654,42.3321,29.7349,34.52,57.125
1999-02-08,78.323,43.3038,29.6779,34.5076,57.1411
1999-02-09,76.5706,41.1986,29.4874,34.4953,57.1491
1999-02-10,77.0629,41.3866,29.6103,34.483,57.157
1999-02-11,78.8349,43.5257,29.5173,34.4707,57.1609
1999-02-12,77.8898,41.693,29.707,34.4584,57.1688
1999-02-15,77.8898,41.693,29.707,34.4584,57.1688
1999-02-16,77.4173,41.6048,29.3105,34.4338,57.1929
1999-02-17,77.3385,40.2609,29.3563,34.4216,57.2009
1999-02-18,77.9488,40.5739,29.3507,34.4093,57.2088
1999-02-19,78.2836,41.1164,29.417,34.397,57.2126
1999-02-22,80.3706,42.4876,29.5039,34.3847,57.2288
1999-02-23,80.3312,43.1729,29.4521,34.3725,57.2326
1999-02-24,78.9136,42.3405,29.5236,34.3602,57.2447
1999-02-25,78.1654,42.0262,29.4255,34.3479,57.2526
1999-02-26,77.8504,40.9805,29.4867,34.3357,57.2729
1999-03-01,78.067,41.2446,29.4503,34.3234,57.2768
1999-03-02,77.3779,40.2004,29.6091,34.3243,57.2847
1999-03-03,77.7913,40.4375,29.3724,34.3252,57.2927
1999-03-04,78.7758,41.1442,29.5517,34.326,57.3006
1999-03-05,80.3607,41.9281,29.5718,34.3269,57.3085
1999-03-08,80.8825,43.2938,29.7356,34.3277,57.3288
1999-03-09,80.6856,43.1768,30.0896,34.3286,57.3368
1999-03-10,81.3944,43.3881,29.971,34.3295,57.3447
1999-03-11,82.3001,43.6005,30.1965,34.3303,57.3527
1999-03-12,81.5126,42.5382,30.042,34.3312,57.3606
1999-03-15,82.6742,43.7705,29.7539,34.332,57.3809
1999-03-16,82.3592,44.153,29.0653,34.3329,57.3888
1999-03-17,82.0048,43.813,29.2395,34.3338,57.3968
1999-03-18,83.324,44.6629,29.1363,34.3346,57.4047
1999-03-19,81.911,43.5156,29.1359,34.3355,57.4127
1999-03-22,82.0689,43.0056,29.1971,34.3364,57.433
1999-03-23,79.7004,41.4885,29.1761,34.3372,57.4368
1999-03-24,80.1543,42.8781,29.191,34.3381,57.4447
1999-03-25,81.7926,44.4505,29.1033,34.3389,57.4486
1999-03-26,81.2004,43.983,28.7332,34.3398,57.4565
1999-03-29,82.8386,45.5978,28.7687,34.3407,57.4768
1999-03-30,82.4044,45.2579,28.7118,34.3415,57.4847
1999-03-31,81.082,44.5779,28.6959,34.3424,57.4886
1999-04-01,81.6938,45.5129,28.8084,34.3432,57.5006
1999-04-02,81.6938,45.5129,28.8084,34.3432,57.5006
1999-04-05,83.6281,47.1702,28.8075,34.3609,57.533
1999-04-06,83.4308,47.2552,28.5966,34.3697,57.5368
1999-04-07,84.1018,46.7877,28.7656,34.3786,57.5447
1999-04-08,85.1677,47.1277,28.8524,34.3874,57.5527
1999-04-09,85.1874,47.4252,28.8109,34.3962,57.5606
1999-04-12,86.0954,47.1277,29.0774,34.4051,57.585
1999-04-13,85.5427,46.4903,29.1027,34.4139,57.593
1999-04-14,84.1018,44.8754,29.0971,34.4228,57.5968
1999-04-15,83.786,45.5129,29.1223,34.4316,57.6047
1999-04-16,83.0755,44.153,29.1783,34.4405,57.6085
1999-04-19,81.7926,42.0962,29.1779,34.4493,57.633
1999-04-20,82.8189,43.0481,29.1928,34.4582,57.6368
1999-04-21,85.1874,45.1729,29.0795,34.467,57.6488
1999-04-22,85.9966,46.4053,29.0944,34.4759,57.6527
1999-04-23,85.7796,47.0002,29.0837,34.4848,57.6565
1999-04-26,86.273,48.1051,28.8985,34.4936,57.6727
1999-04-27,86.6875,47.3402,28.8518,34.5025,57.6765
1999-04-28,85.5032,45.7253,29.0516,34.5114,57.6803
1999-04-29,84.8519,45.3854,29.0511,34.5202,57.6923
1999-04-30,84.1611,45.6403,29.4202,34.5291,57.6962
1999-05-03,85.7006,45.4279,29.4198,34.538,57.7123
1999-05-04,84.4769,44.7054,29.2859,34.5488,57.7203
1999-05-05,85.148,46.0653,29.3573,34.5596,57.7282
1999-05-06,84.6249,44.3655,29.557,34.5704,57.7362
1999-05-07,85.2664,45.0029,28.9869,34.5812,57.7441
1999-05-10,84.842,45.4704,28.5348,34.592,57.7438
1999-05-11,85.7006,46.1928,28.6832,34.6028,57.7682
1999-05-12,86.3717,47.1277,28.4877,34.6136,57.7761
1999-05-13,86.7467,46.2778,28.5181,34.6244,57.7841
1999-05-14,84.4966,45.3854,28.3278,34.6353,57.792
1999-05-17,84.7532,46.1928,28.3376,34.6461,57.8123
1999-05-18,84.5953,46.0228,28.2294,34.6569,57.8202
1999-05-19,85.2071,46.6602,27.9673,34.6678,57.8323
1999-05-20,84.694,45.3429,28.1208,34.6786,57.8402
1999-05-21,84.2203,44.9604,28.0485,34.6894,57.8482
1999-05-24,82.8189,43.813,27.9352,34.7003,57.8644
1999-05-25,81.4768,42.3639,27.8835,34.7111,57.8723
1999-05-26,82.3847,43.5581,27.6573,34.722,57.8802
1999-05-27,81.2004,43.5156,27.6004,34.7328,57.8882
1999-05-28,82.2366,44.238,27.5641,34.7437,57.9126
1999-05-31,82.2366,44.238,27.5641,34.7437,57.9126
1999-06-01,81.9505,43.2606,27.3836,34.7654,57.912
1999-06-02,82.0294,43.983,27.414,34.7658,57.924
1999-06-03,82.4833,43.3456,27.1673,34.7661,57.9361
1999-06-04,84.1413,44.6629,27.2233,34.7664,57.9481
1999-06-07,84.3584,45.5978,27.2537,34.7667,57.9684
1999-06-08,83.5295,44.4505,26.9198,34.767,57.9805
1999-06-09,83.4505,45.2154,26.8116,34.7674,57.9925
1999-06-10,82.6807,44.7054,26.5342,34.7677,57.9963
1999-06-11,81.9899,43.813,26.6466,34.768,57.996
1999-06-14,82.0689,43.1756,26.7129,34.7683,58.0246
1999-06-15,82.6215,43.813,26.6766,34.7686,58.0366
1999-06-16,84.2005,46.0653,26.5428,34.769,58.0446
1999-06-17,84.9901,46.5752,26.486,34.7693,58.0525
1999-06-18,85.0879,46.7877,26.5677,34.7696,58.0522
1999-06-21,85.2859,48.1901,26.6032,34.7699,58.0766
1999-06-22,84.692,46.7452,26.5258,34.7703,58.0845
1999-06-23,84.2762,47.4677,26.587,34.7706,58.0842
1999-06-24,83.6427,46.5327,26.6892,34.7709,58.0922
1999-06-25,83.4349,46.4903,26.7452,34.7712,58.096
1999-06-28,84.4544,47.5951,26.7037,34.7715,58.1122
1999-06-29,85.2463,48.2326,26.8777,34.7719,58.1242
1999-06-30,86.7905,48.9975,26.7747,34.7722,58.128
1999-07-01,87.4438,49.295,26.9384,34.7725,58.1442
1999-07-02,88.3148,49.9324,26.9893,34.7723,58.1521
1999-07-05,88.3148,49.9324,26.9893,34.7723,58.1521
1999-07-06,88.2951,49.6349,26.4243,34.7718,58.1803
1999-07-07,88.4138,49.6774,26.3726,34.7716,58.1883
1999-07-08,88.4831,50.3574,26.3825,34.7714,58.1962
1999-07-09,89.0078,50.8673,26.3923,34.7712,58.2
1999-07-12,88.6118,50.6123,26.2586,34.771,58.2203
1999-07-13,88.2951,50.3574,26.1197,34.7707,58.2283
1999-07-14,88.79,51.2073,26.1808,34.7705,58.2321
1999-07-15,89.3542,51.6747,25.9804,34.7703,58.2359
1999-07-16,89.8392,52.1847,26.2211,34.7701,58.2479
1999-07-19,89.2453,51.6322,26.0463,34.7699,58.2765
1999-07-20,87.414,49.6349,25.928,34.7696,58.2762
1999-07-21,87.3151,49.8899,26.1019,34.7694,58.2882
1999-07-22,86.1669,48.615,26.0451,34.7692,58.2961
1999-07-23,85.9986,48.7,26.1832,34.769,58.3041
1999-07-26,85.3651,47.5101,25.9982,34.7688,58.3161
1999-07-27,86.0778,48.4451,26.1106,34.7685,58.324
1999-07-28,86.3549,49.38,26.0589,34.7683,58.332
1999-07-29,85.1473,48.3601,26.038,34.7681,58.3358
1999-07-30,84.0981,48.1051,26.2119,34.7679,58.352
1999-08-02,84.296,47.9776,26.1859,34.7677,58.364
1999-08-03,83.9001,47.6376,26.2522,34.7702,58.3719
1999-08-04,82.7519,46.7877,26.2364,34.7727,58.384
1999-08-05,83.5042,47.5526,26.2514,34.7752,58.396
1999-08-06,82.5935,47.0427,26.2253,34.7777,58.3916
1999-08-09,82.4153,46.4053,26.3018,34.7802,58.4119
1999-08-10,81.5046,46.0228,26.3014,34.7827,58.4198
1999-08-11,82.4945,47.5101,26.4292,34.7852,58.4319
1999-08-12,82.445,46.9577,26.6903,34.7877,58.4439
1999-08-13,84.3554,48.9975,26.7052,34.7903,58.456
1999-08-16,84.7316,49.38,26.5562,34.7928,58.4763
1999-08-17,85.2859,49.6349,26.6224,34.7953,58.4842
1999-08-18,84.6722,49.0825,26.7912,34.7978,58.4962
1999-08-19,83.9793,48.615,26.4524,34.8003,58.5042
1999-08-20,84.8305,49.04,26.4776,34.8028,58.5039
1999-08-23,86.4539,50.8248,26.2363,34.8053,58.52
1999-08-24,86.7707,51.4197,25.9796,34.8078,58.5238
1999-08-25,87.6616,52.2697,25.9228,34.8103,58.5277
1999-08-26,86.6123,51.4197,25.9532,34.8129,58.5356
1999-08-27,85.5631,50.9098,26.0194,34.8154,58.5394
1999-08-30,83.9793,50.1874,26.019,34.8179,58.5638
1999-08-31,83.6625,50.7398,26.1211,34.8204,58.5758
1999-09-01,84.692,51.0798,26.1105,34.8229,58.5879
1999-09-02,83.6922,50.9098,26.0588,34.8289,58.5958
1999-09-03,86.1371,53.2471,26.0789,34.8349,58.6038
1999-09-06,86.1371,53.2471,26.0789,34.8349,58.6038
1999-09-07,85.8204,53.0346,26.2011,34.8469,58.6402
1999-09-08,85.4047,52.3122,26.2571,34.853,58.6522
1999-09-09,85.3651,53.0346,26.3336,34.859,58.6561
1999-09-10,86.0778,53.672,26.2409,34.865,58.6681
1999-09-13,85.4938,52.9921,26.2713,34.871,58.6884
1999-09-14,84.9296,53.2896,26.317,34.877,58.6963
1999-09-15,83.5834,52.2697,26.3576,34.883,58.7042
1999-09-16,83.91,52.2272,26.2291,34.8891,58.7122
1999-09-17,84.9674,53.7995,26.1467,34.8951,58.716
1999-09-20,84.8483,53.927,26.177,34.9011,58.7404
1999-09-21,83.0616,52.6521,26.5302,34.9071,58.7442
1999-09-22,82.9722,53.2046,26.9962,34.9132,58.748
1999-09-23,81.2352,50.9948,27.0931,34.9192,58.7559
1999-09-24,81.1558,51.0798,27.6718,34.9252,58.768
1999-09-27,81.6917,51.4197,28.809,34.9312,58.7882
1999-09-28,81.5329,51.6747,30.8993,34.9373,58.7921
1999-09-29,80.5602,50.6123,31.4625,34.9433,58.8041
1999-09-30,81.791,51.1648,30.6421,34.9493,58.8079
1999-10-01,81.6123,51.1648,31.5128,34.9554,58.8158
1999-10-04,83.0616,52.3122,32.0503,34.9579,58.8402
1999-10-05,82.9822,52.6946,33.3564,34.9603,58.844
1999-10-06,84.2527,53.757,32.6129,34.9628,58.8602
1999-10-07,83.7763,53.6295,33.1504,34.9653,58.8681
1999-10-08,85.0468,54.182,33.1243,34.9678,58.8761
1999-10-11,84.9078,54.9469,32.5602,34.9703,58.8758
1999-10-12,83.5976,53.7145,32.8159,34.9728,58.9043
1999-10-13,81.4337,52.0997,32.9691,34.9753,58.9081
1999-10-14,81.4138,52.4396,32.8917,34.9778,58.916
1999-10-15,79.3294,50.9098,32.3533,34.9803,58.9198
1999-10-18,79.905,50.2299,31.9429,34.9828,58.9442
1999-10-19,80.6793,50.5273,31.7119,34.9853,58.948
1999-10-20,81.4734,52.0572,31.4553,34.9877,58.9559
1999-10-21,81.9499,52.9071,31.0296,34.9902,58.9639
1999-10-22,82.6447,52.6521,30.983,34.9927,58.9759
1999-10-25,82.2278,52.6946,30.9415,34.9952,58.9962
1999-10-26,81.1955,52.2697,30.3673,34.9977,59.0041
1999-10-27,82.6645,52.1847,29.7726,35.0002,59.012
1999-10-28,85.4835,54.012,30.351,35.0027,59.0241
1999-10-29,87.032,55.8818,30.6425,35.0052,59.0402
1999-11-01,86.1188,55.5843,29.8481,35.0077,59.0482
1999-11-02,85.5034,55.6268,29.7862,35.0176,59.0561
1999-11-03,86.0791,56.7317,29.8113,35.0275,59.064
1999-11-04,86.7342,57.3691,29.7699,35.0374,59.0719
1999-11-05,87.5879,57.9641,29.6772,35.0474,59.0757
1999-11-08,87.6673,59.1115,29.5282,35.0573,59.0919
1999-11-09,86.8434,58.729,29.7839,35.0672,59.0957
1999-11-10,87.4886,59.4939,30.2956,35.0771,59.1036
1999-11-11,87.9849,60.5563,30.3208,35.0871,59.1033
1999-11-12,88.779,61.3637,29.8338,35.097,59.1195
1999-11-15,88.9874,61.2362,29.7974,35.1069,59.1439
1999-11-16,89.7319,62.8086,30.1401,35.1169,59.1518
1999-11-17,89.9701,61.9587,30.0782,35.1268,59.1597
1999-11-18,90.6054,63.8285,30.0726,35.1368,59.1718
1999-11-19,90.526,64.4234,30.0875,35.1467,59.1879
1999-11-22,90.5061,63.446,30.2049,35.1567,59.2082
1999-11-23,89.712,63.701,30.4451,35.1666,59.212
1999-11-24,90.1885,65.8258,30.4702,35.1766,59.2158
1999-11-25,90.1885,65.8258,30.4702,35.1766,59.2158
1999-11-26,89.851,66.0383,30.4027,35.1965,59.2317
1999-11-29,89.5334,64.9334,29.9312,35.2065,59.256
1999-11-30,88.4812,62.8936,29.8385,35.2165,59.264
1999-12-01,89.1959,63.8285,29.6128,35.2264,59.276
1999-12-02,89.7319,65.8683,29.2897,35.2129,59.288
1999-12-03,91.3796,67.2706,28.9564,35.1994,59.296
1999-12-06,90.7046,67.8656,28.275,35.1858,59.3204
1999-12-07,89.9701,67.8656,28.5971,35.1723,59.3283
1999-12-08,89.3944,67.0581,28.7708,35.1588,59.3362
1999-12-09,89.8311,67.3556,28.5706,35.1453,59.3441
1999-12-10,90.129,67.9081,28.7392,35.1318,59.352
1999-12-13,90.2878,68.843,28.621,35.1183,59.3682
1999-12-14,89.4143,67.6106,28.5949,35.1048,59.3761
1999-12-15,89.8907,68.8855,28.6764,35.0913,59.3882
1999-12-16,90.2878,70.5853,28.7016,35.0778,59.3961
1999-12-17,90.8659,71.2057,29.0954,35.0644,59.3999
1999-12-20,90.2092,72.1576,29.1052,35.0509,59.4202
1999-12-21,91.5823,76.0247,28.9511,35.0374,59.4281
1999-12-22,91.8211,75.7698,29.2578,35.024,59.4401
1999-12-23,93.2838,76.6622,29.4161,35.0105,59.4522
1999-12-24,93.2838,76.6622,29.4161,35.0105,59.4522
1999-12-27,93.1544,76.2372,29.4152,34.9836,59.4886
1999-12-28,93.0948,75.7698,29.4148,34.9702,59.5006
1999-12-29,93.4928,78.617,29.7829,34.9567,59.5209
1999-12-30,93.3833,77.7671,29.7159,34.9433,59.5329
1999-12-31,93.5326,77.6821,29.7154,34.9299,59.5285
2000-01-03,92.6172,80.5293,29.715,34.9164,59.5446
2000-01-04,88.9953,75.0048,28.8187,34.9252,59.5567
2000-01-05,89.1545,75.0473,28.7108,34.934,59.5646
2000-01-06,87.7216,68.078,28.6029,34.9428,59.5725
2000-01-07,92.8162,76.4922,28.8788,34.9515,59.5887
2000-01-10,93.1346,78.617,28.8272,34.9603,59.6089
2000-01-11,92.0201,75.1323,28.8933,34.9691,59.6127
2000-01-12,91.1047,73.135,28.8929,34.9779,59.6165
2000-01-13,92.3385,77.5546,28.8771,34.9867,59.6286
2000-01-14,93.5922,79.3819,28.9995,34.9954,59.6324
2000-01-17,93.5922,79.3819,28.9995,34.9954,59.6324
2000-01-18,92.856,79.8068,29.2545,35.013,59.6688
2000-01-19,93.6122,81.5917,29.4434,35.0218,59.6767
2000-01-20,92.1793,80.7842,29.489,35.0306,59.6888
2000-01-21,91.9803,81.8041,29.4527,35.0394,59.6967
2000-01-24,89.3733,77.8945,29.396,35.0482,59.7211
2000-01-25,90.3883,79.0419,29.4774,35.057,59.729
2000-01-26,89.6719,75.8548,29.262,35.0658,59.7328
2000-01-27,89.3137,76.9596,29.2258,35.0746,59.7407
2000-01-28,86.5276,73.0925,29.3481,35.0834,59.7486
2000-01-31,88.8758,76.2372,28.9946,35.0922,59.7771
2000-02-01,89.7515,78.277,28.9634,35.1011,59.785
2000-02-02,89.8311,78.9569,29.2291,35.1156,59.7929
2000-02-03,91.1843,82.0166,29.1724,35.1301,59.8132
2000-02-04,90.8062,82.5691,30.0521,35.1447,59.817
2000-02-07,90.6669,83.7164,32.0012,35.1592,59.8455
2000-02-08,91.9007,87.2436,30.3172,35.1738,59.8575
2000-02-09,89.9703,84.1414,31.5806,35.1883,59.8696
2000-02-10,90.1495,86.9036,31.6211,35.2029,59.8775
2000-02-11,88.3186,84.9063,31.8764,35.2175,59.8854
2000-02-14,88.836,84.7788,31.5536,35.2321,59.9098
2000-02-15,89.841,85.3738,31.1335,35.2466,59.9136
2000-02-16,88.5176,84.9913,30.954,35.2612,59.9174
2000-02-17,88.0599,86.8186,31.1838,35.2758,59.9253
2000-02-18,86.1694,83.674,31.0605,35.2904,59.9332
2000-02-21,86.1694,83.674,31.0605,35.2904,59.9332
2000-02-22,85.9504,83.9289,30.9265,35.3197,59.9696
2000-02-23,86.9654,88.6034,30.9005,35.3343,59.9775
2000-02-24,85.2141,90.5158,30.5675,35.3489,59.9855
2000-02-25,84.9057,88.4335,30.081,35.3636,59.9934
2000-02-28,86.6868,88.391,29.927,35.3782,60.0178
2000-02-29,87.5226,90.7282,30.0443,35.3928,60.0298
2000-03-01,88.1594,91.4932,29.9671,35.4075,60.0418
2000-03-02,88.2191,89.3684,29.6597,35.4537,60.0497
2000-03-03,89.8709,94.3829,29.516,35.4999,60.0576
2000-03-06,88.9953,95.1478,29.5462,35.5462,60.0861
2000-03-07,87.2738,93.7029,29.643,35.5925,60.0941
2000-03-08,87.1644,94.5528,29.7909,35.6389,60.1061
2000-03-09,89.7117,97.74,29.7188,35.6854,60.114
2000-03-10,89.2341,97.3151,29.6928,35.7319,60.1219
2000-03-13,88.2589,94.7653,29.7332,35.7785,60.1504
2000-03-14,87.0052,91.2807,29.5384,35.8251,60.1583
2000-03-15,89.0351,87.4561,29.5789,35.8718,60.1703
2000-03-16,93.1942,92.4281,29.3943,35.9186,60.1824
2000-03-17,93.8085,94.1704,29.0409,35.9654,60.1862
2000-03-20,93.3297,91.5356,29.2297,36.0123,60.2105
2000-03-21,95.245,95.0203,29.1679,36.0593,60.2185
2000-03-22,95.8235,96.8901,29.4385,36.1063,60.2305
2000-03-23,97.4595,98.5899,29.1261,36.1534,60.2384
2000-03-24,98.0381,99.9158,29.1359,36.2005,60.2422
2000-03-27,97.0006,100.1198,29.0638,36.2477,60.2707
2000-03-28,96.442,97.57,28.7054,36.295,60.2827
2000-03-29,96.5417,93.4904,28.6129,36.3423,60.2906
2000-03-30,94.9258,91.1957,28.2033,36.3897,60.2985
2000-03-31,96.0031,93.0655,28.3052,36.4371,60.3106
2000-04-03,96.5617,87.4561,28.3815,36.4846,60.3391
2000-04-04,95.8435,86.6062,28.3146,36.5066,60.3511
2000-04-05,95.245,85.0763,28.7692,36.5286,60.359
2000-04-06,96.0729,87.1161,28.5694,36.5506,60.371
2000-04-07,96.6814,90.6007,28.6508,36.5726,60.3789
2000-04-10,96.3023,84.5664,28.8651,36.5946,60.4074
2000-04-11,96.023,83.079,28.8902,36.6167,60.4195
2000-04-12,93.3895,78.192,28.675,36.6388,60.4274
2000-04-13,92.0928,74.7924,28.7768,36.6608,60.4435
2000-04-14,86.8258,68.316,28.8378,36.6829,60.4514
2000-04-17,89.8583,76.1777,28.8117,36.705,60.4799
2000-04-18,92.2324,78.192,28.7448,36.7271,60.4919
2000-04-19,91.3745,75.6933,28.77,36.7493,60.4998
2000-04-20,91.8134,74.1549,28.6161,36.7714,60.5077
2000-04-21,91.8134,74.1549,28.6161,36.7714,60.5077
2000-04-24,90.8159,72.0301,28.6153,36.8157,60.5483
2000-04-25,94.5866,76.8916,28.579,36.8379,60.5562
2000-04-26,93.5192,74.2654,28.2412,36.8601,60.5723
2000-04-27,93.21,77.5546,28.2203,36.8823,60.5884
2000-04-28,92.6314,80.5293,28.1227,36.9045,60.6087
2000-05-01,93.8883,81.2772,28.1223,36.9268,60.6207
2000-05-02,92.013,76.6027,28.1628,36.9222,60.6369
2000-05-03,89.8583,75.7528,28.1777,36.9177,60.6448
2000-05-04,90.5366,75.9057,28.6271,36.9132,60.6527
2000-05-05,91.6339,77.7161,28.7034,36.9087,60.6565
2000-05-08,90.9456,74.6904,28.4115,36.9042,60.6767
2000-05-09,90.2174,73.0925,28.2475,36.8997,60.6846
2000-05-10,88.1824,67.7806,28.38,36.8952,60.6926
2000-05-11,90.1974,71.9282,28.2927,36.8907,60.7046
2000-05-12,91.175,71.9282,28.282,36.8862,60.7166
2000-05-15,92.7511,75.0558,28.118,36.8816,60.7451
2000-05-16,93.6489,77.1806,28.2147,36.8771,60.753
2000-05-17,92.6713,75.5913,27.9178,36.8726,60.7691
2000-05-18,91.5341,72.8801,27.8867,36.8681,60.7853
2000-05-19,90.0977,69.4294,27.9221,36.8636,60.8014
2000-05-22,89.4194,69.3784,28.0085,36.8591,60.8258
2000-05-23,88.1026,63.582,28.0132,36.8546,60.8296
2000-05-24,89.5391,67.5681,27.977,36.8501,60.8416
2000-05-25,88.0028,66.0807,27.9408,36.8456,60.8577
2000-05-26,88.1026,66.0807,27.7308,36.8411,60.8656
2000-05-29,88.1026,66.0807,27.7308,36.8411,60.8656
2000-05-30,90.9755,72.7186,27.9191,36.8321,60.902
2000-05-31,91.175,70.9678,27.8267,36.8276,60.9181
2000-06-01,92.7711,74.2654,27.8518,36.8231,60.9261
2000-06-02,94.3871,79.5774,28.7815,36.8437,60.9175
2000-06-05,93.9282,79.7729,28.9497,36.8643,60.9419
2000-06-06,93.5092,77.5546,29.4756,36.8849,60.9457
2000-06-07,94.1576,79.6284,29.0357,36.9055,60.9577
2000-06-08,93.7885,79.2544,29.2038,36.9261,60.9697
2000-06-09,93.589,79.6794,29.0654,36.9468,60.9776
2000-06-12,92.4918,77.1296,29.0854,36.9675,61.0061
2000-06-13,94.2275,80.1043,29.7901,36.9881,61.0222
2000-06-14,94.3871,78.3025,29.3451,37.0088,61.0301
2000-06-15,94.5866,79.6794,29.3702,37.0295,61.0422
2000-06-16,93.8115,80.1043,29.6457,37.0502,61.0501
2000-06-19,95.0114,83.2915,29.2161,37.0709,61.0785
2000-06-20,94.6714,82.977,29.2463,37.0917,61.0906
2000-06-21,94.6314,84.0394,29.2305,37.1124,61.0985
2000-06-22,93.1916,80.9542,29.3935,37.1331,61.1064
2000-06-23,92.3916,77.7671,29.2041,37.1539,61.1143
2000-06-26,93.5815,79.8918,29.0248,37.1747,61.1427
2000-06-27,92.8916,78.9399,28.9988,37.1955,61.1507
2000-06-28,93.1516,79.8918,29.4275,37.2163,61.1586
2000-06-29,92.2716,77.886,29.6059,37.2371,61.1665
2000-06-30,92.9715,79.4159,29.4419,37.2579,61.1744
2000-07-03,94.2514,80.9542,29.3904,37.2787,61.1987
2000-07-04,94.2514,80.9542,29.3904,37.2787,61.1987
2000-07-05,92.5516,77.8181,29.3078,37.3081,61.2187
2000-07-06,93.2715,79.8918,29.1081,37.3228,61.2225
2000-07-07,94.7714,81.5407,28.8982,37.3375,61.2304
2000-07-10,94.6114,80.2998,29.0255,37.3523,61.2547
2000-07-11,94.8114,80.7418,28.8973,37.367,61.2626
2000-07-12,95.4314,82.6541,28.6006,37.3817,61.2664
2000-07-13,95.8513,83.7164,28.687,37.3964,61.2743
2000-07-14,96.7912,85.5013,28.6304,37.4112,61.2863
2000-07-17,96.6312,86.5212,28.8547,37.4259,61.3148
2000-07-18,95.8413,84.5664,28.8849,37.4407,61.3227
2000-07-19,95.0714,82.6541,28.5218,37.4554,61.3306
2000-07-20,96.3913,85.3313,28.5367,37.4702,61.3385
2000-07-21,94.5114,82.4416,28.5311,37.485,61.3505
2000-07-24,93.9715,80.7418,28.5767,37.4998,61.379
2000-07-25,94.2715,81.3792,28.5711,37.5145,61.391
2000-07-26,93.3515,81.2772,28.54,37.5293,61.403
2000-07-27,93.0316,78.09,28.5856,37.5441,61.4109
2000-07-28,90.9317,73.8405,28.4064,37.5589,61.4189
2000-07-31,91.5117,76.0162,28.2681,37.5737,61.4514
2000-08-01,92.0717,75.0048,28.3544,37.5885,61.4593
2000-08-02,92.5316,73.679,28.354,37.5999,61.4672
2000-08-03,93.1715,76.8661,28.1391,37.6113,61.4793
2000-08-04,93.6715,76.6027,27.9803,37.6226,61.4872
2000-08-07,94.7914,78.4045,27.9033,37.634,61.5197
2000-08-08,95.1514,80.0023,27.8927,37.6454,61.5317
2000-08-09,94.3514,77.8775,27.7799,37.6568,61.5397
2000-08-10,93.8915,76.3307,27.7999,37.6682,61.5476
2000-08-11,94.3314,77.3931,27.8505,37.6796,61.5555
2000-08-14,95.5313,79.0419,28.131,37.691,61.6086
2000-08-15,95.4513,79.0419,27.9978,37.7024,61.6
2000-08-16,95.1114,79.8408,28.222,37.7138,61.608
2000-08-17,96.1113,81.3792,28.3084,37.7252,61.62
2000-08-18,95.7913,80.9542,28.1446,37.7366,61.6279
2000-08-21,96.3113,81.1667,28.042,37.748,61.6604
2000-08-22,96.1513,81.1667,27.919,37.7595,61.6725
2000-08-23,96.5312,82.4926,27.8931,37.7709,61.6804
2000-08-24,96.8312,83.7674,27.8365,37.7823,61.6883
2000-08-25,96.7912,83.317,27.9433,37.7937,61.7003
2000-08-28,97.1212,83.7164,27.9429,37.8052,61.7287
2000-08-29,97.1411,84.1414,27.9782,37.8166,61.7407
2000-08-30,96.2113,84.0394,27.9063,37.828,61.7487
2000-08-31,97.4911,86.6911,28.2837,37.8395,61.7607
2000-09-01,97.5912,87.2011,28.2832,37.8509,61.7727
2000-09-04,97.5912,87.2011,28.2832,37.8509,61.7727
2000-09-05,96.8112,84.5664,28.0782,37.87,61.8214
2000-09-06,95.7113,81.5917,27.9909,37.8795,61.8334
2000-09-07,96.5312,83.402,27.8425,37.889,61.8454
2000-09-08,95.8713,80.8522,27.8471,37.8986,61.8574
2000-09-11,95.7313,78.8804,27.8263,37.9081,61.8941
2000-09-12,95.0314,77.6651,28.0403,37.9176,61.9061
2000-09-13,95.2813,79.4669,27.8203,37.9272,61.914
2000-09-14,95.7613,79.0419,27.8812,37.9367,61.9219
2000-09-15,93.6717,77.5546,27.8297,37.9462,61.9298
2000-09-18,92.8096,76.3902,27.8701,37.9558,61.9624
2000-09-19,93.6516,79.2034,27.7523,37.9653,61.9703
2000-09-20,92.9599,80.4273,27.7059,37.9749,61.9823
2000-09-21,91.5465,74.5799,27.5115,37.9844,61.9943
2000-09-22,93.2105,78.9909,27.9654,37.994,62.0022
2000-09-25,92.5489,76.8916,27.8527,38.0035,62.0348
2000-09-26,91.366,76.0162,28.0564,38.0131,62.0427
2000-09-27,91.8472,76.1182,28.1887,38.0226,62.0547
2000-09-28,93.0301,77.8181,28.2138,38.0322,62.0626
2000-09-29,92.1479,75.4298,27.9326,38.0418,62.0828
2000-10-02,92.2883,73.73,27.8761,38.0513,62.1072
2000-10-03,91.4262,71.3927,27.7736,38.0716,62.1192
2000-10-04,92.188,72.7781,27.6966,38.0919,62.1271
2000-10-05,92.5088,72.9905,27.5992,38.1122,62.135
2000-10-06,90.5039,70.5428,27.558,38.1325,62.147
2000-10-09,89.8222,70.2283,27.5575,38.1528,62.1466
2000-10-10,88.3385,66.5567,27.6081,38.1732,62.1874
2000-10-11,87.5967,65.4943,27.8374,38.1935,62.1994
2000-10-12,85.4113,63.854,27.9645,38.2139,62.2115
2000-10-13,88.2583,69.0554,27.8875,38.2342,62.2193
2000-10-16,88.6593,69.6929,27.7187,38.2546,62.2478
2000-10-17,86.4539,66.5057,27.5805,38.275,62.2598
2000-10-18,86.1331,66.2932,27.7587,38.2954,62.2677
2000-10-19,89.3811,72.2936,27.5848,38.3158,62.2756
2000-10-20,89.762,73.356,27.5997,38.3362,62.2876
2000-10-23,90.163,73.254,27.7013,38.3566,62.3161
2000-10-24,89.5615,70.1178,27.5733,38.3771,62.324
2000-10-25,87.4563,66.1912,27.2259,38.3975,62.336
2000-10-26,87.6969,67.8911,27.1847,38.418,62.3439
2000-10-27,89.361,67.7551,26.919,38.4385,62.3559
2000-10-30,90.163,65.2478,27.0155,38.4589,62.3843
2000-10-31,91.7169,69.4379,26.9896,38.4794,62.3963
2000-11-01,91.4061,68.843,27.0912,38.4999,62.4042
2000-11-02,91.5565,69.6929,27.0245,38.5253,62.4162
2000-11-03,91.6066,70.5938,27.0036,38.5507,62.4241
2000-11-06,92.2482,70.0668,27.1104,38.5761,62.4526
2000-11-07,92.2281,69.8034,27.0895,38.6015,62.4646
2000-11-08,90.1831,64.3384,26.9463,38.6269,62.4766
2000-11-09,89.8422,64.3299,27.002,38.6523,62.4886
2000-11-10,87.6568,60.9813,27.002,38.6523,62.4886
2000-11-13,86.9751,61.0748,27.0216,38.7032,62.5332
2000-11-14,89.2608,64.4574,27.0314,38.7287,62.5411
2000-11-15,89.5415,65.7663,26.9952,38.7542,62.5531
2000-11-16,88.138,61.9417,27.2091,38.7797,62.5651
2000-11-17,87.6668,61.8992,27.0607,38.8053,62.5771
2000-11-20,86.4138,59.3749,27.1521,38.8308,62.6096
2000-11-21,86.8549,59.2814,27.1517,38.8564,62.6216
2000-11-22,84.7797,56.6297,27.1513,38.882,62.6336
2000-11-23,84.7797,56.6297,27.1513,38.882,62.6336
2000-11-24,86.514,59.8679,27.0893,38.9332,62.6535
2000-11-27,87.2759,59.12,27.3541,38.9589,62.6861
2000-11-28,85.7722,55.6268,27.5373,38.9845,62.6981
2000-11-29,85.6118,53.4935,27.4502,39.0102,62.7101
2000-11-30,84.8699,53.5275,27.4497,39.0359,62.718
2000-12-01,84.8298,54.3944,27.4595,39.0616,62.73
2000-12-04,85.5516,55.2444,27.6121,39.0798,62.7667
2000-12-05,88.3585,60.0804,27.6219,39.0981,62.7828
2000-12-06,86.9451,57.7941,27.7031,39.1164,62.7907
2000-12-07,85.7521,56.5192,27.9372,39.1347,62.8027
2000-12-08,85.9526,57.7941,27.8399,39.153,62.8147
2000-12-11,88.94,63.2165,27.61,39.1713,62.8472
2000-12-12,88.559,60.9048,27.6147,39.1896,62.8592
2000-12-13,87.346,58.4145,27.497,39.2079,62.8671
2000-12-14,86.2333,55.5673,27.466,39.2262,62.8791
2000-12-15,84.2917,54.2925,27.5726,39.2446,62.8911
2000-12-18,85.418,54.3944,27.5569,39.2629,62.9278
2000-12-19,83.6783,50.2554,27.4902,39.2813,62.9439
2000-12-20,81.2548,47.3657,27.7855,39.2996,62.96
2000-12-21,81.8179,47.6461,27.8514,39.318,62.9967
2000-12-22,84.2716,51.4197,27.851,39.3364,63.0251
2000-12-25,84.2716,51.4197,27.851,39.3364,63.0251
2000-12-26,85.1767,51.7427,27.8501,39.3732,63.0286
2000-12-27,85.8002,52.3207,28.0485,39.3916,63.0365
2000-12-28,86.0616,52.2187,27.9869,39.41,63.0403
2000-12-29,84.4326,49.6179,27.9865,39.4284,63.0646
2001-01-01,84.4326,49.6179,27.9865,39.4284,63.0646
2001-01-02,82.904,45.4194,27.644,39.4824,63.0845
2001-01-03,86.8863,53.0686,27.2408,39.5181,63.1047
2001-01-04,85.951,52.1082,27.2353,39.5537,63.1373
2001-01-05,83.1453,48.1306,27.2655,39.5894,63.1698
2001-01-08,83.7889,48.6575,27.3569,39.6252,63.19
2001-01-09,83.5677,48.6575,27.2239,39.6609,63.1938
2001-01-10,85.0359,51.1563,27.1521,39.6967,63.2017
2001-01-11,85.1164,52.6436,26.9325,39.7325,63.2096
2001-01-12,84.9555,53.3151,26.8862,39.7684,63.2216
2001-01-15,84.9555,53.3151,26.8862,39.7684,63.2216
2001-01-16,85.4985,52.6776,26.9618,39.8402,63.2538
2001-01-17,85.8907,54.2925,26.8646,39.8761,63.2658
2001-01-18,86.7455,56.5702,27.0069,39.9121,63.2778
2001-01-19,86.2527,56.3577,27.0065,39.9481,63.2898
2001-01-22,86.8259,56.4172,27.1335,39.9842,63.3141
2001-01-23,87.5097,57.5986,27.128,40.0203,63.322
2001-01-24,87.7712,57.0547,26.939,40.0564,63.3299
2001-01-25,87.55,54.8194,27.0048,40.0925,63.3378
2001-01-26,87.4494,55.7118,26.8668,40.1287,63.3539
2001-01-29,87.9161,56.9442,26.795,40.1649,63.3823
2001-01-30,88.6884,56.7317,27.0087,40.2012,63.3984
2001-01-31,88.1864,54.6494,26.9624,40.2375,63.4104
2001-02-01,88.772,55.3718,27.2831,40.2738,63.4142
2001-02-02,86.7576,52.3122,27.1858,40.3091,63.418
2001-02-05,87.3947,52.2697,27.058,40.3445,63.4423
2001-02-06,87.1373,52.3547,26.7773,40.38,63.4502
2001-02-07,86.6868,51.5047,26.8227,40.4154,63.4581
2001-02-08,85.6763,49.9664,26.8019,40.4509,63.466
2001-02-09,84.8525,47.9351,26.4906,40.4865,63.478
2001-02-12,85.8243,48.513,26.6125,40.522,63.5023
2001-02-13,85.1228,46.9577,26.5765,40.5576,63.5102
2001-02-14,84.9941,48.8275,26.5251,40.5932,63.5181
2001-02-15,85.8179,49.6349,26.3514,40.6289,63.5301
2001-02-16,83.9257,46.8557,26.2389,40.6646,63.5421
2001-02-19,83.9257,46.8557,26.2389,40.6646,63.5421
2001-02-20,82.6321,45.0369,26.1158,40.736,63.5743
2001-02-21,80.8493,43.7705,26.2428,40.7718,63.5822
2001-02-22,80.9716,43.3456,26.38,40.8076,63.586
2001-02-23,80.4245,43.4986,26.5426,40.8434,63.6021
2001-02-26,82.1365,44.323,26.8225,40.8793,63.6305
2001-02-27,81.3771,41.6457,27.3418,40.9152,63.6384
2001-02-28,79.7745,40.3284,27.1784,40.9511,63.6422
2001-03-01,80.1928,41.4758,27.1423,40.9871,63.65
2001-03-02,79.5557,39.6909,26.8107,41.0031,63.6579
2001-03-05,80.2829,40.4134,26.7491,41.019,63.6823
2001-03-06,81.1454,41.9857,26.6825,41.035,63.6942
2001-03-07,81.7246,42.0027,26.5598,41.051,63.7103
2001-03-08,81.8147,41.2208,26.8651,41.0669,63.7182
2001-03-09,79.3948,38.3311,27.4913,41.0829,63.7261
2001-03-12,75.9965,35.9513,27.766,41.0989,63.7504
2001-03-13,77.2451,37.7786,27.4395,41.1149,63.7583
2001-03-14,75.7198,37.1837,26.8838,41.1309,63.7744
2001-03-15,75.7391,35.8238,26.7,41.1469,63.7864
2001-03-16,74.2237,35.0164,26.562,41.163,63.7943
2001-03-19,75.7339,36.7672,26.5464,41.179,63.8145
2001-03-20,73.701,34.294,26.6478,41.195,63.8265
2001-03-21,72.449,34.294,26.6933,41.211,63.8426
2001-03-22,71.7133,36.3763,26.6063,41.2271,63.8505
2001-03-23,73.8817,36.3763,26.7791,41.2431,63.8543
2001-03-26,74.8239,35.5349,26.7124,41.2592,63.8786
2001-03-27,76.3535,36.7587,26.6916,41.2752,63.8824
2001-03-28,74.2431,33.7416,26.5028,41.2913,63.8944
2001-03-29,74.5271,33.1041,26.5024,41.3074,63.9023
2001-03-30,75.308,33.2741,26.2524,41.3235,63.9225
2001-04-02,73.701,31.7868,26.0737,41.3396,63.9386
2001-04-03,71.2421,29.458,26.1904,41.3521,63.9588
2001-04-04,71.539,28.9395,26.4294,41.3647,63.9749
2001-04-05,74.2496,31.7103,26.2915,41.3773,63.9869
2001-04-06,73.1202,30.8518,26.3624,41.3899,64.0071
2001-04-09,73.9333,31.4893,26.3824,41.4025,64.0314
2001-04-10,75.2821,33.8265,26.1426,41.4151,64.0393
2001-04-11,75.3338,34.8464,26.2492,41.4277,64.0348
2001-04-12,76.702,36.3763,26.4066,41.4403,64.0468
2001-04-13,76.702,36.3763,26.4066,41.4403,64.0468
2001-04-16,75.8952,34.209,26.4058,41.4655,64.0626
2001-04-17,76.9666,35.0589,26.5378,41.4782,64.0746
2001-04-18,80.0256,38.7135,26.3643,41.4908,64.0948
2001-04-19,81.0905,41.0508,26.7968,41.5034,64.1068
2001-04-20,80.3483,41.1358,26.8727,41.516,64.1188
2001-04-23,78.8897,38.3736,26.745,41.5287,64.1431
2001-04-24,78.4638,37.6512,26.8261,41.5413,64.1427
2001-04-25,79.4899,38.3311,26.8359,41.554,64.1424
2001-04-26,79.8449,37.3537,26.8354,41.5666,64.1503
2001-04-27,81.1743,38.3736,26.9471,41.5792,64.1582
2001-04-30,81.7423,39.2235,26.799,41.5919,64.1743
2001-05-01,81.994,40.8383,26.8851,41.6046,64.1822
2001-05-02,81.8455,41.6287,26.8796,41.6254,64.1859
2001-05-03,80.8065,39.7759,27.1287,41.6462,64.1938
2001-05-04,82.1811,40.9658,27.1487,41.667,64.2099
2001-05-07,81.4712,40.1159,27.1483,41.6878,64.2301
2001-05-08,81.4325,40.9658,27.0053,41.7086,64.238
2001-05-09,81.0905,39.5635,27.2747,41.7295,64.2418
2001-05-10,81.3292,38.9005,27.3354,41.7503,64.2455
2001-05-11,80.7678,38.7135,27.3961,41.7712,64.2534
2001-05-14,80.9291,38.0931,27.3244,41.792,64.2777
2001-05-15,81.3034,38.3736,27.1458,41.8129,64.2897
2001-05-16,83.2202,40.0734,27.5832,41.8338,64.3017
2001-05-17,83.3492,40.7108,27.8984,41.8547,64.3055
2001-05-18,83.73,40.8298,27.7962,41.8756,64.3093
2001-05-21,84.9627,43.3881,29.6539,41.8966,64.3295
2001-05-22,84.8529,43.2606,28.9306,41.9175,64.3332
2001-05-23,83.4138,41.3483,28.8283,41.9384,64.337
2001-05-24,83.659,42.4107,29.1231,41.9594,64.3408
2001-05-25,82.6716,41.6372,28.1249,41.9804,64.3528
2001-05-28,82.6716,41.6372,28.1249,41.9804,64.3528
2001-05-29,82.0133,39.198,28.0732,42.0223,64.3726
2001-05-30,80.8646,37.7616,27.5892,42.0433,64.3805
2001-05-31,81.2841,38.0166,27.2324,42.0643,64.3884
2001-06-01,81.7875,39.1385,27.0182,42.0854,64.3922
2001-06-04,82.1811,38.9515,27.1298,42.0824,64.4083
2001-06-05,83.1234,40.6683,27.0479,42.0795,64.4203
2001-06-06,82.4328,40.3539,27.0272,42.0765,64.4281
2001-06-07,82.7297,41.3908,27.0878,42.0736,64.4319
2001-06-08,81.9617,40.2434,27.179,42.0706,64.4398
2001-06-11,81.3809,39.1385,27.3313,42.0677,64.46
2001-06-12,81.2389,38.926,27.4734,42.0647,64.472
2001-06-13,80.5419,37.8636,27.6817,42.0618,64.4799
2001-06-14,78.7349,35.9088,27.727,42.0588,64.4836
2001-06-15,78.8616,36.2063,27.7063,42.0559,64.4915
2001-06-18,78.4798,35.7219,27.6855,42.0529,64.5117
2001-06-19,78.8228,35.5434,27.8276,42.05,64.5196
2001-06-20,79.237,36.3508,27.6337,42.047,64.5234
2001-06-21,80.1366,36.8437,27.6537,42.0441,64.5271
2001-06-22,79.5088,36.7587,27.8161,42.0411,64.535
2001-06-25,78.7775,36.8522,27.775,42.0382,64.5511
2001-06-26,78.6675,36.9797,27.8865,42.0353,64.559
2001-06-27,78.6222,37.2177,27.9675,42.0323,64.5628
2001-06-28,79.0558,37.6936,27.4277,42.0294,64.5624
2001-06-29,79.347,38.841,27.5392,42.0264,64.5744
2001-07-02,80.3373,38.6286,27.3098,42.0235,64.5864
2001-07-03,80.3178,38.79,27.3246,42.0545,64.5902
2001-07-04,80.3178,38.79,27.3246,42.0545,64.5902
2001-07-05,78.7516,36.9287,27.0999,42.1167,64.6018
2001-07-06,77.0495,35.3989,26.9774,42.1478,64.6138
2001-07-09,77.4701,35.7049,27.0787,42.1789,64.6299
2001-07-10,76.5382,34.4215,27.2157,42.2101,64.6337
2001-07-11,76.6158,34.8464,27.2255,42.2413,64.6456
2001-07-12,78.4345,37.0562,27.0978,42.2725,64.6494
2001-07-13,79.114,36.6738,27.1025,42.3037,64.6532
2001-07-16,78.1238,35.9938,27.2954,42.335,64.6693
2001-07-17,78.8552,36.8012,27.2289,42.3662,64.6772
2001-07-18,78.318,35.3989,27.3251,42.3975,64.6891
2001-07-19,79.004,36.2403,27.5028,42.4289,64.6929
2001-07-20,78.5316,35.3989,27.4413,42.4602,64.7008
2001-07-23,76.9847,34.515,27.3391,42.4916,64.7169
2001-07-24,76.2405,34.124,27.3438,42.523,64.7247
2001-07-25,77.0818,34.4215,27.3078,42.5544,64.7285
2001-07-26,77.8908,34.9314,27.2158,42.5858,64.7323
2001-07-27,78.1885,35.6539,27.078,42.6173,64.7402
2001-07-30,78.2144,35.4414,27.0929,42.6488,64.7563
2001-07-31,78.538,35.4924,27.0518,42.6803,64.7641
2001-08-01,79.0299,36.6313,27.1989,42.7118,64.772
2001-08-02,79.3535,37.3197,27.1629,42.714,64.7758
2001-08-03,78.9199,36.6993,27.2489,42.7163,64.7837
2001-08-06,77.8585,36.1213,27.1824,42.7185,64.7997
2001-08-07,78.1627,35.9343,27.1057,42.7207,64.8076
2001-08-08,76.7129,34.4215,27.1002,42.723,64.8114
2001-08-09,76.9394,34.566,27.466,42.7252,64.8193
2001-08-10,77.2048,34.2345,28.0556,42.7274,64.8271
2001-08-13,77.2242,34.9314,28.0348,42.7296,64.8473
2001-08-14,77.1919,34.5065,27.9225,42.7319,64.8552
2001-08-15,76.5252,33.2316,28.0085,42.7341,64.859
2001-08-16,76.7906,33.6226,28.064,42.7363,64.8669
2001-08-17,75.5609,32.0927,28.2212,42.7386,64.8747
2001-08-20,76.2599,32.5347,28.1394,42.7408,64.8908
2001-08-21,74.959,31.1833,28.1034,42.743,64.8987
2001-08-22,75.7356,32.0332,28.0572,42.7453,64.9066
2001-08-23,75.4638,31.7188,27.9551,42.7475,64.9103
2001-08-24,77.0301,33.4016,27.7461,42.7497,64.9141
2001-08-27,76.5705,33.4441,27.7457,42.7519,64.9302
2001-08-28,75.4509,32.3987,27.5673,42.7542,64.9381
2001-08-29,74.7778,31.9227,27.75,42.7564,64.9418
2001-08-30,73.341,30.7414,27.6936,42.7586,64.9538
2001-08-31,73.8782,30.7414,27.7644,42.7609,64.9576
2001-09-03,73.8782,30.7414,27.7644,42.7609,64.9576
2001-09-04,73.4057,30.1464,27.6923,42.7766,64.9733
2001-09-05,73.5869,30.0274,27.5902,42.7901,64.9853
2001-09-06,71.6906,28.8121,27.6661,42.8036,64.9932
2001-09-07,70.3639,28.6421,27.8233,42.817,65.0052
2001-09-10,71.2246,28.982,27.6093,42.8305,65.0213
2001-09-11,71.2246,28.982,29.1851,42.844,65.0209
2001-09-12,71.2246,28.982,28.3711,42.8576,65.0206
2001-09-13,71.2246,28.982,28.4978,42.8711,65.0202
2001-09-14,71.2246,28.982,29.0566,42.8846,65.1964
2001-09-17,67.5032,26.5173,29.8188,42.8981,65.1181
2001-09-18,67.3414,25.9224,29.4269,42.9116,65.1054
2001-09-19,65.9823,25.4719,29.2943,42.9252,65.1708
2001-09-20,63.8854,24.622,29.3345,42.9387,65.1664
2001-09-21,63.1987,23.9591,29.7407,42.9522,65.166
2001-09-24,65.4205,25.1659,29.3031,42.9658,65.1698
2001-09-25,66.1027,25.2424,29.2823,42.9793,65.1653
2001-09-26,65.8688,24.367,29.6326,42.9929,65.1691
2001-09-27,66.4405,24.2055,29.4644,43.0064,65.177
2001-09-28,67.8502,24.6305,29.7995,43.02,65.189
2001-10-01,67.7398,24.418,29.5449,43.0335,65.1968
2001-10-02,68.5908,24.4945,29.6512,43.0757,65.2088
2001-10-03,69.7407,26.3473,29.4931,43.1179,65.2167
2001-10-04,69.7992,26.6023,29.5181,43.1602,65.2204
2001-10-05,69.6628,26.9932,29.604,43.2025,65.2242
2001-10-08,69.208,27.0782,29.6697,43.2448,65.2239
2001-10-09,68.8377,26.4238,29.4811,43.2872,65.24
2001-10-10,70.3709,27.6222,29.191,43.3296,65.2396
2001-10-11,71.4623,29.492,28.6517,43.3721,65.2434
2001-10-12,71.1375,29.3645,28.6462,43.4146,65.2471
2001-10-15,71.0076,29.237,28.6509,43.4571,65.2591
2001-10-16,71.4558,29.713,28.5742,43.4997,65.2629
2001-10-17,69.9356,27.5797,28.6246,43.5424,65.2667
2001-10-18,69.7862,28.3276,28.5632,43.585,65.2704
2001-10-19,69.7407,28.5146,28.3747,43.6277,65.2742
2001-10-22,71.118,29.2795,28.0439,43.6705,65.2862
2001-10-23,70.7542,29.4325,28.0587,43.7133,65.2899
2001-10-24,70.5658,30.0699,28.0024,43.7561,65.2937
2001-10-25,71.8326,31.2768,28.1239,43.799,65.3016
2001-10-26,71.6702,30.6054,28.1794,43.8419,65.3053
2001-10-29,69.8057,28.931,28.3162,43.8849,65.3173
2001-10-30,68.9676,28.3701,28.4987,43.9279,65.3211
2001-10-31,68.7338,28.8121,28.3305,43.971,65.3248
2001-11-01,70.4943,30.0359,28.5181,44.0141,65.3286
2001-11-02,70.9751,30.2569,28.4466,43.9656,65.3365
2001-11-05,71.9041,31.2428,28.2784,43.9171,65.3443
2001-11-06,73.0215,32.4582,28.3491,43.8687,65.3645
2001-11-07,72.9241,32.4157,28.4859,43.8204,65.3724
2001-11-08,73.1514,32.0842,28.4499,43.7721,65.3762
2001-11-09,73.2294,32.0672,28.1649,43.7239,65.3799
2001-11-12,72.7811,32.2967,28.1649,43.7239,65.3799
2001-11-13,74.4183,33.4526,28.098,43.6276,65.3916
2001-11-14,74.4897,33.6906,28.2754,43.5795,65.3912
2001-11-15,74.6262,33.5546,27.9904,43.5315,65.3909
2001-11-16,74.2948,33.4611,27.8935,43.4836,65.3906
2001-11-19,75.2109,34.413,27.8016,43.4357,65.3984
2001-11-20,74.5807,32.8236,27.7351,43.3878,65.4022
2001-11-21,74.0869,32.8406,27.7195,43.34,65.406
2001-11-22,74.0869,32.8406,27.7195,43.34,65.406
2001-11-23,75.1524,33.3846,27.7491,43.2446,65.4135
2001-11-26,75.3148,34.209,27.6979,43.1969,65.4214
2001-11-27,74.99,34.1665,27.7686,43.1493,65.4292
2001-11-28,73.6322,32.9341,27.8799,43.1018,65.433
2001-11-29,74.6262,33.954,27.9201,43.0543,65.4409
2001-11-30,74.0934,33.6991,27.9908,43.0069,65.4446
2001-12-03,73.6517,33.1211,28.0768,42.9595,65.4525
2001-12-04,74.899,34.702,28.1017,42.9381,65.4604
2001-12-05,76.2698,36.4188,27.9387,42.9167,65.46
2001-12-06,76.2308,36.4698,27.8926,42.8954,65.4679
2001-12-07,75.7241,35.4669,27.8465,42.874,65.4758
2001-12-10,74.3078,34.8464,27.6987,42.8527,65.4836
2001-12-11,74.1584,35.0419,27.6526,42.8314,65.4874
2001-12-12,74.2429,35.3224,27.7842,42.8101,65.4912
2001-12-13,72.8006,33.7925,27.8702,42.7888,65.4908
2001-12-14,73.4958,34.09,28.144,42.7675,65.4905
2001-12-17,74.2559,34.6765,28.2147,42.7462,65.4983
2001-12-18,74.6976,35.0674,28.326,42.7249,65.5021
2001-12-19,75.2238,34.43,28.3053,42.7037,65.5059
2001-12-20,74.4832,32.9681,28.0458,42.6824,65.5096
2001-12-21,74.9333,33.5546,28.1876,42.6612,65.5134
2001-12-24,74.7899,33.4186,28.1871,42.6399,65.5213
2001-12-25,74.7899,33.4186,28.1871,42.6399,65.5213
2001-12-26,75.2006,33.7331,28.1863,42.5975,65.5247
2001-12-27,75.6569,34.005,28.2062,42.5763,65.5285
2001-12-28,75.6178,34.277,28.0839,42.5551,65.5322
2001-12-31,74.5096,33.0701,28.0834,42.534,65.5401
2002-01-01,74.5096,33.0701,28.0834,42.534,65.5401
2002-01-02,75.3114,34.09,28.2705,42.5218,65.5435
2002-01-03,76.1653,35.2714,28.3157,42.5308,65.5473
2002-01-04,76.6738,35.4159,28.2087,42.5398,65.551
2002-01-07,76.1328,35.0249,28.2946,42.5488,65.563
2002-01-08,75.9567,35.2629,28.2941,42.5578,65.5668
2002-01-09,75.3375,34.9399,28.5476,42.5668,65.5705
2002-01-10,75.6699,35.1694,29.1311,42.5758,65.5743
2002-01-11,74.9268,34.719,29.0189,42.5848,65.5822
2002-01-14,74.4574,33.9625,29.0794,42.5938,65.59
2002-01-15,75.0637,34.2855,28.8607,42.6029,65.5938
2002-01-16,73.5448,32.9596,28.9008,42.6119,65.5935
2002-01-17,74.0989,33.6991,28.941,42.6209,65.5972
2002-01-18,73.7599,32.7981,28.7578,42.6299,65.601
2002-01-21,73.7599,32.7981,28.7578,42.6299,65.601
2002-01-22,73.2515,31.7868,28.6401,42.648,65.6044
2002-01-23,73.8121,32.6622,28.5077,42.657,65.6082
2002-01-24,74.0402,33.0956,28.3499,42.666,65.6119
2002-01-25,74.0207,33.0021,28.3291,42.675,65.6116
2002-01-28,74.2228,33.1891,28.3388,42.6841,65.6195
2002-01-29,71.889,32.2797,28.2166,42.6931,65.6232
2002-01-30,72.9255,32.5262,28.5817,42.7021,65.627
2002-01-31,73.7795,32.7302,28.6625,42.7112,65.6307
2002-02-01,73.434,32.4157,28.8245,42.7202,65.6304
2002-02-04,71.6087,31.3788,29.1794,42.7534,65.6424
2002-02-05,71.1654,30.8603,29.6409,42.7866,65.642
2002-02-06,70.8591,30.6479,30.407,42.8199,65.6499
2002-02-07,70.4158,29.9084,30.4065,42.8531,65.6537
2002-02-08,71.7652,30.7414,30.8934,42.8864,65.6574
2002-02-11,72.6452,31.1323,30.2279,42.9198,65.6612
2002-02-12,72.4171,30.8773,30.3442,42.9531,65.6649
2002-02-13,73.1863,31.4043,30.1915,42.9865,65.6646
2002-02-14,73.0494,31.3448,30.3534,43.0199,65.6684
2002-02-15,72.2867,30.4099,30.4393,43.0533,65.6721
2002-02-18,72.2867,30.4099,30.4393,43.0533,65.6721
2002-02-19,70.8982,29.475,30.0983,43.1202,65.6838
2002-02-20,72.0911,29.8744,29.5699,43.1537,65.6875
2002-02-21,70.5983,28.4551,29.6558,43.1873,65.6872
2002-02-22,71.4718,28.5996,29.7162,43.2208,65.6909
2002-02-25,72.6517,29.7555,29.6346,43.2544,65.6988
2002-02-26,72.5018,29.645,29.8625,43.288,65.7026
2002-02-27,72.7821,29.237,30.1869,43.3216,65.7063
2002-02-28,72.4562,28.7101,30.1306,43.3553,65.706
2002-03-01,74.1445,30.3759,29.9829,43.389,65.7098
2002-03-04,75.4548,31.5743,30.1855,43.376,65.7176
2002-03-05,75.2136,31.8038,30.2256,43.363,65.7214
2002-03-06,76.1067,31.9567,29.7075,43.35,65.7251
2002-03-07,75.9437,32.0247,29.5345,43.3369,65.7248
2002-03-08,76.2631,32.8661,29.3463,43.3239,65.7286
2002-03-11,76.4261,32.7472,29.5539,43.311,65.7364
2002-03-12,76.3805,32.2967,29.797,43.298,65.7402
2002-03-13,75.6438,31.5148,29.7509,43.285,65.744
2002-03-14,75.5395,31.3278,29.5526,43.272,65.7436
2002-03-15,76.2573,31.6423,29.4608,43.259,65.7474
2002-03-18,76.2703,31.8207,29.6379,43.246,65.7552
2002-03-19,76.7802,31.7698,29.744,43.2331,65.7631
2002-03-20,75.3355,30.6479,29.6167,43.2201,65.7628
2002-03-21,75.3682,31.4638,29.7076,43.2071,65.7665
2002-03-22,75.2048,31.1748,29.8594,43.1942,65.7703
2002-03-25,74.2699,30.2229,30.209,43.1812,65.7781
2002-03-26,74.7014,30.5034,30.0462,43.1683,65.7819
2002-03-27,74.8975,30.2654,30.34,43.1553,65.7857
2002-03-28,74.8648,30.6479,30.5831,43.1424,65.7976
2002-03-29,74.8648,30.6479,30.5831,43.1424,65.7976
2002-04-01,74.8975,31.2343,30.5821,43.1165,65.8011
2002-04-02,74.4857,29.8235,30.8455,43.1697,65.8048
2002-04-03,73.9627,29.7725,30.8196,43.2231,65.8086
2002-04-04,73.6554,29.543,30.6112,43.2764,65.8123
2002-04-05,73.6685,29.2115,30.5397,43.3299,65.8161
2002-04-08,73.8254,29.577,30.4834,43.3834,65.824
2002-04-09,73.3089,28.5486,30.3054,43.437,65.8318
2002-04-10,74.1392,28.7611,30.2339,43.4907,65.8356
2002-04-11,72.2957,28.0471,30.5682,43.5444,65.8393
2002-04-12,72.8383,28.4891,30.4714,43.5982,65.839
2002-04-15,72.2826,28.7186,30.4456,43.652,65.8469
2002-04-16,74.0019,29.9169,30.2067,43.7059,65.8506
2002-04-17,73.845,29.764,30.5207,43.7599,65.8544
2002-04-18,73.5247,29.1945,30.8652,43.814,65.8581
2002-04-19,73.7927,29.288,30.6162,43.8681,65.8578
2002-04-22,72.5637,28.5486,30.8084,43.9223,65.8698
2002-04-23,72.2499,28.0556,30.7065,43.9765,65.8694
2002-04-24,71.5243,27.6222,30.8582,44.0309,65.8732
2002-04-25,71.5635,27.5542,31.1672,44.0852,65.877
2002-04-26,70.2037,26.3813,31.1007,44.1397,65.8766
2002-04-29,69.8573,26.4493,31.4147,44.1942,65.8845
2002-04-30,70.511,26.9677,31.2621,44.2488,65.8882
2002-05-01,71.3739,26.8233,31.2768,44.3035,65.8879
2002-05-02,71.0993,25.9309,31.2003,44.3354,65.8916
2002-05-03,70.3279,25.2764,31.4889,44.3674,65.8954
2002-05-06,68.9486,24.622,31.4884,44.3993,65.9033
2002-05-07,68.7067,24.3925,31.6451,44.4313,65.907
2002-05-08,71.2628,27.0017,31.4925,44.4634,65.9108
2002-05-09,70.4391,26.3048,31.3247,44.4954,65.9146
2002-05-10,69.112,25.1234,31.5575,44.5275,65.9183
2002-05-13,70.5175,26.1433,31.5164,44.5596,65.9262
2002-05-14,72.0538,27.6817,31.2776,44.5917,65.9299
2002-05-15,71.7727,27.8857,31.267,44.6238,65.9337
2002-05-16,72.1453,27.9281,31.4491,44.656,65.9375
2002-05-17,72.4983,27.9876,31.4993,44.6882,65.9371
2002-05-20,71.7138,27.3757,31.5901,44.7204,65.9491
2002-05-21,71.0601,26.6278,31.9648,44.7526,65.9528
2002-05-22,71.217,26.6873,32.157,44.7849,65.9566
2002-05-23,71.9753,27.2227,32.1616,44.8172,65.9604
2002-05-24,71.0536,26.5513,32.5465,44.8495,65.96
2002-05-27,71.0536,26.5513,32.5465,44.8495,65.96
2002-05-28,70.6679,26.4323,32.4694,44.9141,65.9716
2002-05-29,70.1449,25.7354,33.1635,44.9465,65.9754
2002-05-30,69.9488,25.9563,33.0565,44.9789,65.9791
2002-05-31,70.0926,25.5314,33.1169,45.0113,65.9788
2002-06-03,68.2295,24.6305,33.1164,45.0438,65.9867
2002-06-04,68.3995,24.9535,33.1159,45.0742,65.9904
2002-06-05,69.0401,25.2084,32.6489,45.1047,65.9942
2002-06-06,67.6346,24.5455,32.8614,45.1352,65.9979
2002-06-07,67.5561,24.0525,33.0941,45.1657,66.0017
2002-06-10,67.8176,24.01,32.6981,45.1963,66.0096
2002-06-11,66.654,23.3386,32.1197,45.2268,66.0133
2002-06-12,67.0593,23.6786,32.4183,45.2574,66.013
2002-06-13,66.386,23.5256,32.3164,45.288,66.0208
2002-06-14,66.2879,23.4746,32.6556,45.3187,66.0246
2002-06-17,68.0661,24.2735,32.2191,45.3493,66.0325
2002-06-18,68.6217,24.6645,32.2744,45.38,66.0321
2002-06-19,67.0201,23.2366,32.5071,45.4107,66.04
2002-06-20,66.1637,22.4887,32.6789,45.4414,66.0396
2002-06-21,65.133,21.9448,32.7139,45.4721,66.0434
2002-06-24,65.4742,22.3782,33.0885,45.5029,66.0512
2002-06-25,64.0046,21.6388,32.6116,45.5336,66.055
2002-06-26,64.1096,21.8003,32.5958,45.5644,66.0547
2002-06-27,65.2314,22.2762,32.3166,45.5952,66.0584
2002-06-28,64.9231,22.1827,32.2857,45.6261,66.0663
2002-07-01,63.6569,21.1203,31.6364,45.6569,66.07
2002-07-02,62.3054,20.3554,31.8742,45.69,66.0738
2002-07-03,62.6597,21.0354,31.5088,45.7231,66.0776
2002-07-04,62.6597,21.0354,31.5088,45.7231,66.0776
2002-07-05,65.1527,22.3867,31.5534,45.7894,66.081
2002-07-08,64.3392,21.5708,31.5935,45.8225,66.0888
2002-07-09,62.7187,20.9589,31.8058,45.8557,66.0926
2002-07-10,60.4357,20.3129,31.9067,45.8889,66.0922
2002-07-11,60.9277,21.0778,31.8403,45.9222,66.096
2002-07-12,60.2585,21.0778,32.0983,45.9554,66.0998
2002-07-15,60.58,21.7323,32.3309,45.9887,66.1076
2002-07-16,59.4122,21.4093,32.2544,46.022,66.1114
2002-07-17,59.5303,21.8003,32.0411,46.0554,66.1151
2002-07-18,57.6015,21.0184,32.1926,46.0887,66.1148
2002-07-19,55.5743,20.3894,32.7242,46.1221,66.1186
2002-07-22,53.9276,19.888,32.7237,46.1555,66.1264
2002-07-23,52.4515,19.0381,32.3989,46.189,66.1302
2002-07-24,55.5809,20.0749,31.5421,46.2224,66.1339
2002-07-25,55.1085,18.9106,31.3592,46.2559,66.1377
2002-07-26,56.1582,19.2675,30.9027,46.2894,66.1414
2002-07-29,58.8939,20.2534,30.7046,46.3229,66.1493
2002-07-30,59.6615,20.6614,30.9473,46.3565,66.149
2002-07-31,59.8059,20.2704,30.8709,46.3901,66.1527
2002-08-01,58.2445,19.3185,30.6272,46.4237,66.1606
2002-08-02,56.9389,18.9106,30.9105,46.5012,66.1684
2002-08-05,54.9576,18.2221,31.3609,46.5789,66.1722
2002-08-06,56.8077,19.123,30.9804,46.6568,66.1759
2002-08-07,57.7983,19.378,31.6335,46.7347,66.1838
2002-08-08,59.6681,20.0325,31.628,46.8128,66.1835
2002-08-09,59.8912,19.8285,31.7085,46.8911,66.1872
2002-08-12,59.4516,19.888,32.088,46.9694,66.191
2002-08-13,58.3691,19.208,31.7937,47.0479,66.1947
2002-08-14,60.5013,20.4319,31.9807,47.1265,66.1985
2002-08-15,61.341,20.8484,31.6762,47.2053,66.2022
2002-08-16,61.1573,20.9929,31.8328,47.2842,66.206
2002-08-19,62.5875,21.5028,31.4169,47.3632,66.2098
2002-08-20,61.9249,21.4093,31.2037,47.4423,66.2135
2002-08-21,62.8172,21.8853,31.0563,47.5216,66.2173
2002-08-22,63.4273,22.2337,30.9393,47.601,66.221
2002-08-23,62.0627,21.3753,30.9946,47.6806,66.2207
2002-08-26,62.4957,21.4603,30.9941,47.7603,66.2285
2002-08-27,61.774,20.7124,31.4545,47.8401,66.2323
2002-08-28,60.4226,19.956,31.5148,47.92,66.232
2002-08-29,60.4488,20.2194,31.6157,48.0001,66.2357
2002-08-30,60.2126,19.9645,31.6861,48.0803,66.2395
2002-09-02,60.2126,19.9645,31.6861,48.0803,66.2395
2002-09-03,57.9164,19.242,31.756,48.2153,66.2511
2002-09-04,58.7431,19.3185,31.7049,48.27,66.2548
2002-09-05,58.2445,18.8426,32.1653,48.3248,66.2586
2002-09-06,59.0448,19.4205,32.337,48.3796,66.2582
2002-09-09,59.4778,19.616,32.6657,48.4345,66.2661
2002-09-10,60.1601,20.1004,32.3208,48.4894,66.2699
2002-09-11,59.7862,19.9305,31.9557,48.5445,66.2695
2002-09-12,58.684,19.3865,32.2945,48.5995,66.2733
2002-09-13,58.8283,19.5395,32.289,48.6547,66.277
2002-09-16,58.9727,19.259,31.939,48.7099,66.2849
2002-09-17,57.6212,18.8511,31.9943,48.7651,66.2886
2002-09-18,57.0439,18.6386,32.2774,48.8205,66.2924
2002-09-19,55.5678,18.3411,32.6364,48.8759,66.2962
2002-09-20,55.5862,18.4176,32.641,48.9313,66.2999
2002-09-23,55.1315,17.8652,32.6607,48.9868,66.3078
2002-09-24,54.2418,17.8737,33.0451,49.0424,66.3115
2002-09-25,55.5862,18.5876,32.9281,49.0981,66.3112
2002-09-26,56.4956,18.3581,32.3655,49.1538,66.3149
2002-09-27,54.5318,18.1116,32.4106,49.2095,66.3187
2002-09-30,53.8992,17.6102,32.7797,49.2654,66.3306
2002-10-01,56.489,18.6811,32.5818,49.3213,66.3303
2002-10-02,54.7954,18.0607,32.6269,49.2625,66.3341
2002-10-03,54.2418,17.6272,32.6162,49.2039,66.3378
2002-10-04,53.2468,17.2957,32.4335,49.1453,66.3375
2002-10-07,52.1462,17.1342,32.5798,49.0868,66.3453
2002-10-08,52.9634,17.1682,32.3008,49.0284,66.3491
2002-10-09,51.4675,17.0493,32.3358,48.97,66.3528
2002-10-10,53.1347,17.9162,32.2948,48.9117,66.3566
2002-10-11,55.461,18.8851,32.0817,48.8535,66.3562
2002-10-14,55.7707,19.106,32.1723,48.7954,66.3559
2002-10-15,58.4528,20.024,32.0149,48.7373,66.3637
2002-10-16,57.036,19.361,31.7967,48.6793,66.3634
2002-10-17,58.1694,20.0155,31.4621,48.6213,66.3672
2002-10-18,58.4133,20.2364,31.6641,48.5634,66.3709
2002-10-21,59.4215,20.6444,31.6484,48.5056,66.3788
2002-10-22,58.9932,20.5169,31.6429,48.4479,66.3784
2002-10-23,59.4413,20.9079,31.5968,48.3902,66.3822
2002-10-24,58.2288,20.3809,31.5609,48.3326,66.3859
2002-10-25,59.4413,20.9929,31.687,48.2751,66.3897
2002-10-28,59.0525,20.8144,31.8333,48.2176,66.4016
2002-10-29,58.3671,20.3299,32.1062,48.1602,66.4054
2002-10-30,58.9339,20.8739,32.0449,48.1029,66.4092
2002-10-31,58.3342,20.8654,32.0799,48.0456,66.417
2002-11-01,59.4874,21.4603,32.378,47.9884,66.4208
2002-11-04,60.0542,22.0128,32.1447,47.9869,66.4286
2002-11-05,60.5287,22.1827,32.2404,47.9854,66.4324
2002-11-06,61.3129,22.4972,32.1184,47.9838,66.4525
2002-11-07,59.8103,21.7068,32.3153,47.9823,66.4604
2002-11-08,59.0789,21.3073,32.5628,47.9808,66.46
2002-11-11,58.1629,20.6614,32.4611,47.9793,66.4597
2002-11-12,58.6242,21.1883,32.5669,47.9777,66.4675
2002-11-13,58.6835,21.4433,32.7941,47.9762,66.4713
2002-11-14,59.7906,22.1827,32.247,47.9747,66.4709
2002-11-15,60.2321,22.4717,32.2972,47.9732,66.4747
2002-11-18,59.6258,22.1402,32.2612,47.9717,66.4785
2002-11-19,59.5468,21.8003,32.3569,47.9701,66.4822
2002-11-20,60.8713,22.7267,32.2704,47.9686,66.4819
2002-11-21,62.0048,23.5681,32.1484,47.9671,66.4856
2002-11-22,61.5633,23.5596,32.153,47.9656,66.4853
2002-11-25,61.6028,23.7891,32.1272,47.9641,66.4931
2002-11-26,60.4298,22.9902,32.1318,47.9625,66.4928
2002-11-27,62.13,23.7211,32.1667,47.961,66.4965
2002-11-28,62.13,23.7211,32.1667,47.961,66.4965
2002-11-29,61.9323,23.5596,32.2872,47.958,66.504
2002-12-02,62.0312,23.7976,32.0236,47.9564,66.5078
2002-12-03,61.2008,23.0921,32.352,48.0316,66.5074
2002-12-04,60.924,22.5822,32.5943,48.1069,66.5112
2002-12-05,60.2519,22.2677,32.6292,48.1824,66.515
2002-12-06,60.6473,22.4972,32.9627,48.2579,66.5146
2002-12-09,58.98,21.4348,32.8964,48.3336,66.5225
2002-12-10,59.7708,21.7578,32.6935,48.4093,66.5221
2002-12-11,59.8235,21.8598,32.8094,48.4852,66.5259
2002-12-12,59.8169,21.9788,33.0264,48.5613,66.5255
2002-12-13,58.8746,21.2818,33.6128,48.6374,66.5293
2002-12-16,60.3969,21.9703,33.6932,48.7136,66.5371
2002-12-17,59.8697,22.0382,34.2998,48.79,66.5368
2002-12-18,59.1777,21.5708,34.1981,48.8665,66.5405
2002-12-19,58.756,21.2988,34.9058,48.9431,66.5402
2002-12-20,59.5901,21.5198,34.5613,49.0199,66.5439
2002-12-23,59.61,21.8173,34.7985,49.0967,66.5518
2002-12-24,59.1663,21.5453,34.798,49.1737,66.5515
2002-12-25,59.1663,21.5453,34.798,49.1737,66.5515
2002-12-26,59.1928,21.4858,34.7969,49.328,66.559
2002-12-27,57.8618,21.0948,35.3377,49.4054,66.5627
2002-12-30,58.3452,20.9334,35.1247,49.4828,66.5665
2002-12-31,58.4247,20.7124,35.1241,49.5604,66.5661
2003-01-01,58.4247,20.7124,35.1241,49.5604,66.5661
2003-01-02,60.3053,21.5878,34.7791,49.6519,66.5695
2003-01-03,60.4907,21.8258,34.8494,49.6658,66.5692
2003-01-06,61.5568,22.3697,35.5823,49.6796,66.577
2003-01-07,61.4045,22.6502,35.3035,49.6934,66.5767
2003-01-08,60.5172,22.0128,35.3789,49.7073,66.5804
2003-01-09,61.4575,22.6927,35.6464,49.7211,66.5801
2003-01-10,61.623,23.0326,35.7065,49.735,66.5838
2003-01-13,61.6032,22.8967,35.6605,49.7488,66.5917
2003-01-14,61.8018,23.0156,35.7155,49.7627,66.5914
2003-01-15,61.186,22.7267,35.5026,49.7766,66.5951
2003-01-16,60.9344,22.4717,35.6335,49.7904,66.5948
2003-01-17,60.0338,21.5113,36.1084,49.8043,66.5985
2003-01-20,60.0338,21.5113,36.1084,49.8043,66.5985
2003-01-21,59.1001,21.2733,35.7836,49.8321,66.6019
2003-01-22,58.385,21.1883,36.2584,49.8459,66.6098
2003-01-23,58.7425,21.6813,36.8849,49.8598,66.6094
2003-01-24,57.1996,21.0948,37.0159,49.8737,66.6132
2003-01-27,56.4183,20.8484,37.2681,49.8876,66.6169
2003-01-28,56.8354,21.0608,37.2575,49.9015,66.6207
2003-01-29,57.2659,21.3753,37.4086,49.9154,66.6203
2003-01-30,55.9084,20.8229,37.1754,49.9293,66.6241
2003-01-31,56.9877,20.7719,37.1647,49.9432,66.6237
2003-02-03,57.1003,20.8144,37.3664,49.9572,66.6316
2003-02-04,56.5375,20.5594,38.0788,50.0488,66.6312
2003-02-05,56.1865,20.4659,38.6395,50.1406,66.635
2003-02-06,55.9216,20.5764,38.0018,50.2326,66.6347
2003-02-07,55.2396,20.2364,37.7433,50.3247,66.6384
2003-02-10,55.6303,20.4149,37.4647,50.417,66.6422
2003-02-11,55.2462,20.5254,36.8068,50.5095,66.6459
2003-02-12,54.3655,20.2449,36.0277,50.6022,66.6456
2003-02-13,54.531,20.3469,35.6732,50.695,66.6493
2003-02-14,55.723,20.8144,35.8193,50.788,66.649
2003-02-17,55.723,20.8144,35.8193,50.788,66.649
2003-02-18,56.703,21.4603,34.7919,50.9745,66.6565
2003-02-19,56.405,21.3158,34.9835,51.068,66.6602
2003-02-20,55.8422,21.2308,35.5441,51.1617,66.6599
2003-02-21,56.405,21.3923,35.6194,51.2556,66.6636
2003-02-24,55.4912,21.0269,35.9121,51.3496,66.6674
2003-02-25,55.9349,21.0523,36.1542,51.4438,66.667
2003-02-26,55.1204,20.5849,35.5773,51.5381,66.6708
2003-02-27,55.8488,21.0523,35.5111,51.6327,66.6704
2003-02-28,56.2196,21.3838,35.1263,51.7274,66.6742
2003-03-03,55.6832,20.9504,34.9287,51.8223,66.682
2003-03-04,54.7959,20.8229,35.7268,51.7793,66.6817
2003-03-05,55.2594,20.8654,35.7819,51.7364,66.6854
2003-03-06,54.7959,20.8144,35.8571,51.6935,66.6892
2003-03-07,55.1734,20.8569,35.4573,51.6506,66.6929
2003-03-10,53.849,20.4064,35.8308,51.6078,66.7049
2003-03-11,53.3192,20.2279,35.249,51.565,66.7045
2003-03-12,53.6768,20.5934,34.9856,51.5223,66.7083
2003-03-13,55.5309,21.7748,33.8125,51.4795,66.7079
2003-03-14,55.7097,21.8598,33.8827,51.4369,66.7076
2003-03-17,57.4645,22.6077,34.4432,51.3942,66.7114
2003-03-18,57.8022,22.8882,34.2456,51.3516,66.711
2003-03-19,58.2459,22.6927,33.9418,51.309,66.7148
2003-03-20,58.3717,22.7777,33.9413,51.2665,66.7185
2003-03-21,59.6129,23.0921,33.7083,51.224,66.7182
2003-03-24,57.6318,22.1317,33.2984,51.1815,66.7137
2003-03-25,58.1836,22.4462,33.5455,51.1391,66.7257
2003-03-26,57.8911,22.5737,33.3479,51.0967,66.7253
2003-03-27,57.9376,22.4122,33.6304,51.0543,66.7291
2003-03-28,57.6451,22.1657,33.4278,51.012,66.7328
2003-03-31,56.3354,21.4603,33.8416,50.9697,66.7366
2003-04-01,57.1997,21.6303,33.7906,50.9274,66.7403
2003-04-02,58.5825,22.2252,33.2797,50.922,66.74
2003-04-03,58.3032,22.5057,32.7133,50.9167,66.7437
2003-04-04,58.6489,22.1402,32.7229,50.9113,66.7475
2003-04-07,58.5359,22.1742,32.3282,50.906,66.7471
2003-04-08,58.629,22.1487,32.6814,50.9006,66.7509
2003-04-09,57.8578,21.6388,32.4738,50.8952,66.7505
2003-04-10,58.1769,21.9023,32.8017,50.8899,66.7543
2003-04-11,57.9376,21.6813,32.8214,50.8845,66.7539
2003-04-14,59.1342,22.1232,32.9371,50.8791,66.7577
2003-04-15,59.686,22.3357,32.8861,50.8738,66.7614
2003-04-16,58.6689,22.2847,32.7492,50.8684,66.7652
2003-04-17,59.5398,22.7947,33.0417,50.8631,66.7648
2003-04-18,59.5398,22.7947,33.0417,50.8631,66.7648
2003-04-21,59.5996,22.8797,33.0407,50.8524,66.7723
2003-04-22,60.7231,23.3131,33.8384,50.847,66.7761
2003-04-23,61.2816,23.4831,33.6762,50.8416,66.7798
2003-04-24,60.7364,23.3556,33.7162,50.8363,66.7795
2003-04-25,59.9852,22.9052,33.6702,50.8309,66.7832
2003-04-28,61.0223,23.3556,33.604,50.8256,66.787
2003-04-29,61.235,23.5681,33.4822,50.8202,66.7907
2003-04-30,61.1021,23.3301,34.0222,50.8149,66.7904
2003-05-01,61.0954,23.5341,34.4713,50.8095,66.7982
2003-05-02,61.9663,24.0355,34.4001,50.9176,66.7979
2003-05-05,61.8466,24.01,34.3995,51.0258,66.8016
2003-05-06,62.4317,24.316,34.6364,51.1343,66.8054
2003-05-07,62.086,24.044,34.5349,51.2431,66.8051
2003-05-08,61.4611,23.6021,34.9991,51.352,66.8129
2003-05-09,62.312,24.146,35.145,51.4612,66.8126
2003-05-12,63.0765,24.5115,35.4677,51.5706,66.8204
2003-05-13,62.9635,24.3585,35.3965,51.6803,66.82
2003-05-14,62.8306,24.3075,35.7141,51.7902,66.8238
2003-05-15,63.2294,24.5795,35.7843,51.9003,66.8275
2003-05-16,63.0699,24.3925,35.8595,52.0107,66.8272
2003-05-19,61.594,23.5341,36.263,52.1213,66.835
2003-05-20,61.4677,23.6021,36.9999,52.2321,66.8347
2003-05-21,61.594,23.5341,37.1508,52.3432,66.8344
2003-05-22,62.2056,23.8741,37.332,52.4545,66.834
2003-05-23,62.332,23.8826,37.4224,52.566,66.8378
2003-05-26,62.332,23.8826,37.4224,52.566,66.8378
2003-05-27,63.4222,24.7325,37.5121,52.7898,66.8412
2003-05-28,63.6017,24.809,36.3096,52.902,66.8408
2003-05-29,63.4355,24.911,36.6727,53.0145,66.8446
2003-05-30,64.4527,25.3189,36.5004,53.1273,66.8483
2003-06-02,64.7186,25.1404,36.8382,53.2402,66.8521
2003-06-03,64.9845,25.3784,36.8629,53.2147,66.8558
2003-06-04,65.9219,25.8544,36.7815,53.1893,66.8596
2003-06-05,66.2476,26.0413,37.0385,53.1638,66.8633
2003-06-06,65.9884,25.6079,36.6592,53.1384,66.863
2003-06-09,65.3169,25.2679,36.6334,53.113,66.8708
2003-06-10,65.9817,25.6504,35.7745,53.0876,66.8746
2003-06-11,66.6798,25.9394,35.7739,53.0622,66.8783
2003-06-12,66.8859,26.0498,35.5714,53.0368,66.8821
2003-06-13,66.1878,25.4634,35.6517,53.0114,66.8899
2003-06-16,67.5839,26.2453,36.1813,52.9861,66.8936
2003-06-17,67.5839,26.1433,36.6301,52.9607,66.8933
2003-06-18,67.5241,26.2793,36.3266,52.9354,66.897
2003-06-19,66.4936,25.8544,36.114,52.9101,66.9049
2003-06-20,66.3475,25.8204,36.1488,52.8848,66.9045
2003-06-23,65.667,25.4209,35.8453,52.8595,66.9083
2003-06-24,65.7337,25.2254,35.1632,52.8342,66.912
2003-06-25,65.0732,25.0894,35.1475,52.8089,66.9035
2003-06-26,65.9205,25.6844,34.7178,52.7836,66.9072
2003-06-27,65.1599,25.3529,34.8839,52.7584,66.911
2003-06-30,65.1399,25.4549,34.9339,52.7331,66.9147
2003-07-01,65.7404,25.7949,35.3574,52.7079,66.9185
2003-07-02,66.5677,26.3218,35.4881,52.5952,66.9181
2003-07-03,65.8805,25.9903,35.2755,52.4827,66.9178
2003-07-04,65.8805,25.9903,35.2755,52.4827,66.9178
2003-07-07,67.1882,27.1037,35.1482,52.2584,66.9253
2003-07-08,67.4885,27.4352,35.0518,52.1466,66.9249
2003-07-09,67.1081,27.3672,34.7434,52.0351,66.9246
2003-07-10,66.2541,26.8573,34.6671,51.9238,66.9283
2003-07-11,66.8813,27.0612,34.6969,51.8127,66.928
2003-07-14,67.2082,27.3842,35.0799,51.7019,66.9317
2003-07-15,67.0614,27.4182,35.1551,51.5913,66.9355
2003-07-16,66.6678,27.3332,34.6448,51.4809,66.9351
2003-07-17,65.7203,26.5003,34.5736,51.3708,66.9389
2003-07-18,66.3942,26.5853,34.7598,51.2609,66.9386
2003-07-21,65.5736,26.2453,35.3296,51.1513,66.9423
2003-07-22,66.1674,26.6363,35.531,51.0418,66.942
2003-07-23,66.2141,26.8573,35.808,50.9327,66.9416
2003-07-24,65.7137,26.5003,36.0649,50.8237,66.9454
2003-07-25,66.8746,27.0272,36.6397,50.715,66.945
2003-07-28,66.6278,27.1037,36.9015,50.6065,66.9488
2003-07-29,66.3208,26.8998,36.689,50.4983,66.9484
2003-07-30,66.1607,26.7043,36.1081,50.3902,66.9522
2003-07-31,66.3142,27.0272,35.8047,50.2825,66.9518
2003-08-01,65.727,26.7383,35.562,50.1749,66.9556
2003-08-04,65.727,26.7298,35.0719,50.2203,66.9593
2003-08-05,64.3325,25.6759,35.1622,50.2658,66.959
2003-08-06,64.7062,25.6589,35.525,50.3113,66.9627
2003-08-07,65.3867,25.7609,35.4841,50.3568,66.9664
2003-08-08,65.5736,25.5569,35.7207,50.4024,66.9661
2003-08-11,65.8204,25.8374,36.245,50.4481,66.9698
2003-08-12,66.4209,26.2283,36.3403,50.4937,66.9736
2003-08-13,66.0806,26.2368,36.1934,50.5395,66.9732
2003-08-14,66.2608,26.2623,36.6924,50.5852,66.9729
2003-08-15,66.4676,26.4918,36.7826,50.631,66.9766
2003-08-18,67.0414,27.1717,36.3532,50.6768,66.9804
2003-08-19,67.295,27.5117,36.3678,50.7227,66.98
2003-08-20,67.0214,27.4437,36.7002,50.7686,66.9838
2003-08-21,67.2349,27.7412,36.6593,50.8146,66.9834
2003-08-22,66.5677,27.5712,36.1996,50.8606,66.9872
2003-08-25,66.6745,27.6307,36.1991,50.9067,66.9909
2003-08-26,66.7946,27.6562,36.3751,50.9527,66.9906
2003-08-27,66.8146,27.8772,37.4592,50.9989,66.9902
2003-08-28,67.2282,28.1236,37.3123,51.045,66.994
2003-08-29,67.682,28.3786,37.897,51.0913,66.9977
2003-09-01,67.682,28.3786,37.897,51.0913,66.9977
2003-09-02,68.5894,28.7866,37.7041,51.214,67.0011
2003-09-03,68.963,28.7696,37.3302,51.2906,67.0049
2003-09-04,68.9964,29.033,37.4053,51.3673,67.0045
2003-09-05,68.6094,28.8461,37.9143,51.4441,67.0083
2003-09-08,69.1765,29.322,37.7977,51.521,67.012
2003-09-09,68.7228,28.9735,38.5638,51.5981,67.0158
2003-09-10,68.0289,28.2766,38.3363,51.6752,67.0154
2003-09-11,68.2291,28.5911,37.9624,51.7525,67.0192
2003-09-12,68.3558,28.7441,38.1585,51.8299,67.0188
2003-09-15,68.1156,28.4636,37.6788,51.9074,67.0226
2003-09-16,69.1098,29.237,37.7892,51.985,67.0263
2003-09-17,68.9763,29.118,37.7533,52.0628,67.026
2003-09-18,69.7903,29.56,38.1613,52.1406,67.0297
2003-09-19,69.4368,29.39,38.3069,52.2186,67.0294
2003-09-22,68.6866,28.8291,38.8864,52.2967,67.0372
2003-09-23,68.9478,29.339,38.795,52.3749,67.0369
2003-09-24,67.7221,28.2341,38.8348,52.4532,67.0406
2003-09-25,67.1662,27.8687,39.4091,52.5317,67.0403
2003-09-26,66.9451,27.6902,38.6016,52.6102,67.044
2003-09-29,67.6015,28.1661,38.5253,52.6889,67.0478
2003-09-30,66.9451,27.5542,39.135,52.7677,67.0474
2003-10-01,68.3718,28.1746,38.6805,52.8466,67.0512
2003-10-02,68.6196,28.2681,38.5488,52.8579,67.0508
2003-10-03,69.2492,29.0585,38.755,52.8691,67.0546
2003-10-06,69.564,29.271,37.4483,52.8804,67.0583
2003-10-07,69.8319,29.4495,37.9318,52.8916,67.0579
2003-10-08,69.6578,29.2625,37.8455,52.9029,67.0617
2003-10-09,69.8453,29.4835,37.3759,52.9142,67.0613
2003-10-10,70.0396,29.7555,37.5468,52.9254,67.0651
2003-10-13,70.2606,29.9509,37.3395,52.9367,67.0647
2003-10-14,70.5084,30.0274,37.7121,52.948,67.0685
2003-10-15,70.3209,29.8999,37.6661,52.9592,67.0681
2003-10-16,70.6022,30.1379,37.6555,52.9705,67.0719
2003-10-17,69.8319,29.4155,37.3624,52.9818,67.0715
2003-10-20,70.3544,29.781,37.6947,52.9931,67.0753
2003-10-21,70.2338,29.9594,38.1378,53.0044,67.0749
2003-10-22,69.3497,29.3815,38.7977,53.0156,67.0787
2003-10-23,69.2224,29.0415,38.7719,53.0269,67.0783
2003-10-24,69.3765,29.067,39.1494,53.0382,67.078
2003-10-27,69.41,29.0755,38.922,53.0495,67.0817
2003-10-28,70.3544,30.0529,38.76,53.0608,67.0855
2003-10-29,70.4481,30.0189,38.8603,53.0721,67.0851
2003-10-30,70.5955,30.0784,38.9706,53.0834,67.0889
2003-10-31,70.5285,29.8999,38.9448,53.0947,67.0885
2003-11-03,70.9907,30.3929,38.6417,53.106,67.0923
2003-11-04,70.8366,30.1889,38.1017,53.1067,67.096
2003-11-05,70.8902,30.4609,38.1868,53.1075,67.0957
2003-11-06,71.2653,30.5459,38.3375,53.1082,67.0994
2003-11-07,70.7361,30.2824,38.2058,53.1089,67.0991
2003-11-10,70.4481,29.9084,38.664,53.1097,67.1028
2003-11-11,70.428,29.798,39.0969,53.1104,67.1025
2003-11-12,71.2184,30.4354,39.2879,53.1111,67.1062
2003-11-13,71.2385,30.4014,39.8619,53.1119,67.11
2003-11-14,70.6357,29.781,39.9924,53.1126,67.1096
2003-11-17,70.2807,29.475,39.6893,53.1133,67.1134
2003-11-18,69.5506,28.7951,39.7089,53.114,67.1171
2003-11-19,70.14,29.0755,39.8343,53.1148,67.1167
2003-11-20,69.5104,28.7951,39.748,53.1155,67.1205
2003-11-21,69.7984,29.0925,39.8683,53.1162,67.1201
2003-11-24,70.7227,29.8999,39.5048,53.117,67.1239
2003-11-25,70.9907,29.8999,39.4891,53.1177,67.1276
2003-11-26,71.2452,30.0359,39.9169,53.1184,67.1273
2003-11-27,71.2452,30.0359,39.9169,53.1184,67.1273
2003-11-28,71.2988,30.0699,40.1526,53.1199,67.1348
2003-12-01,72.069,30.5119,40.3435,54.4745,67.1344
2003-12-02,71.8882,30.3419,40.4537,53.1206,67.1382
2003-12-03,71.7743,29.9594,40.4985,53.1202,67.1378
2003-12-04,72.069,30.2824,40.5432,53.1199,67.1416
2003-12-05,71.5667,29.781,40.5577,53.1195,67.1412
2003-12-08,72.0489,29.9509,40.9351,53.0725,67.145
2003-12-09,71.493,29.2625,41.0957,52.9369,67.1487
2003-12-10,71.4863,29.373,41.3218,53.0777,67.1484
2003-12-11,72.29,30.0019,40.7266,53.2864,67.1521
2003-12-12,72.4307,29.9509,41.0283,53.2446,67.1518
2003-12-15,72.069,29.56,41.068,53.1299,67.1555
2003-12-16,72.4441,29.6195,41.1177,53.0725,67.1592
2003-12-17,72.6718,29.6705,41.1423,53.0569,67.1589
2003-12-18,73.489,30.2229,41.0661,53.2864,67.1626
2003-12-19,73.2851,30.1379,41.2922,53.2603,67.1623
2003-12-22,73.7965,30.2314,41.3621,53.2029,67.166
2003-12-23,73.8436,30.4609,41.2406,52.9369,67.1698
2003-12-24,73.7696,30.5234,41.2399,53.2342,67.1694
2003-12-25,73.7696,30.5234,41.2399,53.2342,67.1694
2003-12-26,73.8234,30.4809,41.2387,53.3281,67.1769
2003-12-29,74.806,30.9826,41.5152,53.1716,67.1807
2003-12-30,74.8194,31.0846,41.9428,53.0308,67.1803
2003-12-31,74.8867,30.9996,41.9421,53.1075,67.1595
2004-01-01,74.8867,30.9996,41.9421,53.1075,67.1595
2004-01-02,74.8531,30.9145,41.8401,52.9927,67.1629
2004-01-05,75.6673,31.5352,42.3785,52.9196,67.1666
2004-01-06,75.7414,31.7478,42.7608,53.2589,67.1663
2004-01-07,75.9971,32.0368,42.4931,53.3007,67.17
2004-01-08,76.2999,32.2919,42.4169,53.0971,67.1738
2004-01-09,75.6337,32.0794,42.653,53.4991,67.1734
2004-01-12,76.1923,32.5895,42.8438,53.4574,67.1772
2004-01-13,75.7481,32.2664,42.8683,53.7184,67.1809
2004-01-14,76.3807,32.3769,42.2632,53.7289,67.1806
2004-01-15,76.5691,32.462,41.5573,53.7968,67.1843
2004-01-16,76.8719,32.7936,41.1436,53.8229,67.184
2004-01-19,76.8719,32.7936,41.1436,53.8229,67.184
2004-01-20,76.8517,32.768,41.228,53.7759,67.1915
2004-01-21,77.4574,32.632,41.0611,53.9952,67.1911
2004-01-22,77.2555,32.4365,41.2267,54.0839,67.1949
2004-01-23,77.0065,32.3174,41.2009,53.7028,67.1945
2004-01-26,77.9756,32.8106,41.1197,53.5044,67.1982
2004-01-27,77.1748,32.0879,40.8672,53.7184,67.1979
2004-01-28,76.2932,31.5437,41.4005,53.4991,67.1976
2004-01-29,76.3672,31.6627,40.866,53.473,67.2013
2004-01-30,76.3672,31.5182,40.266,53.755,67.2009
2004-02-02,76.697,31.4332,40.1244,53.849,67.2047
2004-02-03,76.5691,31.3992,40.436,53.9482,67.2084
2004-02-04,75.9433,30.889,40.2138,53.9482,67.2081
2004-02-05,76.1653,31.0081,40.2434,53.7863,67.2118
2004-02-06,77.02,31.5692,40.7162,54.0056,67.2115
2004-02-09,77.0402,31.5607,40.8868,54.1153,67.2152
2004-02-10,77.2892,31.6117,41.148,53.9691,67.219
2004-02-11,78.1102,31.9518,40.8654,54.1884,67.2186
2004-02-12,77.8275,31.6712,41.454,54.0369,67.2224
2004-02-13,77.4776,31.4077,41.8965,54.4547,67.222
2004-02-16,77.4776,31.4077,41.8965,54.4547,67.222
2004-02-17,78.1775,31.8328,41.7441,54.1884,67.2254
2004-02-18,77.8343,31.9263,41.7435,54.1988,67.2291
2004-02-19,77.5449,31.4417,41.2695,54.2197,67.2288
2004-02-20,77.3094,31.3397,40.8107,54.0683,67.2284
2004-02-23,77.1142,30.9911,40.231,54.2406,67.2322
2004-02-24,76.9796,30.9145,40.5073,54.3555,67.2318
2004-02-25,77.3026,31.1016,40.3053,54.4964,67.2356
2004-02-26,77.3497,31.1781,39.5998,54.5956,67.2352
2004-02-27,77.4036,31.0931,39.861,54.9089,67.2431
2004-03-01,78.1707,31.5012,40.2783,55.2274,67.2427
2004-03-02,77.7131,31.1356,39.8497,55.0499,67.2424
2004-03-03,77.8545,30.9655,39.3205,55.0081,67.242
2004-03-04,78.0563,31.2546,39.4709,55.0238,67.2458
2004-03-05,78.3188,31.1441,40.2003,55.5459,67.2495
2004-03-08,77.3632,30.4129,40.2601,55.7339,67.2533
2004-03-09,77.0536,30.3194,40.4256,55.9115,67.2529
2004-03-10,75.7616,29.9198,40.2991,55.7339,67.2566
2004-03-11,74.779,29.6477,40.1173,55.5929,67.2563
2004-03-12,75.7616,30.1918,40.0714,55.5042,67.2559
2004-03-15,74.8329,29.6647,40.0808,55.6347,67.2638
2004-03-16,75.2299,29.7157,40.5232,55.948,67.2634
2004-03-17,76.0711,30.1833,40.5478,56.1777,67.2672
2004-03-18,76.0913,30.0473,41.3526,56.0838,67.2668
2004-03-19,75.0043,29.5457,41.4778,55.7861,67.2706
2004-03-22,74.0521,29.1716,42.046,55.9219,67.2743
2004-03-23,73.9238,28.9335,41.9044,56.0054,67.274
2004-03-24,73.9845,29.2651,41.8031,56.1516,67.2777
2004-03-25,74.9638,30.0473,41.888,56.0733,67.2774
2004-03-26,74.9841,29.9453,42.431,55.8331,67.2811
2004-03-29,76.0376,30.4299,42.4051,55.6504,67.2848
2004-03-30,76.2942,30.5319,42.2787,55.6765,67.2845
2004-03-31,76.382,30.4724,42.6505,55.8227,67.2882
2004-04-01,76.8413,30.7445,43.0072,55.8016,67.2879
2004-04-02,77.4221,31.5437,42.1761,54.9884,67.2875
2004-04-05,77.8475,31.8413,42.0446,54.684,67.2954
2004-04-06,77.5977,31.4417,42.1245,54.768,67.295
2004-04-07,77.4153,31.4077,42.1741,54.4427,67.2988
2004-04-08,77.2397,31.4077,42.2238,54.4847,67.2984
2004-04-09,77.2397,31.4077,42.2238,54.4847,67.2984
2004-04-12,77.5436,31.6032,42.2225,54.4847,67.3059
2004-04-13,76.4563,31.1441,41.0544,54.2013,67.3055
2004-04-14,76.5779,31.2971,40.0321,54.0596,67.3093
2004-04-15,76.2875,30.736,40.0819,53.939,67.3089
2004-04-16,76.875,30.685,40.3429,54.2695,67.3127
2004-04-19,76.875,31.0591,40.5688,54.2695,67.3164
2004-04-20,75.5851,30.3364,39.9391,53.8498,67.3161
2004-04-21,76.0916,30.5999,39.5259,53.8498,67.3157
2004-04-22,77.1587,31.3907,39.48,53.7816,67.3195
2004-04-23,77.233,31.6372,39.7008,53.2359,67.3232
2004-04-26,77.1249,31.4077,39.9518,53.493,67.3269
2004-04-27,77.1925,31.3482,39.8757,53.6819,67.3266
2004-04-28,76.1929,30.7785,39.4726,53.2254,67.3303
2004-04-29,75.5243,30.3024,38.843,52.942,67.3341
2004-04-30,74.9368,29.5627,39.094,53.1309,67.3337
2004-05-03,75.7405,29.8432,39.0934,53.217,67.3375
2004-05-04,75.6797,29.9708,39.3695,53.1748,67.3371
2004-05-05,76.1659,30.2088,39.4997,53.1537,67.3409
2004-05-06,75.5108,29.9793,38.991,52.9638,67.3446
2004-05-07,74.2614,29.7327,38.3162,52.6737,67.3402
2004-05-10,73.4983,29.4776,37.732,52.6368,67.348
2004-05-11,74.1196,29.9198,37.7566,52.8689,67.3517
2004-05-12,74.5924,29.9793,38.4553,52.9427,67.3555
2004-05-13,74.2817,29.7667,37.7454,53.0588,67.3551
2004-05-14,74.3155,29.5457,37.8807,53.1907,67.3589
2004-05-17,73.6806,29.2651,38.529,53.5916,67.3626
2004-05-18,74.0521,29.5287,38.0002,53.6813,67.3623
2004-05-19,73.7954,29.4946,38.3065,53.7815,67.3619
2004-05-20,74.0318,29.6307,38.1802,54.04,67.3657
2004-05-21,74.1601,29.7752,38.7631,53.7446,67.3653
2004-05-24,74.4708,29.9793,38.6317,53.9397,67.369
2004-05-25,75.5378,30.5744,39.1241,53.8817,67.3687
2004-05-26,75.8012,30.77,39.1989,54.0875,67.3724
2004-05-27,76.2267,30.9655,39.5957,54.2563,67.3721
2004-05-28,76.2199,31.0761,39.5599,54.2035,67.3799
2004-05-31,76.2199,31.0761,39.5599,54.2035,67.3799
2004-06-01,76.1186,31.0336,39.956,54.2597,67.3751
2004-06-02,76.4023,30.9655,39.719,53.9835,67.3789
2004-06-03,75.6999,30.5914,39.2658,53.8455,67.3785
2004-06-04,76.301,30.77,39.059,53.718,67.3741
2004-06-07,77.4626,31.5012,39.5915,53.7658,67.3819
2004-06-08,77.5706,31.5437,39.4651,53.5268,67.3775
2004-06-09,76.848,31.1016,38.9113,53.3728,67.3812
2004-06-10,77.2262,31.3226,38.7196,53.4312,67.3809
2004-06-11,77.2262,31.3226,38.709,53.4312,67.3805
2004-06-14,76.4631,30.8805,38.7335,53.1975,67.3843
2004-06-15,77.0034,31.2801,38.8737,53.6543,67.3921
2004-06-16,76.9898,31.2291,38.7474,53.6171,67.3958
2004-06-17,76.875,30.94,38.8323,53.718,67.3996
2004-06-18,77.0194,30.9826,39.7369,53.7977,67.3992
2004-06-21,76.7279,30.736,39.7514,53.872,67.403
2004-06-22,77.1143,31.1866,39.8011,53.7764,67.4026
2004-06-23,77.7785,31.5607,39.6144,53.7977,67.4023
2004-06-24,77.5345,31.5012,40.2273,53.8508,67.406
2004-06-25,77.1617,31.7393,40.3775,53.8189,67.4056
2004-06-28,76.8974,31.4757,40.6535,53.4472,67.4094
2004-06-29,77.216,31.7733,39.6623,53.649,67.4131
2004-06-30,77.6294,32.0879,39.8024,54.1269,67.4169
2004-07-01,76.5517,31.4927,39.7013,54.3879,67.4247
2004-07-02,76.511,31.3056,39.9973,54.8785,67.4203
2004-07-05,76.511,31.3056,39.9973,54.8785,67.4203
2004-07-06,75.84,30.634,39.6693,54.7345,67.4277
2004-07-07,76.0637,30.6935,40.1866,54.6279,67.4356
2004-07-08,75.535,30.3534,40.7591,54.6546,67.4393
2004-07-09,75.7316,30.3959,40.8741,54.6066,67.439
2004-07-12,75.7655,30.2684,40.8584,54.5426,67.4427
2004-07-13,75.8197,30.2258,40.3098,54.4626,67.4464
2004-07-14,75.5892,29.9198,40.6008,54.4626,67.4461
2004-07-15,75.1012,29.8177,40.5348,54.5746,67.4498
2004-07-16,75.0402,29.4776,40.8509,54.8412,67.4495
2004-07-19,74.7216,29.4181,40.8553,54.8145,67.4573
2004-07-20,75.6706,30.1238,40.2162,54.4199,67.457
2004-07-21,74.2743,29.2481,40.0648,54.4839,67.4607
2004-07-22,74.4776,29.6477,39.9888,54.5213,67.4603
2004-07-23,73.854,29.0865,39.3598,54.6439,67.4641
2004-07-26,73.7117,28.959,39.2838,54.4626,67.4678
2004-07-27,74.4031,29.3586,39.1927,53.9507,67.4634
2004-07-28,74.6267,29.2311,38.9358,54.116,67.4671
2004-07-29,74.9453,29.5712,38.9352,54.2653,67.4709
2004-07-30,75.1283,29.6647,39.3468,54.5639,67.4746
2004-08-02,75.2842,29.7242,39.3562,54.6225,67.4783
2004-08-03,74.7013,29.1035,39.3003,54.735,67.478
2004-08-04,74.6945,29.112,39.355,54.7029,67.4817
2004-08-05,73.4745,28.5679,39.2891,54.869,67.4855
2004-08-06,72.4239,27.8197,40.1077,55.4533,67.4892
2004-08-09,72.5255,27.8877,40.1071,55.4212,67.493
2004-08-10,73.4609,28.2363,40.1567,55.2067,67.4926
2004-08-11,73.3118,27.9897,39.5882,55.4265,67.4963
2004-08-12,72.512,27.6071,39.6178,55.7428,67.5001
2004-08-13,72.6543,27.6496,39.8785,55.9572,67.5038
2004-08-16,73.4067,27.9642,40.3704,55.6785,67.5116
2004-08-17,73.8201,28.2788,40.3346,55.7374,67.5113
2004-08-18,74.5793,28.7804,40.4496,55.5176,67.515
2004-08-19,74.3624,28.6274,40.856,55.8553,67.5188
2004-08-20,74.8843,28.9165,41.2624,55.791,67.5184
2004-08-23,74.6945,28.9845,41.2668,55.5444,67.5263
2004-08-24,74.7962,28.976,40.824,55.4426,67.53
2004-08-25,75.3045,29.3756,40.8033,55.448,67.5296
2004-08-26,75.3045,29.2481,40.8077,55.5391,67.5334
2004-08-27,75.5418,29.3841,40.7116,55.5659,67.533
2004-08-30,74.9182,28.891,40.711,55.7053,67.5409
2004-08-31,75.3113,28.925,40.9264,56.0322,67.5405
2004-09-01,75.4537,29.1375,40.966,56.0407,67.5442
2004-09-02,76.3077,29.5712,40.8096,55.7715,67.548
2004-09-03,75.9959,29.027,40.3115,55.68,67.5435
2004-09-06,75.9959,29.027,40.3115,55.68,67.5435
2004-09-07,76.4975,29.2736,40.0038,55.5293,67.5551
2004-09-08,76.3077,29.163,39.8223,55.7985,67.5548
2004-09-09,76.2399,29.4096,40.0629,55.6908,67.5544
2004-09-10,76.633,29.8602,40.3285,55.7016,67.5541
2004-09-13,76.8838,30.2513,40.1219,55.8415,67.566
2004-09-14,77.0397,30.2939,40.7192,55.8523,67.5656
2004-09-15,76.4568,29.9708,40.6382,55.6531,67.5694
2004-09-16,76.6873,30.0303,40.5321,55.8146,67.5731
2004-09-17,77.0118,30.1238,40.7625,55.6962,67.5727
2004-09-20,76.549,30.1238,40.6213,55.8953,67.5806
2004-09-21,76.8825,30.2428,41.0426,55.8577,67.5843
2004-09-22,75.9228,29.7157,40.7255,56.1752,67.588
2004-09-23,75.5144,29.6902,41.3428,55.9761,67.5918
2004-09-24,75.8616,29.5882,40.9754,55.9169,67.5955
2004-09-27,75.3783,29.3331,41.1104,56.1914,67.6034
2004-09-28,75.739,29.3926,41.361,56.3205,67.6071
2004-09-29,76.1202,29.8262,41.4859,56.0837,67.6108
2004-09-30,76.0657,29.8772,41.7565,56.0783,67.6146
2004-10-01,77.3521,30.6935,42.002,55.8146,67.6183
2004-10-04,77.4814,30.872,41.4438,55.68,67.6261
2004-10-05,77.5223,30.9145,41.7295,55.8254,67.6299
2004-10-06,78.0531,31.1611,42.0353,55.4647,67.6336
2004-10-07,77.216,30.8125,41.9995,55.5455,67.6373
2004-10-08,76.5762,30.2513,42.3655,56.003,67.637
2004-10-11,76.8893,30.3959,42.3598,56.1483,67.6366
2004-10-12,76.5898,30.3449,41.656,56.1375,67.6486
2004-10-13,75.916,30.2769,41.3088,56.2559,67.6523
2004-10-14,75.3034,30.1408,41.72,56.3636,67.6519
2004-10-15,75.7254,30.2939,42.2266,56.3636,67.6557
2004-10-18,76.0113,30.7275,42.0954,56.3528,67.6635
2004-10-19,75.3715,30.5064,42.1199,56.3636,67.6632
2004-10-20,75.2218,30.651,42.5461,56.6112,67.6669
2004-10-21,75.7118,31.1186,42.435,56.778,67.6665
2004-10-22,74.861,30.4384,42.4645,56.7834,67.6703
2004-10-25,74.7726,30.2939,43.1016,56.7727,67.674
2004-10-26,75.916,30.4554,42.9352,56.7404,67.6737
2004-10-27,76.828,31.2291,43.0099,56.299,67.6774
2004-10-28,77.0594,31.4247,42.6025,56.5574,67.6811
2004-10-29,77.0458,31.3737,42.7374,56.6919,67.689
2004-11-01,77.2568,31.4927,43.0682,56.4915,67.6886
2004-11-02,77.284,31.5947,42.6005,56.8042,67.6923
2004-11-03,78.2573,31.8073,42.5296,56.8473,67.7002
2004-11-04,79.3259,31.9858,43.2319,56.7126,67.6998
2004-11-05,79.8227,32.2749,43.2815,56.4484,67.6995
2004-11-08,79.707,32.3089,43.3712,56.3783,67.7032
2004-11-09,79.5505,32.2409,43.5462,56.3028,67.7069
2004-11-10,79.6118,32.1304,43.5205,56.2112,67.7107
2004-11-11,80.2175,32.5555,43.56,56.3514,67.7103
2004-11-12,80.8505,32.8701,43.7852,56.4592,67.7182
2004-11-15,81.0485,33.0146,43.9402,56.6694,67.726
2004-11-16,80.4683,32.8106,44.1203,56.6425,67.7297
2004-11-17,80.9462,33.2527,44.5263,56.8419,67.7375
2004-11-18,81.0554,33.4057,44.38,56.9228,67.7413
2004-11-19,80.1543,32.8871,44.78,56.7665,67.7409
2004-11-22,80.5366,33.2017,44.95,57.0198,67.7528
2004-11-23,80.6595,33.1507,44.75,56.912,67.7566
2004-11-24,80.8506,33.4397,45.05,57.063,67.7603
2004-11-25,80.8506,33.4397,45.05,57.063,67.7603
2004-11-26,80.7891,33.3377,45.29,56.8366,67.7637
2004-11-29,80.4205,33.3292,45.4,56.5778,67.7756
2004-11-30,80.4751,33.2612,45.12,56.5077,67.7753
2004-12-01,81.3899,33.9414,45.38,56.4121,67.779
2004-12-02,81.4581,34.0689,44.95,56.277,67.7827
2004-12-03,81.4035,34.1199,45.6,56.7526,67.7865
2004-12-06,81.3762,34.239,45.17,56.8878,67.7984
2004-12-07,80.6185,33.6523,45.11,56.9094,67.798
2004-12-08,81.0895,33.8478,44.01,57.2985,67.8018
2004-12-09,81.3762,34.0519,43.78,57.1634,67.8055
2004-12-10,81.4581,33.9499,43.44,57.0769,67.8092
2004-12-13,82.1681,34.2475,43.91,57.1796,67.8211
2004-12-14,82.4548,34.4149,43.55,57.2931,67.829
2004-12-15,82.5162,34.29,43.99,57.6823,67.8327
2004-12-16,82.4684,33.9669,43.68,57.3202,67.8405
2004-12-17,81.9209,33.8849,44.19,57.3742,67.8443
2004-12-20,81.9414,33.6488,44.34,57.5039,67.8562
2004-12-21,82.5725,34.0609,44.22,57.839,67.8599
2004-12-22,82.7714,34.1038,44.02,57.5904,67.8636
2004-12-23,82.8331,34.1278,44.27,57.6823,67.8715
2004-12-24,82.8331,34.1278,44.27,57.6823,67.8715
2004-12-27,82.6616,33.9836,44.48,57.4985,67.883
2004-12-28,83.1143,34.3098,44.37,57.3958,67.8867
2004-12-29,83.2378,34.3527,43.66,57.2553,67.8946
2004-12-30,83.08,34.327,43.83,57.4066,67.8983
2004-12-31,82.9017,34.2626,43.8,57.5015,67.898
2005-01-03,82.5107,33.9055,43.02,57.4851,67.9058
2005-01-04,81.5025,33.2883,42.74,57.0884,67.9054
2005-01-05,80.9401,33.0823,42.67,57.0232,67.9092
2005-01-06,81.3516,32.9166,42.15,57.1156,67.9129
2005-01-07,81.235,33.0909,41.84,56.9689,67.9166
2005-01-10,81.6191,33.0737,41.95,57.0069,67.9285
2005-01-11,81.0567,32.8411,42.21,57.0613,67.9323
2005-01-12,81.3242,33.1166,42.6,57.2623,67.936
2005-01-13,80.6726,32.6789,42.6,57.4091,67.9397
2005-01-14,81.0978,32.9879,42.32,57.4145,67.9394
2005-01-17,81.0978,32.9879,42.32,57.4145,67.9394
2005-01-18,81.9414,33.2368,42.32,57.4145,67.9591
2005-01-19,81.0841,32.6874,42.26,57.3602,67.9629
2005-01-20,80.5903,32.0608,42.25,57.3873,67.9707
2005-01-21,80.0964,31.8033,42.74,57.4688,67.9744
2005-01-24,79.9387,31.3569,42.77,57.5667,67.9822
2005-01-25,80.165,31.5115,42.24,57.1971,67.986
2005-01-26,80.4051,31.8891,42.69,57.2678,67.9856
2005-01-27,80.5423,31.8462,42.62,57.2515,67.9893
2005-01-28,80.5423,31.6917,42.69,57.4743,67.989
2005-01-31,81.043,32.1037,42.22,57.5069,68.005
2005-02-01,81.5574,32.2067,42.1,57.4103,68.0087
2005-02-02,81.8043,32.2582,42.16,57.3123,68.0125
2005-02-03,81.5917,31.8926,41.68,57.2144,68.0203
2005-02-04,82.4627,32.4042,41.47,57.5845,68.024
2005-02-07,82.353,32.3389,41.27,57.775,68.0318
2005-02-08,82.449,32.3956,41.26,58.058,68.0356
2005-02-09,81.8317,31.8548,41.31,58.3737,68.0393
2005-02-10,82.1266,31.8891,41.75,58.0362,68.043
2005-02-11,82.8331,32.3613,42.08,58.0613,68.0468
2005-02-14,82.7714,32.5063,42.55,58.2812,68.0587
2005-02-15,83.08,32.7218,42.58,57.9764,68.0624
2005-02-16,83.1349,32.6016,42.52,57.824,68.0661
2005-02-17,82.4627,32.1638,42.73,57.7532,68.0699
2005-02-18,82.5725,32.0608,42.75,57.6933,68.0736
2005-02-21,82.5725,32.0608,42.75,57.6933,68.0736
2005-02-22,81.3447,31.666,43.57,57.5301,68.0852
2005-02-23,81.9277,31.7089,43.42,57.6552,68.0889
2005-02-24,82.4696,32.1123,43.33,57.5301,68.0926
2005-02-25,83.2858,32.2926,43.5,57.5028,68.0964
2005-02-28,82.7371,31.9492,43.52,57.2035,68.1083
2005-03-01,83.1486,32.3012,43.22,57.2307,68.112
2005-03-02,83.1074,32.284,43.25,57.296,68.1198
2005-03-03,83.1417,32.0179,42.97,57.3777,68.1235
2005-03-04,84.1774,32.2067,43.38,57.6117,68.1273
2005-03-07,84.2186,32.6703,43.47,57.775,68.1433
2005-03-08,83.9031,32.3441,44.03,57.6226,68.147
2005-03-09,82.9703,32.2497,44.02,57.2361,68.1507
2005-03-10,83.1554,32.2067,44.2,57.1218,68.1545
2005-03-11,82.5725,31.9063,44.43,56.8769,68.1623
2005-03-14,83.0869,32.0522,44.03,56.9858,68.1742
2005-03-15,82.401,31.7947,44.06,56.9096,68.1779
2005-03-16,81.7014,31.4299,44.31,57.1218,68.1817
2005-03-17,81.866,31.5115,43.82,57.3232,68.1854
2005-03-18,81.624,31.3398,43.892,57.2361,68.1891
2005-03-21,81.321,31.3999,43.09,57.1327,68.2051
2005-03-22,80.4947,31.0136,42.65,56.7517,68.2088
2005-03-23,80.5635,31.1252,42.42,56.5776,68.2126
2005-03-24,80.6599,31.1338,42.39,56.7681,68.2204
2005-03-25,80.6599,31.1338,42.39,56.7681,68.2204
2005-03-28,80.777,31.1938,42.54,56.5286,68.2401
2005-03-29,80.2399,30.9449,42.56,56.681,68.2438
2005-03-30,81.3761,31.5286,42.61,56.9096,68.2476
2005-03-31,81.2246,31.3913,42.82,57.3287,68.2554
2005-04-01,80.8596,31.0737,42.62,57.4031,68.2591
2005-04-04,80.9973,31.2969,42.4,57.4631,68.2751
2005-04-05,81.3829,31.3827,42.45,57.3103,68.2829
2005-04-06,81.6653,31.3312,42.63,57.343,68.2867
2005-04-07,82.106,31.7089,42.57,57.1193,68.2945
2005-04-08,81.2521,31.4514,42.69,57.1738,68.2982
2005-04-11,81.3141,31.314,42.78,57.3267,68.3142
2005-04-12,81.7341,31.4685,42.84,57.6378,68.3179
2005-04-13,80.7701,30.9535,42.9,57.5832,68.3217
2005-04-14,79.7166,30.5157,42.31,57.6924,68.3254
2005-04-15,78.6011,29.8204,42.4,58.0198,68.3291
2005-04-18,78.8421,29.829,42.69,58.0198,68.341
2005-04-19,79.4687,30.035,43.28,58.3473,68.3448
2005-04-20,78.3601,29.7895,43.4,58.4456,68.3526
2005-04-21,79.8819,30.6153,43.23,58.1126,68.3604
2005-04-22,79.5789,30.1209,43.39,58.3801,68.36
2005-04-25,80.1022,30.3655,43.44,58.2928,68.376
2005-04-26,79.3241,30.0865,43.64,58.1017,68.3757
2005-04-27,79.634,30.1294,43.2,58.1017,68.3835
2005-04-28,78.6355,29.829,43,58.5493,68.3913
2005-04-29,79.7028,30.0264,43.35,58.3473,68.3991
2005-05-02,80.1504,30.1466,42.88,58.3798,68.411
2005-05-03,80.2881,30.3011,42.76,58.3578,68.4188
2005-05-04,80.9078,30.6685,42.9,58.2208,68.4266
2005-05-05,80.8803,30.696,42.91,58.2811,68.4345
2005-05-06,80.6255,30.7792,42.52,58.0784,68.4382
2005-05-09,81.1282,30.9277,42.55,58.1058,68.4542
2005-05-10,80.2881,30.7011,42.64,58.303,68.4579
2005-05-11,80.7288,30.8591,42.69,58.3633,68.4657
2005-05-12,79.8405,30.7732,42.16,58.3524,68.4695
2005-05-13,79.6822,31.108,41.95,58.3688,68.4773
2005-05-16,80.4258,31.3175,41.88,58.3469,68.4933
2005-05-17,80.9629,31.5029,41.86,58.4729,68.497
2005-05-18,81.7961,31.9321,42.05,58.3852,68.5007
2005-05-19,82.1404,32.1999,41.98,58.325,68.5044
2005-05-20,82.0233,32.3269,41.65,58.5387,68.5082
2005-05-23,82.4778,32.49,41.62,58.6099,68.5242
2005-05-24,82.285,32.593,41.73,58.7907,68.5238
2005-05-25,82.223,32.4557,41.87,58.577,68.5316
2005-05-26,82.6637,32.7819,41.69,58.3852,68.5353
2005-05-27,82.8014,32.799,41.88,58.5332,68.5391
2005-05-30,82.8014,32.799,41.88,58.5332,68.5391
2005-05-31,82.2712,32.6874,41.65,58.7907,68.5547
2005-06-01,82.9736,32.9535,41.53,59.3617,68.5625
2005-06-02,83.1526,33.1853,42.1,59.1854,68.5663
2005-06-03,82.7326,32.7046,42.17,58.9925,68.57
2005-06-06,82.6568,32.7132,42.48,58.9925,68.586
2005-06-07,82.7188,32.4385,42.38,59.1027,68.5897
2005-06-08,82.5673,32.3698,42.34,58.9374,68.5934
2005-06-09,82.9598,32.5759,42.27,58.8933,68.6012
2005-06-10,82.767,32.2299,42.62,58.5351,68.605
2005-06-13,83.0286,32.387,42.78,58.3587,68.6209
2005-06-14,83.2215,32.2582,42.6,58.243,68.6288
2005-06-15,83.3798,32.3613,42.74,58.2596,68.6325
2005-06-16,83.5933,32.5329,43.46,58.469,68.6403
2005-06-17,83.9015,32.537,43.63,58.502,68.644
2005-06-20,83.9292,32.537,43.66,58.5075,68.66
2005-06-21,83.9776,32.5198,43.81,58.5792,68.6637
2005-06-22,84.0467,32.4855,43.72,58.772,68.6675
2005-06-23,82.8645,32.1246,44.02,58.8547,68.6712
2005-06-24,82.2561,31.7638,43.9,58.9649,68.6749
2005-06-27,82.3736,31.6177,43.91,59.1302,68.6909
2005-06-28,83.065,31.9184,43.45,58.998,68.6946
2005-06-29,82.8437,31.848,43.63,58.8437,68.6984
2005-06-30,82.3944,31.6005,43.44,59.0917,68.7021
2005-07-01,82.6363,31.5533,42.7,58.7044,68.7058
2005-07-04,82.6363,31.5533,42.7,58.7044,68.7058
2005-07-05,83.3,31.884,42.28,58.3771,68.7255
2005-07-06,82.6018,31.7294,42.25,58.4936,68.7333
2005-07-07,82.9267,31.8411,42.36,58.5324,68.7412
2005-07-08,83.8738,32.4511,42.26,58.2607,68.749
2005-07-11,84.3025,32.7518,42.54,58.3771,68.7649
2005-07-12,84.5237,32.9065,42.64,58.2607,68.7687
2005-07-13,84.6412,32.9838,42.35,58.1164,68.7724
2005-07-14,84.9731,33.3103,41.9,57.7448,68.7761
2005-07-15,84.9247,33.4134,42.05,57.6561,68.7799
2005-07-18,84.5859,33.2785,42.01,57.4564,68.7958
2005-07-19,85.0491,33.6625,41.89,57.7005,68.7996
2005-07-20,85.3395,33.9031,42.2,57.8669,68.8074
2005-07-21,84.8417,33.9117,42.46,57.5951,68.8111
2005-07-22,85.4086,33.8687,42.45,57.8225,68.8148
2005-07-25,85.1667,33.7399,42.51,57.645,68.8308
2005-07-26,85.2704,33.8687,42.25,57.7005,68.8345
2005-07-27,85.5815,34.1265,42.44,57.6783,68.8383
2005-07-28,86.1207,34.2897,42.75,57.8058,68.8461
2005-07-29,85.5469,34.0019,42.82,57.6339,68.8621
2005-08-01,85.4847,34.0664,43.13,57.5465,68.8658
2005-08-02,85.9963,34.4358,43.14,57.4405,68.8736
2005-08-03,86.2244,34.4186,43.53,57.7029,68.8773
2005-08-04,85.5331,34.0861,43.68,57.714,68.8851
2005-08-05,84.9523,33.9203,43.6,57.3902,68.8889
2005-08-08,84.7933,33.6711,43.35,57.3791,68.9048
2005-08-09,85.3049,33.8945,43.34,57.3344,68.9126
2005-08-10,85.2635,33.6024,43.65,57.3009,68.9164
2005-08-11,85.6022,33.8791,44.45,57.5968,68.9242
2005-08-12,85.0768,33.6883,44.49,57.8313,68.932
2005-08-15,85.6022,33.8911,44.13,57.8313,68.948
2005-08-16,84.4891,33.3446,44.55,57.9932,68.9558
2005-08-17,84.4822,33.5423,43.91,57.8648,68.9636
2005-08-18,84.4753,33.373,43.83,58.0378,68.9714
2005-08-19,84.6689,33.3532,43.6,58.1439,68.9751
2005-08-22,84.6689,33.3704,43.7,58.0602,68.9952
2005-08-23,84.5099,33.2759,43.76,58.2165,68.9989
2005-08-24,83.7563,33.0783,43.59,58.3114,69.0067
2005-08-25,84.0605,33.1539,43.73,58.4007,69.0104
2005-08-26,83.4867,33.0438,43.61,58.3728,69.0183
2005-08-29,84.1296,33.3017,43.57,58.4677,69.0342
2005-08-30,83.6872,33.1814,43.01,58.7692,69.038
2005-08-31,84.7449,33.4907,43.4,59.093,69.0458
2005-09-01,84.6827,33.4392,44.22,59.2478,69.0577
2005-09-02,84.5306,33.3103,44.25,59.2702,69.0614
2005-09-05,84.5306,33.3103,44.25,59.2702,69.0614
2005-09-06,85.5192,33.8,44.27,58.9395,69.0852
2005-09-07,85.6644,33.8593,44.33,58.861,69.093
2005-09-08,85.381,33.8516,44.6,58.9563,69.1008
2005-09-09,86.1415,34.0397,44.84,59.1132,69.1086
2005-09-12,85.9686,34.1351,44.89,58.9003,69.1246
2005-09-13,85.4916,34.0492,44.56,59.102,69.1324
2005-09-14,85.1805,33.6625,44.96,59.0628,69.1402
2005-09-15,85.139,33.6454,45.42,58.9451,69.148
2005-09-16,85.7416,33.8516,45.82,58.8498,69.1517
2005-09-19,85.457,33.5852,46.25,59.046,69.1677
2005-09-20,84.735,33.4477,46.23,58.8835,69.1755
2005-09-21,83.9435,33.0783,47.06,59.2141,69.1874
2005-09-22,84.242,33.1986,46.36,59.2309,69.1952
2005-09-23,84.3115,33.2931,46.28,58.9395,69.203
2005-09-26,84.4087,33.3017,46.57,58.805,69.219
2005-09-27,84.3878,33.2244,46.25,58.9227,69.2268
2005-09-28,84.4711,33.233,46.8,59.1525,69.2346
2005-09-29,85.1585,33.6797,47.1,59.0964,69.2383
2005-09-30,85.4223,33.9031,46.7,59.0012,69.242
2005-10-03,85.1168,33.989,46.42,58.6103,69.258
2005-10-04,84.1587,33.7656,46.45,58.5653,69.2617
2005-10-05,83.0548,33.3017,46.36,58.5541,69.2695
2005-10-06,82.7563,32.8635,47.21,58.3967,69.2773
2005-10-07,83.041,32.9408,47.36,58.4922,69.2811
2005-10-10,82.3397,32.7604,47.37,58.5597,69.2807
2005-10-11,82.2217,32.5972,47.39,58.3798,69.3008
2005-10-12,81.5761,32.208,46.85,58.1887,69.3086
2005-10-13,81.5275,32.4597,47.02,58.1606,69.3082
2005-10-14,82.3883,32.7003,46.8,58.2842,69.3119
2005-10-17,82.6938,32.8034,47.26,58.3967,69.332
2005-10-18,81.7982,32.5714,47,58.436,69.3357
2005-10-19,83.159,33.2244,46.34,58.4416,69.3435
2005-10-20,81.6941,32.9116,45.98,58.4023,69.3554
2005-10-21,82.0134,33.1213,46.52,58.5878,69.3632
2005-10-24,83.2839,33.6454,46.39,58.3348,69.3792
2005-10-25,83.1173,33.5165,47.06,58.0313,69.3829
2005-10-26,82.8743,33.3446,46.93,57.857,69.3907
2005-10-27,81.9926,32.6745,47.18,58.0931,69.3985
2005-10-28,83.1729,32.9254,47.22,58.0706,69.3982
2005-10-31,83.402,33.3962,46.4,58.228,69.4182
2005-11-01,83.6519,33.3704,45.73,58.2236,69.426
2005-11-02,84.5267,33.806,46.13,58.1107,69.4297
2005-11-03,84.8877,34.3155,45.96,58.0204,69.4375
2005-11-04,84.7766,34.4358,45.51,57.9752,69.4413
2005-11-07,84.8599,34.4788,45.77,58.1615,69.4654
2005-11-08,84.8599,34.4874,45.91,58.2687,69.4691
2005-11-09,84.971,34.5037,46.56,57.9696,69.4728
2005-11-10,85.6306,34.8826,46.48,58.0994,69.4807
2005-11-11,85.9222,34.9771,46.8,58.1784,69.4803
2005-11-14,85.8736,34.9805,46.62,57.7776,69.5085
2005-11-15,85.5611,34.8138,46.66,57.9469,69.5122
2005-11-16,85.7347,35.0269,47.78,58.2857,69.52
2005-11-17,86.5331,35.49,48.48,58.3534,69.5319
2005-11-18,86.8733,35.6129,48.46,58.2462,69.5397
2005-11-21,87.3107,35.6979,48.99,58.3083,69.5598
2005-11-22,87.6856,35.8277,49.32,58.5397,69.5676
2005-11-23,88.1924,35.9136,49.15,58.3139,69.5754
2005-11-24,88.1924,35.9136,49.15,58.3139,69.5754
2005-11-25,88.2618,35.9909,49.42,58.5115,69.591
2005-11-28,87.637,35.6902,49.74,58.6357,69.611
2005-11-29,87.5398,35.5209,49.8,58.3421,69.6188
2005-11-30,87.0677,35.4324,49.1,58.3308,69.6226
2005-12-01,87.9563,36.0914,50.17,58.1954,69.6263
2005-12-02,88.0674,36.1774,50.32,58.2182,69.6341
2005-12-05,87.88,35.9136,50.78,58.1839,69.6541
2005-12-06,88.0466,36.0304,50.89,58.3553,69.6619
2005-12-07,87.5328,35.9651,51.32,58.1325,69.6657
2005-12-08,87.4773,35.7082,51.9,58.3781,69.6857
2005-12-09,87.7064,35.8406,52.4,58.1725,69.6976
2005-12-12,87.7897,35.9711,52.56,58.1954,69.7217
2005-12-13,88.3868,36.1241,51.65,58.3039,69.7254
2005-12-14,88.7339,35.9986,50.35,58.538,69.7373
2005-12-15,88.477,36.0596,50.24,58.538,69.741
2005-12-16,88.1936,35.8114,50.09,58.578,69.7488
2005-12-19,87.7399,35.243,50.22,58.6237,69.7689
2005-12-20,87.8236,35.2688,49.04,58.5951,69.7767
2005-12-21,87.9632,35.4239,49.37,58.538,69.7845
2005-12-22,88.4239,35.6538,50.14,58.6637,69.7964
2005-12-23,88.4727,35.659,50.12,58.9092,69.8042
2005-12-26,88.4727,35.659,50.12,58.9092,69.8042
2005-12-27,87.5724,35.3446,50.64,58.9778,69.832
2005-12-28,87.7678,35.3033,51.47,58.8497,69.8398
2005-12-29,87.377,35.0707,51.47,58.9529,69.8436
2005-12-30,86.9023,34.8055,51.58,58.9357,69.8391
2006-01-02,86.9023,34.8055,51.58,58.9357,69.8387
2006-01-03,88.4309,35.5789,53.12,59.0618,69.8547
2006-01-04,88.8496,35.9492,53.3,59.0675,69.8584
2006-01-05,88.9055,36.1043,52.34,58.8956,69.8662
2006-01-06,89.6453,36.7588,53.72,58.8669,69.874
2006-01-09,89.8756,36.9051,54.6,58.9357,69.8941
2006-01-10,89.9664,36.9311,54.06,58.8039,69.8978
2006-01-11,90.2525,37.2153,54.53,58.7121,69.9015
2006-01-12,89.8966,37.0344,54.43,58.9414,69.9134
2006-01-13,89.8128,37.0172,55.44,59.1019,69.9171
2006-01-16,89.8128,37.0172,55.44,59.1019,69.9171
2006-01-17,89.5685,36.776,55.26,59.2395,69.949
2006-01-18,89.2126,36.354,54.51,59.165,69.9609
2006-01-19,89.5546,36.621,55.59,59.165,69.9728
2006-01-20,87.9214,35.5272,55.2,59.2739,69.9806
2006-01-23,88.2354,35.5358,55.77,59.1822,70.0007
2006-01-24,88.3262,35.6909,55.73,59.0389,70.0044
2006-01-25,88.4029,35.5358,56.14,58.6663,70.0081
2006-01-26,88.8915,35.7856,55.88,58.609,70.02
2006-01-27,89.7151,36.2679,55.63,58.7637,70.0237
2006-01-30,89.6453,36.3368,56.68,58.7523,70.0478
2006-01-31,88.9892,36.1732,56.7,58.9529,70.0556
2006-02-01,89.6104,36.3023,56.7,58.7752,70.0634
2006-02-02,88.5705,35.6822,56.98,58.7809,70.0712
2006-02-03,88.1307,35.243,56.5,59.0675,70.079
2006-02-06,88.3611,35.1483,56.72,59.1076,70.1072
2006-02-07,87.5794,34.9932,54.6,58.8325,70.1109
2006-02-08,88.375,35.398,54.83,58.7236,70.1187
2006-02-09,88.2285,35.0621,56.18,58.8554,70.1265
2006-02-10,88.389,35.2774,54.79,58.6147,70.1302
2006-02-13,88.2285,34.8726,53.72,58.586,70.1544
2006-02-14,89.1637,35.2258,54.49,58.3224,70.1622
2006-02-15,89.4778,35.4497,53.76,58.3797,70.17
2006-02-16,90.1478,35.777,54.52,58.5574,70.1818
2006-02-17,89.9035,35.4928,54.96,58.8784,70.1896
2006-02-20,89.9035,35.4928,54.96,58.8784,70.1896
2006-02-21,89.6802,35.0966,55.12,58.7523,70.2216
2006-02-22,90.2246,35.5358,55.34,58.9185,70.2294
2006-02-23,90.092,35.4411,54.64,58.7809,70.2372
2006-02-24,90.3223,35.5358,55.64,58.8382,70.2409
2006-02-27,90.3572,35.932,55.22,58.7351,70.265
2006-02-28,89.4987,35.398,56.07,58.9529,70.2728
2006-03-01,90.2944,35.8803,56.1,58.8325,70.2847
2006-03-02,90.2874,35.9062,56.74,58.7924,70.2925
2006-03-03,89.8686,35.6995,56.28,58.7465,70.3043
2006-03-06,89.4569,35.3894,55.23,58.3396,70.3285
2006-03-07,89.3173,35.1827,54.95,58.3396,70.3363
2006-03-08,89.5057,35.1999,53.97,58.116,70.3441
2006-03-09,88.9055,34.8985,54.24,58.0186,70.3559
2006-03-10,89.75,34.9329,53.83,57.9498,70.3596
2006-03-13,89.9175,35.0363,54.31,57.9785,70.3878
2006-03-14,90.8597,35.6306,54.87,58.2593,70.3956
2006-03-15,91.2646,35.932,55.12,58.1504,70.4034
2006-03-16,91.453,35.6306,55.34,58.4657,70.4112
2006-03-17,91.5294,35.7245,55.12,58.4026,70.419
2006-03-20,91.3823,35.8107,55.17,58.3682,70.4431
2006-03-21,90.8077,35.4315,54.83,58.0811,70.4469
2006-03-22,91.3612,35.5177,54.75,58.1676,70.4547
2006-03-23,91.172,35.4143,54.7,58.1046,70.4625
2006-03-24,91.2421,35.5952,55.71,58.3849,70.4743
2006-03-27,91.109,35.6039,56.39,58.1962,70.4984
2006-03-28,90.5484,35.4573,56.06,57.9154,70.5062
2006-03-29,91.116,36.1296,57.07,57.8065,70.514
2006-03-30,90.9548,36.2416,58.6,57.6804,70.5218
2006-03-31,90.9758,36.1382,58.1,57.6919,70.5337
2006-04-03,90.9058,36.1813,58.47,57.6143,70.5578
2006-04-04,91.4874,36.3795,58.33,57.5682,70.5656
2006-04-05,91.8027,36.7243,58.66,57.7641,70.5775
2006-04-06,91.7046,36.8277,59.28,57.6028,70.5812
2006-04-07,90.7726,36.4744,58.59,57.3723,70.589
2006-04-10,90.9128,36.4226,59.6,57.4126,70.6172
2006-04-11,90.142,36.1296,59.01,57.6431,70.625
2006-04-12,90.3101,36.1382,59.43,57.4414,70.6328
2006-04-13,90.191,36.2847,59.5,57.0842,70.6447
2006-04-14,90.191,36.2847,59.5,57.0842,70.6447
2006-04-17,90.156,35.9055,61.09,57.3838,70.6806
2006-04-18,91.5855,36.595,61.85,57.5739,70.6884
2006-04-19,91.7607,36.7588,63.75,57.6316,70.6962
2006-04-20,91.8868,36.6295,60.96,57.4362,70.7081
2006-04-21,91.9008,36.1986,63.2,57.6431,70.7118
2006-04-24,91.7326,36.1641,61.65,57.5855,70.74
2006-04-25,91.3542,36.0865,62.78,57.1591,70.7478
2006-04-26,91.3752,36.0779,63.65,57.0957,70.7556
2006-04-27,91.8167,36.4226,62.96,57.3493,70.7634
2006-04-28,92.125,36.0693,65.09,57.5567,70.7916
2006-05-01,91.3752,35.7159,65.16,57.3694,70.7994
2006-05-02,92.062,35.8107,66.55,57.4968,70.8072
2006-05-03,91.7186,35.759,66.46,57.3346,70.815
2006-05-04,92.048,36.052,67.48,57.1146,70.8228
2006-05-05,92.8608,36.3365,67.99,57.4389,70.8305
2006-05-08,92.7487,36.3709,67.56,57.4389,70.8587
2006-05-09,92.9309,36.233,69.68,57.5257,70.8624
2006-05-10,92.8818,35.9141,70.38,57.6647,70.8743
2006-05-11,91.7607,35.1126,71.03,57.6936,70.8862
2006-05-12,90.5624,34.6386,71.12,57.4968,70.894
2006-05-15,90.7446,34.6127,67.41,57.4678,70.9222
2006-05-16,90.6115,34.3542,68.61,57.6878,70.93
2006-05-17,88.8877,33.8887,68.15,57.4968,70.9378
2006-05-18,88.4392,33.656,67.46,57.85,70.9496
2006-05-19,89.0628,33.9146,65.58,57.8037,70.9574
2006-05-22,88.3831,33.5871,65.3,57.8905,70.9856
2006-05-23,87.7104,33.2596,66.38,57.8383,70.9934
2006-05-24,88.4112,33.4837,64.06,57.8152,71.0012
2006-05-25,89.5043,33.9232,64.7,57.8094,71.0131
2006-05-26,89.9598,34.0353,65.1,57.96,71.0168
2006-05-29,89.9598,34.0353,65.1,57.96,71.0168
2006-05-30,88.3621,33.3027,65.11,57.8094,71.0568
2006-05-31,89.3501,33.4578,64.23,57.7284,71.0646
2006-06-01,90.205,34.2507,62.56,57.7713,71.0724
2006-06-02,90.3942,34.1663,63.5,58.2138,71.0843
2006-06-05,89.0769,33.4233,63.29,58.0683,71.1084
2006-06-06,88.8596,33.3975,62.55,57.9868,71.1162
2006-06-07,88.1939,33.1475,62.28,57.7888,71.124
2006-06-08,88.1169,33.0958,60.91,57.8296,71.1358
2006-06-09,87.8366,33.0096,59.76,58.045,71.1436
2006-06-12,86.8836,32.234,60.03,58.0508,71.1677
2006-06-13,85.8745,32.1047,55.92,58.0916,71.1796
2006-06-14,86.5402,32.4322,55.62,57.8703,71.1874
2006-06-15,88.3761,33.3113,57.32,57.748,71.2033
2006-06-16,87.7353,33.0663,57.68,57.7655,71.207
2006-06-19,87.0455,32.7989,56.36,57.6432,71.2352
2006-06-20,87.3411,32.842,57.3,57.5908,71.2471
2006-06-21,87.9887,33.3595,58.33,57.6141,71.2549
2006-06-22,87.6016,32.9369,57.73,57.4919,71.2668
2006-06-23,87.5875,32.9024,57.99,57.4162,71.2745
2006-06-26,87.9746,32.9886,58.28,57.3521,71.2986
2006-06-27,87.2144,32.3677,57.68,57.4453,71.3024
2006-06-28,87.8057,32.6092,57.54,57.3172,71.3142
2006-06-29,89.5794,33.601,59.52,57.6665,71.3261
2006-06-30,89.5864,33.4371,61.23,57.9751,71.338
2006-07-03,89.9524,33.6355,62.18,57.8565,71.3621
2006-07-04,89.9524,33.6355,62.18,57.8565,71.3621
2006-07-05,89.4386,32.9024,62.5,57.634,71.3858
2006-07-06,89.699,32.8679,63.02,57.8331,71.3977
2006-07-07,89.1148,32.5057,62.63,58.0029,71.4054
2006-07-10,89.2838,32.2211,62.02,58.0088,71.4336
2006-07-11,89.6779,32.4625,63.81,58.0498,71.4373
2006-07-12,88.7207,31.8502,64.92,58.0381,71.4451
2006-07-13,87.2778,31.3155,65.55,58.2664,71.457
2006-07-14,86.9399,30.9964,65.85,58.3074,71.4648
2006-07-17,86.8132,31.074,63.95,58.3484,71.493
2006-07-18,87.2567,31.1775,62.9,58.0556,71.5007
2006-07-19,88.4673,31.5828,64.03,58.4245,71.5085
2006-07-20,87.862,31.1171,62.54,58.606,71.5245
2006-07-21,87.2426,30.7894,61.71,58.4304,71.5323
2006-07-24,88.8333,31.4017,61.14,58.3835,71.5604
2006-07-25,89.15,31.5828,61.55,58.4948,71.5682
2006-07-26,89.2697,31.557,62,58.688,71.576
2006-07-27,89.1852,31.35,62.9,58.6997,71.5838
2006-07-28,90.0791,32.0054,63.11,58.8754,71.5957
2006-07-31,89.9876,31.9968,63.16,58.852,71.6198
2006-08-01,89.5442,31.4621,64.32,58.9525,71.6275
2006-08-02,90.1495,31.8157,64.75,59.0879,71.6394
2006-08-03,90.3888,32.0141,64.12,59.0585,71.6472
2006-08-04,90.234,31.8675,64.28,59.4589,71.6591
2006-08-07,90.0228,31.6605,64.5,59.4412,71.6832
2006-08-08,89.6779,31.4621,63.97,59.5359,71.695
2006-08-09,89.3753,31.5052,64.63,59.559,71.7069
2006-08-10,89.6498,31.7295,63.25,59.4589,71.7147
2006-08-11,89.3964,31.5052,62.71,59.3176,71.7225
2006-08-14,89.4668,31.7122,62.25,59.1762,71.7506
2006-08-15,90.5366,32.5143,62.01,59.3823,71.7625
2006-08-16,91.2897,33.2732,62.49,59.4942,71.7703
2006-08-17,91.522,33.4026,61.03,59.4236,71.7821
2006-08-18,91.9866,33.4544,61.04,59.6296,71.7899
2006-08-21,91.5924,33.1353,62.44,59.7827,71.8181
2006-08-22,91.5854,33.1439,62.05,59.8711,71.8259
2006-08-23,91.332,32.8938,61.83,59.7827,71.8377
2006-08-24,91.2545,32.9886,61.75,59.6767,71.8455
2006-08-25,91.3672,33.049,61.77,59.8122,71.8574
2006-08-28,91.8036,33.2991,61,59.6296,71.8856
2006-08-29,91.9091,33.4026,60.94,59.6473,71.8933
2006-08-30,91.9654,33.5579,61.42,59.7003,71.9052
2006-08-31,91.9514,33.5234,62.29,59.8298,71.9171
2006-09-01,92.5004,33.7045,62.14,59.8073,71.9248
2006-09-04,92.5004,33.7045,62.14,59.8073,71.9248
2006-09-05,92.6763,34.0322,63.36,59.5527,71.973
2006-09-06,91.8599,33.3509,62.86,59.5231,71.989
2006-09-07,91.4376,33.1869,61.25,59.4284,71.9968
2006-09-08,91.698,33.394,60.64,59.3928,72.0086
2006-09-11,91.7895,33.601,58.5,59.2389,72.0368
2006-09-12,92.6904,34.2219,58.31,59.3514,72.0487
2006-09-13,93.0635,34.4634,58.62,59.4817,72.0605
2006-09-14,93.0705,34.4893,57.19,59.4935,72.0642
2006-09-15,93.2882,34.613,57.4,59.304,72.0761
2006-09-18,93.4155,34.6131,58.23,59.2626,72.1083
2006-09-19,93.1822,34.3886,56.92,59.3988,72.1161
2006-09-20,93.677,34.8891,57.26,59.3159,72.128
2006-09-21,93.2246,34.6734,57.95,59.6593,72.1357
2006-09-22,92.9418,34.4059,58.5,59.8488,72.1476
2006-09-25,93.6558,35.0099,58.5,60.0146,72.1758
2006-09-26,94.4335,35.1825,58.74,59.9199,72.1836
2006-09-27,94.5466,35.1394,59.81,59.908,72.1995
2006-09-28,94.5112,35.2343,59.79,59.9199,72.2113
2006-09-29,94.4335,35.079,59.47,59.8962,72.2232
2006-10-02,94.08,34.6389,59.15,59.9587,72.2432
2006-10-03,94.2779,34.7856,57.11,59.7505,72.251
2006-10-04,95.3808,35.6399,56.37,59.9825,72.2588
2006-10-05,95.5646,35.8125,56.92,59.8873,72.2625
2006-10-06,95.4444,35.7348,56.99,59.7148,72.2743
2006-10-09,95.501,35.8556,57.2,59.5958,72.274
2006-10-10,95.6282,35.916,57,59.3579,72.3062
2006-10-11,95.5151,35.847,56.88,59.1854,72.314
2006-10-12,96.3422,36.4424,57.49,59.1914,72.3218
2006-10-13,96.5896,36.615,58.57,59.0902,72.3295
2006-10-16,96.7381,36.6323,59.17,59.1378,72.3536
2006-10-17,96.4341,36.244,58.65,59.1319,72.3614
2006-10-18,96.5614,36.0714,58.59,59.007,72.3692
2006-10-19,96.7169,36.1577,59.41,59.0248,72.3811
2006-10-20,96.7381,36.244,58.78,59.0189,72.3929
2006-10-23,97.1835,36.615,57.76,58.8464,72.417
2006-10-24,97.4733,36.3561,58.17,58.9356,72.4248
2006-10-25,97.8056,36.615,58.76,59.2097,72.4366
2006-10-26,98.1096,36.9516,59.29,59.5007,72.4444
2006-10-27,97.4945,36.4252,59.4,59.6315,72.4563
2006-10-30,97.4238,36.6582,59.9,59.5245,72.4844
2006-10-31,97.4097,36.7445,60.24,59.8516,72.4963
2006-11-01,96.7522,36.244,61.36,60.0555,72.5041
2006-11-02,96.6957,36.2785,61.92,59.9,72.5159
2006-11-03,96.526,36.1835,62.3,59.565,72.5237
2006-11-06,97.6147,36.7099,61.89,59.7385,72.5519
2006-11-07,97.9894,36.9602,62.04,59.9538,72.5596
2006-11-08,98.2015,37.1328,61.11,60.0615,72.5674
2006-11-09,97.6854,36.9343,62.95,60.1751,72.5793
2006-11-10,97.7278,37.1328,62.49,60.1512,72.5793
2006-11-13,97.9682,37.5039,62.19,60.0136,72.6193
2006-11-14,98.7034,37.9094,61.63,60.0854,72.6271
2006-11-15,98.9862,38.0648,61.84,59.906,72.6348
2006-11-16,99.2407,38.2287,61.31,59.571,72.6467
2006-11-17,99.269,38.2287,61.78,59.6906,72.6585
2006-11-20,99.3255,38.3064,61.77,59.7086,72.6867
2006-11-21,99.4245,38.3582,62.27,59.8043,72.6986
2006-11-22,99.6224,38.5998,62.5,59.882,72.7063
2006-11-23,99.6224,38.5998,62.5,59.882,72.7063
2006-11-24,99.2195,38.5308,63.5,60.0256,72.73
2006-11-27,97.8551,37.6765,63.7,60.1213,72.7582
2006-11-28,98.2792,37.7714,63.57,60.3306,72.766
2006-11-29,99.3043,38.0303,63.16,60.2529,72.7778
2006-11-30,99.3467,38.0044,64.39,60.4922,72.7897
2006-12-01,99.1276,37.6765,64.12,60.6836,72.7975
2006-12-04,99.884,38.1942,64.12,60.7015,72.8297
2006-12-05,100.3152,38.3323,63.81,60.6596,72.8415
2006-12-06,100.2304,38.1942,62.69,60.4503,72.8493
2006-12-07,99.7921,37.711,62.73,60.3665,72.8612
2006-12-08,99.9759,37.8836,62.05,60.1811,72.873
2006-12-11,100.2658,38.0216,62.57,60.3187,72.9053
2006-12-12,100.188,37.7973,62.52,60.3247,72.913
2006-12-13,100.294,37.8663,62.48,60.0854,72.9208
2006-12-14,101.1777,38.2891,62.12,60.0256,72.9327
2006-12-15,101.1866,38.3879,61,59.7265,72.9445
2006-12-18,100.9094,38.0078,61.04,59.6188,72.9727
2006-12-19,101.1013,37.8868,61.8,59.577,72.9804
2006-12-20,101.0445,37.7486,61.62,59.5411,72.9882
2006-12-21,100.6748,37.4807,61.38,59.6727,73.0001
2006-12-22,100.0564,37.0919,61.65,59.4274,73.0078
2006-12-25,100.0564,37.0919,61.65,59.4274,73.0078
2006-12-26,100.6464,37.2475,61.98,59.3915,73.0478
2006-12-27,101.3075,37.4375,62.22,59.1762,73.0597
2006-12-28,101.0942,37.2561,62.9,59.0685,73.0675
2006-12-29,100.6748,37.2907,63.21,59.0984,73.0956
2007-01-01,100.6748,37.2907,63.21,59.0984,73.0956
2007-01-02,100.6748,37.2907,63.21,59.0984,73.1112
2007-01-03,100.4971,37.3598,62.28,59.3556,73.123
2007-01-04,100.7104,38.0683,61.65,59.3975,73.1349
2007-01-05,99.9071,37.8868,60.17,59.23,73.1426
2007-01-08,100.3691,37.9127,60.48,59.2719,73.1667
2007-01-09,100.2838,38.1028,60.85,59.23,73.1745
2007-01-10,100.6179,38.5521,60.59,59.0805,73.1823
2007-01-11,101.0587,38.9496,60.63,58.8831,73.1941
2007-01-12,101.8264,39.1483,62.17,58.6438,73.2019
2007-01-15,101.8264,39.1483,62.17,58.6438,73.2019
2007-01-16,101.6274,39.1224,61.97,58.7455,73.2419
2007-01-17,101.6701,38.8027,62.64,58.7395,73.2497
2007-01-18,101.3288,38.0855,62.26,58.7814,73.2615
2007-01-19,101.5279,38.1633,63,58.8831,73.2693
2007-01-22,101.2151,37.7486,62.72,58.9788,73.2974
2007-01-23,101.5137,37.6535,64.23,58.9728,73.3093
2007-01-24,102.3312,38.2756,64.33,59.0506,73.317
2007-01-25,101.1298,37.7831,64.06,58.8711,73.3289
2007-01-26,101.0374,37.6449,64.1,58.8233,73.3407
2007-01-29,100.9805,37.6795,63.77,58.7635,73.3689
2007-01-30,101.5065,37.6967,64.22,58.9309,73.3767
2007-01-31,102.189,38.0769,64.83,59.236,73.3885
2007-02-01,102.8003,38.0337,65.22,59.0412,73.3963
2007-02-02,102.9425,38.1547,64.28,59.1463,73.4041
2007-02-05,102.971,38.1201,64.31,59.1762,73.4322
2007-02-06,102.9994,38.0596,64.79,59.1762,73.444
2007-02-07,103.2269,38.4139,64.63,59.2779,73.4518
2007-02-08,103.0918,38.4052,65.52,59.2181,73.4596
2007-02-09,102.3241,37.8782,66.12,59.0685,73.4714
2007-02-12,101.9757,37.7572,65.67,58.919,73.4996
2007-02-13,102.8359,37.8955,65.84,58.925,73.5073
2007-02-14,103.5112,38.5348,66.37,59.3138,73.5192
2007-02-15,103.6463,38.7595,66.41,59.2958,73.527
2007-02-16,103.5965,38.6299,66.36,59.4932,73.5388
2007-02-19,103.5965,38.6299,66.36,59.4932,73.5388
2007-02-20,103.8169,38.6039,65.31,59.4992,73.5788
2007-02-21,103.7743,39.0446,67.28,59.5829,73.5866
2007-02-22,103.6961,39.2433,67.15,59.5471,73.5984
2007-02-23,103.2909,39.1051,67.72,59.7205,73.6062
2007-02-26,103.1984,38.915,68.1,59.9718,73.6384
2007-02-27,99.1678,37.3166,65.41,60.5041,73.6502
2007-02-28,100.1843,37.4375,66.48,60.2409,73.658
2007-03-01,99.8857,37.2647,65.82,60.497,73.6699
2007-03-02,98.5777,36.7031,63.72,60.617,73.6817
2007-03-05,97.6394,36.418,62.93,60.575,73.7139
2007-03-06,99.3099,37.0228,64.15,60.491,73.7217
2007-03-07,99.2104,36.8759,64.3,60.581,73.7335
2007-03-08,100.0492,37.1265,64.48,60.527,73.7454
2007-03-09,100.0777,37.0919,64.25,60.2511,73.7531
2007-03-12,100.227,37.3339,64.37,60.3051,73.7854
2007-03-13,98.2792,36.6081,63.72,60.545,73.7972
2007-03-14,99.0114,37.1438,63.94,60.551,73.805
2007-03-15,99.1464,37.0574,63.98,60.533,73.8168
2007-03-16,98.8701,37.0286,64.62,60.569,73.8287
2007-03-19,100.062,37.409,64.74,60.563,73.8609
2007-03-20,100.6115,37.677,65.27,60.575,73.8686
2007-03-21,102.2673,38.4032,65.82,60.8029,73.8764
2007-03-22,102.1888,38.2649,65.76,60.623,73.8883
2007-03-23,102.3387,38.1439,65.15,60.581,73.896
2007-03-26,102.2031,38.2995,65.84,60.7969,73.9282
2007-03-27,101.9604,38.0315,65.7,60.7789,73.936
2007-03-28,101.2182,37.6251,66.05,60.695,73.9478
2007-03-29,101.3252,37.6684,65.65,60.617,73.9597
2007-03-30,101.3467,37.6338,65.74,60.605,73.9797
2007-04-02,101.4609,37.6857,65.85,60.6284,73.9997
2007-04-03,102.5528,38.1784,65.83,60.3635,74.0074
2007-04-04,102.667,38.3341,66.81,60.5562,74.0193
2007-04-05,102.9454,38.5243,66.86,60.5441,74.0311
2007-04-06,102.9454,38.5243,66.86,60.5441,74.0311
2007-04-09,103.0881,38.4292,66.53,60.2732,74.0711
2007-04-10,103.2094,38.628,67.16,60.4177,74.0829
2007-04-11,102.7883,38.2217,67.08,60.3214,74.0907
2007-04-12,103.2451,38.5243,66.99,60.3214,74.1025
2007-04-13,103.7162,38.6021,67.84,60.1709,74.1103
2007-04-16,104.7011,38.9565,68.4,60.3635,74.1425
2007-04-17,104.9794,39.043,68,60.3997,74.1544
2007-04-18,105.1079,38.9133,68.38,60.5983,74.1662
2007-04-19,105.0793,39.0344,67.53,60.5682,74.174
2007-04-20,106.0714,39.2505,68.7,60.5923,74.1858
2007-04-23,105.6717,39.311,68.26,60.7308,74.2139
2007-04-24,105.7145,39.5099,67.73,60.8331,74.2258
2007-04-25,106.6852,40.0372,67.89,60.8391,74.2335
2007-04-26,106.8065,40.2447,66.87,60.6706,74.2454
2007-04-27,106.7209,40.262,67.56,60.6826,74.2572
2007-04-30,105.8359,39.7346,67.09,61.0077,74.2894
2007-05-01,106.1071,39.6957,66.69,60.9981,74.3053
2007-05-02,106.728,40.1323,66.66,60.993,74.3172
2007-05-03,107.3061,40.2793,67.49,60.8419,74.3249
2007-05-04,107.7129,40.3139,68.19,60.8721,74.3327
2007-05-07,107.7343,40.3139,68.25,60.8298,74.3649
2007-05-08,107.5916,40.4003,67.88,60.9023,74.3727
2007-05-09,107.8842,40.4868,67.45,60.709,74.3845
2007-05-10,106.7566,39.9335,66,60.8419,74.3963
2007-05-11,107.6701,40.4436,66.45,60.7331,74.4041
2007-05-14,107.4346,40.1669,66.28,60.6364,74.4322
2007-05-15,107.4631,39.8557,66.54,60.4733,74.4441
2007-05-16,108.1983,40.2447,65.6,60.4129,74.46
2007-05-17,107.9841,40.0545,65.06,60.3887,74.4637
2007-05-18,108.9262,40.383,65.52,60.2316,74.4714
2007-05-21,108.8691,40.6424,65.67,60.3826,74.4955
2007-05-22,108.7835,40.677,65.22,60.147,74.4992
2007-05-23,108.7978,40.4868,65.54,60.1409,74.511
2007-05-24,107.8129,39.9075,64.75,60.2134,74.5188
2007-05-25,108.2625,40.1583,64.94,60.298,74.5306
2007-05-28,108.2625,40.1583,64.94,60.298,74.5306
2007-05-29,108.655,40.4695,65.07,60.1167,74.5706
2007-05-30,109.54,40.798,64.72,60.1711,74.5783
2007-05-31,109.4258,40.9882,65.54,60.2074,74.5783
2007-06-01,109.9683,41.0142,66.44,60.0059,74.5946
2007-06-04,109.9825,41.1353,66.54,60.1637,74.6109
2007-06-05,109.5472,41.1352,66.37,59.9452,74.6109
2007-06-06,108.3695,40.6943,66.41,59.9937,74.6435
2007-06-07,106.414,40.0631,65.26,59.4717,74.6272
2007-06-08,107.7986,40.556,64.22,59.581,74.6435
2007-06-11,107.9841,40.4781,64.7,59.4535,74.676
2007-06-12,106.8065,40.2361,64.1,59.0832,74.6109
2007-06-13,108.4052,40.677,64.53,59.3017,74.676
2007-06-14,109.0975,40.945,64.6,59.3381,74.7086
2007-06-15,109.7153,41.2968,64.85,59.5142,74.7737
2007-06-18,109.5863,41.3314,64.95,59.4656,74.79
2007-06-19,109.8587,41.3228,65.48,59.7813,74.79
2007-06-20,108.332,40.9334,65.04,59.5992,74.8063
2007-06-21,108.934,41.3055,64.56,59.5324,74.8063
2007-06-22,107.9091,40.9161,64.78,59.7752,74.8714
2007-06-25,107.393,40.7431,64.43,59.9148,74.8389
2007-06-26,106.2892,40.5095,63.62,59.7934,74.8552
2007-06-27,107.8015,41.1324,63.67,59.8238,74.8389
2007-06-28,107.7872,41.1151,64.26,59.7266,74.8714
2007-06-29,107.8231,41.1843,64.27,60.0848,74.904
2007-07-02,108.7979,41.5391,65.02,60.2591,74.9253
2007-07-03,109.1921,41.7986,64.74,60.0152,74.9253
2007-07-04,109.1921,41.7986,64.74,60.0152,74.9253
2007-07-05,109.0774,42.1015,64.42,59.7652,74.9253
2007-07-06,109.6508,42.2745,64.96,59.6372,74.9581
2007-07-09,109.7368,42.3005,65.38,59.8018,74.9744
2007-07-10,108.1743,41.9457,65.61,60.3018,74.9908
2007-07-11,108.9412,42.2312,65.44,60.0396,74.9908
2007-07-12,110.6614,42.8802,66.02,59.8384,75.0071
2007-07-13,110.9912,43.1743,66.03,59.9298,75.0235
2007-07-16,110.9768,43.1311,65.82,60.1127,75.0398
2007-07-17,110.9195,43.4599,65.75,60.0213,75.0725
2007-07-18,110.7188,43.4079,66.62,60.2957,75.0562
2007-07-19,111.1489,43.5377,67.01,60.3688,75.0725
2007-07-20,110.0235,43.3041,67.58,60.6005,75.1053
2007-07-23,110.3604,43.3214,67.47,60.4725,75.1053
2007-07-24,108.4466,42.6812,67.47,60.6615,75.1053
2007-07-25,108.6688,42.7417,66.9,60.8444,75.1252
2007-07-26,106.0957,42.3783,65.65,61.131,75.138
2007-07-27,104.0099,41.5218,65.41,61.1432,75.1707
2007-07-30,105.6369,42.0063,65.77,61.1554,75.1053
2007-07-31,104.4471,41.1238,65.79,61.4602,75.2034
2007-08-01,104.956,41.4439,65.93,61.2071,75.1796
2007-08-02,105.7946,41.8246,65.89,61.2377,75.196
2007-08-03,103.0709,41.0286,66.69,61.4275,75.1632
2007-08-06,104.7983,41.5045,66.52,61.0233,75.2453
2007-08-07,105.9165,41.7986,66.48,61.0307,75.2617
2007-08-08,107.393,42.2572,66.77,60.8028,75.2288
2007-08-09,104.2106,41.2795,65.46,60.9988,75.2945
2007-08-10,103.7232,40.9075,66.57,60.8641,75.3438
2007-08-13,104.0959,41.1843,66.26,61.1336,75.3602
2007-08-14,102.5047,40.4835,66.29,61.2071,75.3438
2007-08-15,101.0926,39.7135,66.13,61.2071,75.3602
2007-08-16,101.8524,39.402,64.68,61.3418,75.4588
2007-08-17,103.7232,40.0682,65.11,61.5133,75.508
2007-08-20,103.673,40.2586,65.12,61.5378,75.5737
2007-08-21,103.8808,40.6825,65.07,61.7522,75.5573
2007-08-22,105.1137,41.2362,65.4,61.6106,75.5573
2007-08-23,105.0205,41.1238,65.31,61.6419,75.508
2007-08-24,106.3179,41.7035,66.11,61.7215,75.4916
2007-08-27,105.3287,41.4266,65.98,61.795,75.3931
2007-08-28,103.0136,40.4402,65.59,61.9787,75.4752
2007-08-29,105.0348,41.5996,66.07,61.7215,75.5244
2007-08-30,104.7553,41.8159,65.8,61.991,75.5407
2007-08-31,105.7874,42.2832,66.52,61.9665,75.5244
2007-09-03,105.7874,42.2832,66.52,61.9665,75.5244
2007-09-04,106.8554,42.984,67.44,62.0152,75.5365
2007-09-05,105.9308,42.5514,67.56,62.3043,75.553
2007-09-06,106.1745,42.5168,68.86,62.169,75.553
2007-09-07,104.698,41.7294,69.39,62.8825,75.6024
2007-09-10,104.4973,41.7035,69.62,63.1162,75.6189
2007-09-11,105.7158,42.3351,70.52,63.1162,75.5365
2007-09-12,105.9881,42.3437,70.46,63.0923,75.6519
2007-09-13,106.7336,42.5514,70.08,62.7595,75.6354
2007-09-14,106.7264,42.586,69.99,62.7902,75.6848
2007-09-17,106.153,42.2312,70.97,63.0892,75.7178
2007-09-18,109.2781,43.3128,71.7,63.1347,75.6684
2007-09-19,109.9232,43.4079,71.43,62.9563,75.7013
2007-09-20,109.1491,43.2868,72.72,62.2489,75.6519
2007-09-21,109.442,43.5948,72.34,62.495,75.6848
2007-09-24,109.2404,43.7939,72.28,62.3966,75.7508
2007-09-25,109.0243,44.2095,72.33,62.2797,75.7673
2007-09-26,109.6005,44.4259,72,62.3412,75.6848
2007-09-27,110.2486,44.6509,72.7,62.7103,75.7013
2007-09-28,109.8813,44.5038,73.51,62.7595,75.6684
2007-10-01,111.12,45.0145,73.9,62.8981,75.7509
2007-10-02,110.9688,45.0232,72.35,62.9599,75.7019
2007-10-03,110.7455,44.7115,71.9,62.8425,75.7185
2007-10-04,110.9184,44.8154,72.87,62.9352,75.8012
2007-10-05,112.2362,45.7226,73.4,62.5646,75.7185
2007-10-08,111.6385,46.01,72.53,62.6758,75.8343
2007-10-09,112.6899,46.2092,73.09,62.4596,75.7847
2007-10-10,112.5027,46.3217,73.36,62.5028,75.8508
2007-10-11,111.9626,45.5859,73.91,62.3978,75.8376
2007-10-12,112.5819,46.339,74.59,62.3175,75.8508
2007-10-15,111.6313,45.9841,75.14,62.3175,75.8177
2007-10-16,110.7455,45.7676,75.12,62.4966,75.8674
2007-10-17,111.084,46.3563,74.5,62.8734,75.9003
2007-10-18,110.6807,46.5554,76,63.0587,75.9005
2007-10-19,107.7857,45.3954,75.7,63.596,75.9666
2007-10-22,108.4122,45.9408,74.6,63.4416,75.9336
2007-10-23,109.2908,46.9017,75.23,63.4663,75.9336
2007-10-24,109.0892,46.5467,75.52,63.7072,75.9666
2007-10-25,109.3484,45.9235,76.03,63.8863,75.9501
2007-10-26,110.6303,46.6852,77.69,63.8307,75.9172
2007-10-29,110.9976,46.8844,78.12,64.1086,75.9832
2007-10-30,110.227,46.9709,77.35,63.7934,75.9501
2007-10-31,111.372,47.6375,78.62,63.491,75.9587
2007-11-01,108.7651,46.7458,77.93,64.0715,76.0176
2007-11-02,108.8875,47.1094,79.83,64.4308,76.0674
2007-11-05,108.0593,46.8064,79.75,64.4618,76.0674
2007-11-06,109.5141,47.3345,81.43,64.468,76.0674
2007-11-07,106.5182,46.1832,82.24,64.5051,76.1171
2007-11-08,105.9781,44.7808,82.23,64.7034,76.0674
2007-11-09,104.5234,43.2832,82.18,65.2672,76.1337
2007-11-12,103.4863,42.1838,78.3,65.4778,76.1669
2007-11-13,106.6406,43.9238,79.12,64.8521,76.156
2007-11-14,106.3454,43.3611,80.28,64.8583,76.1173
2007-11-15,104.8114,43.1274,77.95,64.9946,76.1669
2007-11-16,104.9915,43.5256,77.75,65.1247,76.1669
2007-11-19,103.5295,43.0235,77.24,65.657,76.2001
2007-11-20,104.1633,43.1966,79.47,65.5893,76.2167
2007-11-21,102.0316,42.6859,79.36,66.1407,76.2499
2007-11-22,102.0316,42.6859,79.36,66.1407,76.2499
2007-11-23,103.796,43.1447,81.25,66.0973,76.2665
2007-11-26,101.5059,42.4002,81.3,66.8469,76.2167
2007-11-27,102.6726,43.2486,80.1,66.246,76.2831
2007-11-28,105.9565,44.5644,79.57,65.7504,76.2997
2007-11-29,105.9925,44.7548,78.28,66.1531,76.2501
2007-11-30,107.0583,44.4172,77.32,66.1035,76.2665
2007-12-03,106.3526,44.045,78.28,66.3236,76.2475
2007-12-04,105.402,43.8632,79.4,66.2054,76.2641
2007-12-05,107.1663,44.6423,78.63,65.5025,76.2641
2007-12-06,108.7003,45.2915,79.37,65.3035,76.2808
2007-12-07,108.6787,45.3002,78.6,64.9676,76.3474
2007-12-10,109.5212,45.482,80,64.8805,76.2974
2007-12-11,106.5182,44.4259,78.84,65.5896,76.3973
2007-12-12,107.5696,44.8241,80.49,65.3346,76.3807
2007-12-13,107.3464,44.5817,78.5,64.9365,76.4139
2007-12-14,105.9853,44.1229,78.52,64.893,76.364
2007-12-17,104.473,43.0495,78.13,65.3657,76.3906
2007-12-18,105.0563,43.2313,79.25,65.4341,76.3973
2007-12-19,105.0563,43.2313,79.24,65.8446,76.4301
2007-12-20,105.7188,44.0623,78.67,65.77,76.4639
2007-12-21,107.2351,44.9308,80.1,65.3719,76.4639
2007-12-24,108.0314,45.2688,80.14,65.1729,76.4639
2007-12-25,108.0314,45.2688,80.14,65.1729,76.4639
2007-12-26,108.263,45.4941,81.52,64.8868,76.4306
2007-12-27,106.902,45.0001,81.56,65.3167,76.4639
2007-12-28,106.6342,44.9395,83,65.7105,76.4622
2007-12-31,105.8451,44.3849,82.46,66.1419,76.4455
2008-01-01,105.8451,44.3849,82.46,66.1419,76.4455
2008-01-02,104.9185,43.7176,84.86,66.667,76.5123
2008-01-03,104.8678,43.865,85.57,66.8921,76.4622
2008-01-04,102.2979,41.9412,85.13,66.8733,76.4462
2008-01-07,102.211,41.7419,84.77,66.8608,76.5121
2008-01-08,100.5605,40.6587,86.78,66.9108,76.4588
2008-01-09,101.6174,41.5253,86.5499,66.8608,76.4121
2008-01-10,102.2834,41.5859,88.25,66.5607,76.4462
2008-01-11,101.4581,40.7714,88.58,67.0546,76.4789
2008-01-14,102.2762,41.4819,89.5399,67.3359,76.5457
2008-01-15,100.0248,40.3381,87.99,67.6798,76.529
2008-01-16,99.1633,39.9048,86.7,67.2797,76.529
2008-01-17,96.5933,39.3502,86.5001,67.7673,76.4957
2008-01-18,95.6016,39.2982,87.42,67.8298,76.5457
2008-01-21,95.6016,39.2982,87.42,67.8298,76.5457
2008-01-22,94.6315,38.2843,88.1699,68.3424,76.579
2008-01-23,96.9046,38.1457,87.89,68.1799,76.6625
2008-01-24,97.7227,38.9169,90.08,67.7173,76.6959
2008-01-25,96.311,38.1197,90.3,68.2674,76.6124
2008-01-28,97.9037,38.4143,91.75,68.1861,76.6458
2008-01-29,98.3887,38.4837,91.15,68.1611,76.7126
2008-01-30,97.6648,38.449,92.0601,68.1737,76.746
2008-01-31,99.4456,39.1076,91.4,68.505,76.7527
2008-02-01,101.0455,39.5061,89.3499,68.543,76.7381
2008-02-04,99.7714,38.9516,89.1,68.1471,76.7548
2008-02-05,97.1001,37.8423,87.68,68.4738,76.7046
2008-02-06,96.3183,37.0972,88.9499,68.3921,76.7715
2008-02-07,96.9553,37.3571,89.85,67.575,76.7548
2008-02-08,96.3327,37.7817,91,68.2539,76.7548
2008-02-11,96.825,38.189,91.33,68.4298,76.7715
2008-02-12,97.7227,37.9724,89.33,68.3042,76.7548
2008-02-13,98.7217,38.8043,89.44,67.6821,76.7715
2008-02-14,97.853,38.1024,89.71,67.2297,76.7883
2008-02-15,97.8313,37.9724,89.15,67.569,76.7883
2008-02-18,97.8313,37.9724,89.15,67.569,76.7883
2008-02-19,98.1064,37.9031,91.58,67.1819,76.7883
2008-02-20,98.3959,38.0764,93.24,67.4025,76.7548
2008-02-21,97.5779,37.7124,93.25,67.8266,76.8217
2008-02-22,98.1787,37.8511,93.39,67.6381,76.8217
2008-02-25,99.4167,38.0417,92.74,67.2988,76.7883
2008-02-26,100.1623,38.189,93.71,67.7449,76.8385
2008-02-27,100.061,38.3797,94.78,67.858,76.8552
2008-02-28,99.0836,38.2324,95.99,68.7566,76.8552
2008-02-29,96.8757,37.2185,96.18,69.4792,76.872
2008-03-03,96.644,36.9759,97.24,69.4518,76.9
2008-03-04,96.2748,37.1838,95.18,69.294,76.9
2008-03-05,96.8829,37.3657,97.72,69.2497,76.8832
2008-03-06,94.8776,36.5426,96.5,69.6222,76.9167
2008-03-07,93.9004,36.4559,96.09,69.8811,76.9167
2008-03-10,92.6624,35.754,95.87,70.4051,76.9167
2008-03-11,95.9925,37.1146,95.99,69.7233,76.9167
2008-03-12,95.0948,37.0105,97.01,70.3925,76.9335
2008-03-13,95.3048,37.2965,98.34,69.9379,76.9167
2008-03-14,93.828,36.6119,98.71,70.0942,77.0174
2008-03-17,92.8796,35.9447,99.17,69.3445,77.0013
2008-03-18,96.7381,37.5478,96.5,69.2687,77.0844
2008-03-19,94.3419,36.6206,93.0399,69.5592,77.1012
2008-03-20,96.0808,37.368,89.9128,69.7106,77.0844
2008-03-21,96.0808,37.368,89.9128,69.7106,77.0844
2008-03-24,98.0012,38.66,90.1001,68.4796,77.0174
2008-03-25,98.0958,38.8769,92.73,68.3659,76.967
2008-03-26,96.8955,38.7642,93.8,68.568,77.0174
2008-03-27,96.59,37.9057,93.46,68.7068,77.0341
2008-03-28,95.6661,37.7149,91.88,69.2182,76.967
2008-03-31,96.0008,37.9143,90.41,69.3824,77.0509
2008-04-01,99.3761,39.536,86.8599,68.7814,77.0013
2008-04-02,99.4416,39.4493,89.27,68.7838,77.0013
2008-04-03,99.6889,39.536,89.42,68.7584,77.0013
2008-04-04,99.5798,39.7702,90.25,69.1521,77.0349
2008-04-07,99.6307,39.6834,91.17,68.9934,77.0013
2008-04-08,99.5289,39.3799,90.35,68.8727,77.0517
2008-04-09,98.8087,38.9376,92.29,69.3299,77.0517
2008-04-10,98.9469,39.4926,91.77,69.0315,77.0519
2008-04-11,97.0265,38.4,91.3,69.5458,77.0517
2008-04-14,96.6991,38.2265,91.11,69.3299,77.0853
2008-04-15,96.9246,38.2786,91.66,69.0759,77.0853
2008-04-16,99.5507,39.3452,93.27,68.6504,77.0349
2008-04-17,99.6962,39.2585,92.56,68.3647,77.0349
2008-04-18,100.7364,40.5073,90.62,68.3012,76.9845
2008-04-21,100.7873,40.7935,90.25,68.3266,77.0181
2008-04-22,100.3436,40.1864,90.27,68.498,77.0349
2008-04-23,100.1836,40.6287,89.22,68.2885,77.0349
2008-04-24,100.62,40.9929,87.22,67.6713,77.0517
2008-04-25,101.5512,40.8888,87.27,67.5773,77.0517
2008-04-28,101.573,40.9669,87.69,67.6916,77.0013
2008-04-29,101.1729,41.2791,85.81,67.6979,77.0853
2008-04-30,100.5764,40.9409,86.65,68.0154,77.0013
2008-05-01,102.6569,42.233,83.99,67.9671,77.0584
2008-05-02,102.9406,42.2937,84.58,67.7949,77.0079
2008-05-05,102.4459,42.1723,86.27,67.9543,77.0281
2008-05-06,103.3334,42.4325,86.63,67.902,76.9911
2008-05-07,101.493,41.6607,85.82,68.0693,77.0415
2008-05-08,101.2311,41.9729,87.24,68.5728,77.0079
2008-05-09,101.0419,41.8081,87.42,68.7577,77.0415
2008-05-12,102.1768,42.5712,86.99,68.6493,77.0415
2008-05-13,102.1913,42.684,85.3901,68.1328,77.0079
2008-05-14,102.4023,42.5886,85.2,68.1966,77.0079
2008-05-15,103.6826,43.3344,87,68.6876,77.0079
2008-05-16,103.7771,43.369,89.1001,68.6876,77.0247
2008-05-19,104.0608,43.0569,89.39,68.9044,77.0247
2008-05-20,103.217,42.7273,90.9,69.3182,76.9911
2008-05-21,101.4711,41.7821,91.96,69.3954,76.9913
2008-05-22,101.4857,41.9295,90.98,68.9108,77.0415
2008-05-23,100.1254,41.7994,91.23,69.1786,77.0415
2008-05-26,100.1254,41.7994,91.23,69.1786,77.0415
2008-05-27,100.8674,42.5365,89.36,68.7003,77.0415
2008-05-28,101.3329,42.71,89.14,68.0818,77.0752
2008-05-29,101.8421,43.0916,86.51,67.8204,77.0415
2008-05-30,102.0967,43.3691,87.45,68.0882,77.0752
2008-06-02,101.0419,42.8401,87.96,68.3149,77.1379
2008-06-03,100.4527,42.6059,86.88,68.3149,77.1379
2008-06-04,100.4018,43.1523,86.65,67.9615,77.121
2008-06-05,102.4095,43.8374,86.45,67.7494,77.0705
2008-06-06,99.1433,42.5192,89.06,68.5784,77.0874
2008-06-09,99.3834,42.2937,87.987,68.2185,77.121
2008-06-10,98.8887,42.0943,85.55,67.8522,77.1715
2008-06-11,97.4338,41.0883,87.02,67.9808,77.222
2008-06-12,97.8048,41.123,85.6,67.3446,77.1715
2008-06-13,99.0415,41.9468,85.83,67.3382,77.2217
2008-06-16,99.0997,42.3197,87.01,67.5052,77.222
2008-06-17,98.6196,42.0943,87.25,67.698,77.2089
2008-06-18,97.6593,41.6433,88.28,68.0643,77.2389
2008-06-19,97.783,42.2937,88.42,67.6402,77.2308
2008-06-20,96.2039,41.1528,88.95,67.8586,77.2557
2008-06-23,96.1088,40.8317,87.09,67.8587,77.2557
2008-06-24,95.9187,40.6235,87.47,68.2699,77.2557
2008-06-25,96.372,41.283,87.42,68.3213,77.2725
2008-06-26,93.7545,39.6168,90.61,68.9125,77.2725
2008-06-27,93.2427,39.6168,91.47,69.2403,77.3062
2008-06-30,93.5718,39.2002,91.4,69.3045,77.2624
2008-07-01,93.8642,39.7556,92.66,69.3217,77.2822
2008-07-02,92.2557,38.801,93.17,69.7552,77.2822
2008-07-03,92.3507,38.7316,92.06,69.9363,77.2822
2008-07-04,92.3507,38.7316,92.06,69.9363,77.2822
2008-07-07,91.4076,38.9659,91.23,69.904,77.2654
2008-07-08,93.0307,39.8945,90.86,69.8522,77.2317
2008-07-09,91.2394,38.8357,91.5,70.2598,77.2485
2008-07-10,91.6123,39.2957,93.53,70.2533,77.3161
2008-07-11,90.5448,38.6708,95.16,69.6193,77.3665
2008-07-14,89.7259,38.3844,95.91,70.1369,77.3665
2008-07-15,88.4611,38.3931,96.17,70.0916,77.3833
2008-07-16,90.6326,39.3477,94.44,69.7358,77.4002
2008-07-17,91.5392,39.6081,94.22,69.2829,77.2822
2008-07-18,92.1095,38.6969,94.17,68.9659,77.3833
2008-07-21,92.1606,38.8617,95.12,68.9788,77.3159
2008-07-22,93.2062,38.8617,93.06,68.6489,77.353
2008-07-23,93.7107,39.3738,90.57,68.1831,77.3833
2008-07-24,91.7658,38.7836,91.33,68.6683,77.3665
2008-07-25,91.7439,39.287,91.69,68.196,77.3833
2008-07-28,90.3986,38.5493,91.73,68.7783,77.3833
2008-07-29,92.3288,39.3477,90.59,68.3124,77.3833
2008-07-30,93.9739,39.5473,89.52,68.5971,77.4002
2008-07-31,92.7309,39.4519,90.08,68.8818,77.4002
2008-08-01,92.2411,38.9485,89.57,69.1497,77.377
2008-08-04,91.3856,38.558,88.14,68.9539,77.3937
2008-08-05,93.8496,39.8598,86.08,68.5819,77.4065
2008-08-06,94.2663,40.4672,86.64,68.4057,77.3768
2008-08-07,92.8625,40.1548,86.09,69.1105,77.4275
2008-08-08,94.588,41.0661,84.43,69.0211,77.4106
2008-08-11,95.5678,41.4392,81.13,68.3991,77.4275
2008-08-12,94.5734,41.4826,80.52,68.7189,77.3768
2008-08-13,94.0031,41.3958,81.56,68.7124,77.4443
2008-08-14,94.7123,41.8731,79.35,69.0648,77.4275
2008-08-15,95.173,41.795,77.63,69.2345,77.4443
2008-08-18,93.8715,41.309,78.8,69.2998,77.3988
2008-08-19,92.8479,40.797,80.433,69.228,77.4612
2008-08-20,93.2793,40.8664,80.06,69.5152,77.4612
2008-08-21,93.4401,40.6755,82.3,69.6327,77.4781
2008-08-22,94.7928,41.2136,81.08,69.3651,77.495
2008-08-25,92.8699,40.3457,80.93,69.6261,77.4781
2008-08-26,93.1404,40.2937,81.23,69.6522,77.495
2008-08-27,94.047,40.554,81.36,69.835,77.495
2008-08-28,95.1876,40.8838,82.18,69.6196,77.495
2008-08-29,94.164,40.0246,81.71,69.4173,77.4659
2008-09-01,94.164,40.0246,81.71,69.4173,77.4659
2008-09-02,93.5791,39.53,79.2,69.3816,77.517
2008-09-03,93.4986,39.1568,78.89,69.2632,77.517
2008-09-04,90.6837,37.8898,78.39,69.158,77.517
2008-09-05,90.9689,37.7075,78.98,69.1777,77.5339
2008-09-08,92.8479,37.586,78.86,69.4474,77.5339
2008-09-09,90.0915,36.8397,76.49,69.5658,77.5048
2008-09-10,90.4571,37.1434,74.22,69.5329,77.5508
2008-09-11,91.7658,37.8377,73.08,69.5855,77.5339
2008-09-12,92.1899,37.6902,75.55,69.0922,77.5677
2008-09-15,87.803,36.5186,77.56,69.5,77.652
2008-09-16,89.2726,36.805,76.79,68.8094,77.686
2008-09-17,85.2587,34.8957,85.46,69.0594,78.0241
2008-09-18,87.7884,36.076,82.8,68.1451,77.7965
2008-09-19,91.2547,37.2546,85.98,68.4937,77.5339
2008-09-22,89.1887,35.5004,89.18,68.7305,77.5744
2008-09-23,87.1596,35.2312,88.32,68.0267,77.8212
2008-09-24,87.4389,35.4743,86.71,67.6913,77.5846
2008-09-25,88.8064,36.0388,86.45,67.665,77.6691
2008-09-26,88.8506,35.6741,86.64,67.5203,77.8043
2008-09-29,81.8881,32.8431,89.57,67.79,78.1423
2008-09-30,85.2774,33.7896,85.07,66.6258,77.855
2008-10-01,85.3289,33.4336,85.97,67.5006,77.8435
2008-10-02,82.2336,31.9139,82.33,67.3614,77.8096
2008-10-03,81.1235,31.4189,82.59,67.5205,77.8096
2008-10-06,76.9916,30.2726,84.28,67.4672,77.7927
2008-10-07,73.5434,28.3534,87.27,66.8907,77.7758
2008-10-08,71.6907,28.1276,89.42,64.9154,77.7081
2008-10-09,66.6839,27.3721,89.9,64.5243,77.8266
2008-10-10,65.0664,27.1984,83.22,62.9135,77.8943
2008-10-13,74.5139,30.5071,81.99,62.3103,77.5897
2008-10-14,73.4111,29.1871,82.2,63.7355,77.7403
2008-10-15,66.1839,26.5732,83.31,63.9542,77.7487
2008-10-16,68.941,28.0147,79.29,63.5432,77.6997
2008-10-17,68.5293,28.0495,77.21,63.2847,77.5389
2008-10-20,72.6464,28.831,78.5,64.1531,77.725
2008-10-21,70.4776,27.3374,76.027,64.2525,77.725
2008-10-22,66.6398,26.5819,71.71,64.7298,77.6235
2008-10-23,67.4117,26.4777,70.65,64.0735,77.725
2008-10-24,63.993,25.6266,72.21,62.5423,77.6404
2008-10-27,61.7212,24.9145,72.18,61.8794,77.7589
2008-10-28,68.9336,27.6674,73.79,61.5082,77.742
2008-10-29,68.4337,27.5979,74,61.9125,77.6573
2008-10-30,70.8011,28.5184,72.71,61.5678,77.7589
2008-10-31,71.1907,28.5618,71.34,61.2298,77.6743
2008-11-03,71.3966,28.5011,71.1,61.7468,77.6526
2008-11-04,73.8228,29.3087,75.4786,62.7014,77.6864
2008-11-05,70.7202,27.7803,72.8,63.1455,77.7203
2008-11-06,66.8015,26.5385,72.22,62.8803,77.8389
2008-11-07,69.0071,27.0856,72.5,62.6086,77.8389
2008-11-10,68.1028,26.7208,73.58,62.8273,77.822
2008-11-11,66.0001,26.139,72.05,62.9731,77.822
2008-11-12,63.096,24.9319,70,63.0726,77.8389
2008-11-13,67.0294,26.4516,72.15,62.6815,77.8389
2008-11-14,63.6842,25.1664,73.3,63.3178,77.8389
2008-11-17,62.8387,24.6366,72.65,63.3775,77.8728
2008-11-18,64.0224,24.6106,72.51,62.7345,77.7881
2008-11-19,59.9199,23.3254,72.26,62.7213,77.7711
2008-11-20,55.4719,22.1964,73.45,61.9656,77.822
2008-11-21,58.4642,23.1604,78.85,61.3358,77.805
2008-11-24,62.5152,24.5759,80.91,60.1427,77.822
2008-11-25,62.9784,24.463,80.87,61.243,77.8372
2008-11-26,65.4119,25.4877,80.38,61.5745,77.8728
2008-11-27,65.4119,25.4877,80.38,61.5745,77.8728
2008-11-28,66.2354,25.288,80.31,61.7667,77.6356
2008-12-01,60.3684,23.3861,75.65,63.0063,77.8495
2008-12-02,62.6917,24.1677,76.95,63.5631,77.9173
2008-12-03,64.1988,24.8537,76.18,64.405,77.7986
2008-12-04,62.7137,24.1503,75.5,64.9154,77.7647
2008-12-05,64.6473,25.1316,74.52,64.4646,77.7647
2008-12-08,66.9044,26.1216,76.195,63.636,77.7817
2008-12-09,65.8016,26.0608,76.33,64.0139,77.7478
2008-12-10,66.2501,25.974,79.75,63.5962,77.7988
2008-12-11,64.6547,25.2619,80.65,64.2989,77.7139
2008-12-12,65.4266,25.7743,80.81,64.0416,77.7478
2008-12-15,64.515,25.3227,82.6,63.7686,77.7308
2008-12-16,67.5514,26.5385,84.46,65.8169,77.7817
2008-12-17,66.8971,26.2171,85.43,67.0763,77.7308
2008-12-18,65.6472,25.7569,83.87,67.4476,77.6773
2008-12-19,65.3673,25.9683,82.63,66.2941,77.7308
2008-12-22,64.5298,25.403,83.46,66.7714,77.8325
2008-12-23,63.8627,25.2726,82.63,66.6057,77.7508
2008-12-24,64.2333,25.3422,83.46,66.619,77.8325
2008-12-25,64.2333,25.3422,83.46,66.619,77.8325
2008-12-26,64.6039,25.3335,85.6,66.7727,77.8325
2008-12-29,64.4186,25.1247,86.35,66.5527,77.5585
2008-12-30,65.9455,25.6465,85.9,65.5849,77.8296
2008-12-31,66.8868,25.864,86.52,65.7837,77.66
2009-01-01,66.8868,25.864,86.52,65.7837,77.66
2009-01-02,68.9029,26.9858,86.23,64.5508,77.677
2009-01-05,68.8214,26.9771,84.48,64.3122,77.677
2009-01-06,69.2809,27.2467,85.13,64.7894,77.694
2009-01-07,67.2055,26.4727,82.75,64.869,77.8127
2009-01-08,67.4798,26.751,84.46,65.386,77.7279
2009-01-09,66.0344,26.1509,83.92,65.9627,77.7852
2009-01-12,64.4482,25.6726,80.76,66.2941,77.7448
2009-01-13,64.5668,25.6813,80.88,66.2809,77.8466
2009-01-14,62.5359,24.8986,79.79,66.3568,77.8636
2009-01-15,62.5582,25.3065,80.39,66.3604,77.8805
2009-01-16,63.0474,25.5857,82.71,66.086,77.8298
2009-01-19,63.0474,25.5857,82.71,66.086,77.8298
2009-01-20,59.7193,24.3159,84.52,66.0489,77.694
2009-01-21,62.2987,25.3508,84.15,65.0413,77.8296
2009-01-22,61.3352,25.0117,84.58,65.154,77.8466
2009-01-23,61.602,25.1334,88.53,65.3926,77.8296
2009-01-26,62.0245,25.3161,88.95,65.1739,77.8127
2009-01-27,62.6545,25.4987,88.38,65.7373,77.7788
2009-01-28,64.7744,26.3945,87.415,65.7771,77.7448
2009-01-29,62.6693,25.7248,89.5,65.4523,77.7448
2009-01-30,61.3945,25.2726,91.31,65.7572,77.8125
2009-02-02,61.2092,25.577,88.84,65.9959,77.8596
2009-02-03,62.069,25.977,88.47,65.7572,77.7917
2009-02-04,61.7651,26.0118,89.18,65.6246,77.8426
2009-02-05,62.6842,26.5858,90.12,65.5517,77.8087
2009-02-06,64.4705,27.2815,89.59,65.9296,77.6899
2009-02-09,64.5594,27.3946,88.32,66.619,77.7883
2009-02-10,61.602,26.3858,90.21,66.9239,77.7747
2009-02-11,61.9652,26.264,92.29,66.7449,77.7578
2009-02-12,62.0097,26.5858,93.17,66.5063,77.7578
2009-02-13,61.3426,26.464,92.55,66.2279,77.8256
2009-02-16,61.3426,26.464,92.55,66.2279,77.8256
2009-02-17,58.7187,25.4117,95.45,66.6322,77.8256
2009-02-18,58.5779,25.4291,96.91,66.2146,77.8424
2009-02-19,57.9478,25.0378,95.77,66.029,77.8426
2009-02-20,57.3845,25.1073,97.8,66.261,77.8426
2009-02-23,55.3314,24.229,97.73,66.1947,77.8256
2009-02-24,57.429,25.0291,94.73,65.6246,77.7747
2009-02-25,56.9768,24.8638,93.15,65.2335,77.7408
2009-02-26,56.0503,24.1681,93.057,64.7099,77.7578
2009-02-27,54.7977,23.942,92.63,64.3122,77.8087
2009-03-02,52.3295,23.168,90.93,64.7145,77.8542
2009-03-03,51.9366,23.1506,90.04,64.5707,77.8457
2009-03-04,53.167,23.7681,88.99,64.4474,77.8373
2009-03-05,50.9953,23.0549,91.987,65.0433,77.8542
2009-03-06,51.0842,22.8723,92.29,64.6104,77.8373
2009-03-09,50.4838,22.3853,90.57,64.3652,77.8373
2009-03-10,53.4932,23.7681,88.14,63.9542,77.8373
2009-03-11,53.8415,24.1333,89.22,64.273,77.8373
2009-03-12,55.9614,24.9334,91.1,65.2468,77.8033
2009-03-13,56.3987,24.9943,91.3,65.2269,77.7864
2009-03-16,56.2282,24.5768,90.8,65.1606,77.7694
2009-03-17,57.9478,25.5074,90.04,65.0943,77.8203
2009-03-18,59.2449,25.8292,93.09,67.5006,77.8373
2009-03-19,58.5112,25.8118,94.35,67.8121,77.7864
2009-03-20,57.2744,25.4194,93.59,67.4741,77.8203
2009-03-23,61.3884,26.9178,92.08,67.4635,77.8373
2009-03-24,60.1788,26.4212,91,67.8453,77.8251
2009-03-25,60.8134,26.5432,91.98,67.7458,77.8542
2009-03-26,62.0529,27.3621,91.93,68.5015,77.8373
2009-03-27,60.9329,26.8481,90.69,68.3292,77.8542
2009-03-30,58.8274,26.186,89.98,68.4551,77.8373
2009-03-31,59.3724,26.4125,90.28,68.1104,77.8033
2009-04-01,60.5223,26.8045,91.03,68.3517,77.8162
2009-04-02,62.2918,27.667,88.8,67.9322,77.7653
2009-04-03,62.9115,28.1809,87.59,67.486,77.8162
2009-04-06,62.4187,28.1112,85.27,67.4327,77.7992
2009-04-07,60.9628,27.3708,86.74,67.3395,77.7992
2009-04-08,61.6198,27.8325,86.61,67.6725,77.8331
2009-04-09,64.0688,28.6949,86.31,67.466,77.7822
2009-04-10,64.0688,28.6949,86.31,67.466,77.7822
2009-04-13,64.0837,28.6513,87.88,67.7723,77.8331
2009-04-14,62.9787,28.3029,87.37,67.8056,77.7992
2009-04-15,63.6507,28.2245,87.5,67.8456,77.7992
2009-04-16,64.5839,28.9562,85.81,67.5925,77.8501
2009-04-17,65.017,29.0172,85.22,66.9266,77.7653
2009-04-20,62.2918,28.0851,86.95,66.9865,77.7992
2009-04-21,63.5088,28.4771,86.89,66.7601,77.7822
2009-04-22,63.1205,28.5642,87.38,66.9266,77.8331
2009-04-23,63.7403,28.843,88.8,67.2796,77.8671
2009-04-24,64.7034,29.3482,89.72,67.4261,77.8669
2009-04-27,64.0912,29.3831,89.01,67.4927,77.8501
2009-04-28,63.8896,29.1653,87.75,67.4927,77.8671
2009-04-29,65.2485,29.566,88.33,67.213,77.8501
2009-04-30,65.2709,29.8622,87.27,66.8867,77.8501
2009-05-01,65.6218,29.9406,86.95,66.2437,77.876
2009-05-04,67.8542,30.533,88.6401,66.363,77.7741
2009-05-05,67.6228,30.5068,88.25,66.3831,77.7911
2009-05-06,68.795,30.5155,89.54,66.6512,77.7741
2009-05-07,67.8393,29.8012,89.44,66.7182,77.7741
2009-05-08,69.4221,29.8186,89.98,66.745,77.787
2009-05-11,68.123,29.9232,89.69,67.0801,77.7741
2009-05-12,67.9214,29.5573,90.7,67.2878,77.842
2009-05-13,66.2116,28.7646,91.09,67.2744,77.7911
2009-05-14,66.7791,29.0869,91.03,67.6497,77.8081
2009-05-15,66.234,29.0695,91.55,67.7904,77.8081
2009-05-18,68.1155,29.8273,90.36,67.7703,77.859
2009-05-19,68.0334,29.9667,90.96,67.9043,77.842
2009-05-20,67.578,29.8622,92.25,68.2662,77.7741
2009-05-21,66.6073,29.3134,93.85,67.5961,77.825
2009-05-22,66.4655,29.2176,94.15,67.7167,77.842
2009-05-25,66.4655,29.2176,94.15,67.7167,77.842
2009-05-26,68.1678,30.3065,93.76,67.4285,77.859
2009-05-27,66.9508,30.0974,93.45,67.2744,77.859
2009-05-28,67.8841,30.4458,94.24,67.3481,77.842
2009-05-29,69.0862,30.8204,96.2,68.226,77.859
2009-06-01,70.7586,31.7003,95.73,67.6837,77.7974
2009-06-02,70.8184,31.7438,96.36,68.1679,77.7974
2009-06-03,69.9224,31.648,94.41,68.141,77.8313
2009-06-04,70.5794,32.0052,96.23,67.455,77.8307
2009-06-05,70.5944,32.04,93.71,67.1927,77.8113
2009-06-08,70.3032,31.9442,93.56,66.9303,77.8313
2009-06-09,70.6616,32.1881,93.83,67.381,77.8144
2009-06-10,70.4824,32.0748,93.86,67.4146,77.8313
2009-06-11,70.796,32.0748,93.7,67.5424,77.7804
2009-06-12,70.9901,31.9268,92.17,67.4146,77.8483
2009-06-15,69.3624,31.2734,91.1,67.3406,77.8483
2009-06-16,68.4217,30.9685,91.93,67.5626,77.8653
2009-06-17,68.3545,31.2638,92.35,67.1187,77.8653
2009-06-18,68.8547,31.2037,91.61,66.9505,77.8483
2009-06-19,69.1072,31.5382,91.9,67.3743,77.8653
2009-06-22,67.0349,30.5962,90.54,67.4886,77.8653
2009-06-23,67.0874,30.5264,90.92,67.8182,77.8653
2009-06-24,67.6656,31.041,91.45,67.4684,77.8653
2009-06-25,69.1372,31.6516,92.31,67.8585,77.8653
2009-06-26,68.957,31.7213,92.29,67.8585,77.8653
2009-06-29,69.6028,31.7911,92.04,67.9056,77.8653
2009-06-30,69.0396,31.7301,91.18,68.363,77.8483
2009-07-01,69.325,31.7475,92.39,68.2209,77.8502
2009-07-02,67.4328,31.0498,91.25,68.0521,77.8672
2009-07-03,67.4328,31.0498,91.25,68.0521,77.8672
2009-07-06,67.4253,30.884,90.76,67.8901,77.8502
2009-07-07,66.1189,30.1165,90.71,67.9981,77.8502
2009-07-08,66.0738,30.2735,89.27,68.2411,77.8672
2009-07-09,66.2015,30.3258,89.51,67.6875,77.8502
2009-07-10,66.0438,30.4567,89.58,67.9576,77.8502
2009-07-13,67.6506,31.041,90.19,67.6807,77.8672
2009-07-14,68.0335,31.1544,90.81,67.6267,77.8672
2009-07-15,70.0232,32.201,92.24,67.4444,77.8333
2009-07-16,69.9106,32.2795,91.98,67.863,77.8672
2009-07-17,70.6765,32.7592,91.93,67.836,77.8672
2009-07-20,71.4273,33.0732,93.28,68.2276,77.8333
2009-07-21,71.7577,33.3,93.13,68.3829,77.8333
2009-07-22,71.7427,33.5791,93.44,68.2006,77.8502
2009-07-23,73.3269,34.3204,93.26,67.8698,77.8333
2009-07-24,73.6273,34.0588,93.41,67.9036,77.8163
2009-07-27,73.845,34.3204,93.71,67.7753,77.8163
2009-07-28,73.4996,34.085,92.11,67.7145,77.8299
2009-07-29,73.3194,34.3117,91.2,67.6807,77.8348
2009-07-30,74.0853,34.5123,91.62,68.0656,77.8502
2009-07-31,74.1904,34.4077,93.35,68.4234,77.7993
2009-08-03,75.4143,34.9223,93.87,68.0718,77.8202
2009-08-04,75.6095,34.9223,94.68,67.8277,77.8372
2009-08-05,75.3917,34.6519,94.78,67.8819,77.8217
2009-08-06,75.0013,34.3466,94.6,67.7734,77.8236
2009-08-07,75.9849,34.7827,93.75,67.8616,77.8202
2009-08-10,75.8272,34.5385,92.927,67.9904,77.8202
2009-08-11,74.8812,34.242,92.79,68.2888,77.8202
2009-08-12,75.6846,34.774,92.95,68.0243,77.8541
2009-08-13,76.2627,34.9659,93.72,68.2481,77.8202
2009-08-14,75.677,34.5647,93,68.1735,77.8541
2009-08-17,73.815,33.5616,91.61,68.4176,77.8202
2009-08-18,74.4006,34.0414,92.06,68.5668,77.8541
2009-08-19,75.0539,34.2768,92.532,68.9126,77.8202
2009-08-20,75.8272,34.678,92.27,69.3262,77.8372
2009-08-21,77.3139,35.1403,93.65,69.0482,77.8202
2009-08-24,77.3064,35.1054,92.34,69.2923,77.8202
2009-08-25,77.4565,35.2101,92.76,69.0889,77.8202
2009-08-26,77.464,35.149,92.79,69.2855,77.8372
2009-08-27,77.6367,35.2362,93.19,69.0346,77.8372
2009-08-28,77.6217,35.2711,93.87,69.0618,77.8541
2009-08-31,76.9309,34.9135,93.4,69.0007,77.8541
2009-09-01,75.2341,34.2594,93.9,69.0959,77.8073
2009-09-02,74.9487,34.2332,96.19,69.2054,77.8752
2009-09-03,75.5719,34.46,97.46,69.2944,77.8752
2009-09-04,76.6306,35.2014,97.529,69.2807,77.8752
2009-09-07,76.6306,35.2014,97.529,69.2807,77.8752
2009-09-08,77.2914,35.5328,97.43,69.4244,77.8752
2009-09-09,77.8845,35.8381,97.08,69.6434,77.8243
2009-09-10,78.6804,36.1782,97.7,69.8076,77.8413
2009-09-11,78.6654,36.2131,98.78,69.965,77.8243
2009-09-14,79.0483,36.3526,97.96,69.8076,77.8243
2009-09-15,79.3787,36.466,98.9,69.8486,77.8243
2009-09-16,80.58,36.9981,99.91,69.9855,77.8243
2009-09-17,80.4599,36.9893,99.34,70.0744,77.8379
2009-09-18,80.5112,37.051,98.67,69.7528,77.8243
2009-09-21,80.3075,37.1645,98.36,69.6776,77.8752
2009-09-22,80.7752,37.2344,99.67,69.8418,77.8243
2009-09-23,80.1038,37.0598,98.83,69.9923,77.8583
2009-09-24,79.2211,36.728,97.55,69.9239,77.8243
2009-09-25,78.7987,36.405,97,70.0265,77.8583
2009-09-28,80.2094,37.0249,97.05,70.1702,77.8752
2009-09-29,79.968,36.859,97.43,70.1429,77.8752
2009-09-30,79.6587,36.8852,98.85,70.3618,77.8752
2009-10-01,77.6821,35.7939,97.89,70.5927,77.8273
2009-10-02,77.32,35.6891,98.37,70.4558,77.8273
2009-10-05,78.4743,35.9772,99.82,70.4969,77.8612
2009-10-06,79.5984,36.6145,102.28,70.49,77.8273
2009-10-07,79.8171,36.7193,102.361,70.7981,77.8612
2009-10-08,80.4282,36.8764,103.64,70.7296,77.8273
2009-10-09,80.9186,37.086,102.84,70.3668,77.8442
2009-10-12,81.2354,37.1645,103.56,70.5379,77.8442
2009-10-13,81.0695,37.1733,104.26,70.935,77.8442
2009-10-14,82.4651,37.6796,104.18,70.6269,77.8273
2009-10-15,82.7669,37.5923,102.86,70.6817,77.8273
2009-10-16,82.1483,37.3479,103.18,70.9076,77.8612
2009-10-19,82.8273,37.7233,104.23,71.3594,77.8442
2009-10-20,82.3897,37.732,103.42,71.421,77.8273
2009-10-21,81.6504,37.6622,103.745,71.1404,77.8273
2009-10-22,82.4802,37.8106,103.92,70.7912,77.8273
2009-10-23,81.5372,37.6534,103.49,70.6406,77.8273
2009-10-26,80.6545,37.5312,101.86,70.3189,77.8274
2009-10-27,80.2849,36.9637,101.85,70.8782,77.8273
2009-10-28,78.7685,36.1344,100.73,70.935,77.8273
2009-10-29,80.4584,36.7455,102.688,70.9418,77.8442
2009-10-30,78.1272,35.759,102.53,71.202,77.8782
2009-11-02,78.7006,35.9074,103.95,71.3403,77.8792
2009-11-03,78.9496,36.0209,106.46,71.1961,77.8792
2009-11-04,79.1532,36.082,107.1,71.3335,77.8622
2009-11-05,80.6093,36.9725,106.98,71.4708,77.8673
2009-11-06,80.8205,37.1907,107.43,71.6494,77.8792
2009-11-09,82.6613,37.9852,108.19,72.0203,77.8792
2009-11-10,82.6764,38.0812,108.39,71.8967,77.8282
2009-11-11,83.0988,38.3257,109.6,72.1577,77.8282
2009-11-12,82.2539,38.1074,108.21,71.8211,77.8282
2009-11-13,82.699,38.4217,109.74,71.8486,77.8282
2009-11-16,83.8985,38.8146,111.63,72.3912,77.8282
2009-11-17,83.9966,38.9368,111.97,72.5835,77.8282
2009-11-18,83.9438,38.7211,112.25,72.5629,77.8282
2009-11-19,82.8499,38.1161,112.3,72.5698,77.8282
2009-11-20,82.5557,37.9241,112.94,72.5698,77.8282
2009-11-23,83.6043,38.5352,114.29,72.6316,77.8282
2009-11-24,83.7325,38.4042,114.73,72.7071,77.8282
2009-11-25,84.0268,38.5701,116.62,72.9956,77.8282
2009-11-26,84.0268,38.5701,116.62,72.9956,77.8282
2009-11-27,82.6613,37.9852,115.06,73.1536,77.8452
2009-11-30,82.9404,38.0288,115.64,73.0505,77.8452
2009-12-01,83.9664,38.4217,117.38,73.0698,77.8452
2009-12-02,83.9287,38.4741,119.18,72.9941,77.8282
2009-12-03,83.2724,38.3169,118.7,72.7532,77.8282
2009-12-04,83.7476,38.5177,113.753,72.1614,77.8622
2009-12-07,83.6194,38.3344,113.11,72.2784,77.8282
2009-12-08,82.6915,38.1004,110.95,72.244,77.8282
2009-12-09,83.0008,38.4828,110.84,71.9274,77.8622
2009-12-10,83.4685,38.6749,110.82,71.6934,77.8282
2009-12-11,83.8231,38.5265,109.32,71.721,77.8282
2009-12-14,84.3964,38.8931,110.24,71.9687,77.8113
2009-12-15,84.0041,38.6749,110.21,71.9618,77.8113
2009-12-16,84.1324,38.7273,111.59,72.0857,77.8282
2009-12-17,83.1215,38.2558,107.34,72.3954,77.8282
2009-12-18,83.5894,38.8823,108.95,72.2853,77.8282
2009-12-21,84.4388,39.3196,106.95,71.9481,77.8282
2009-12-22,84.7422,39.5557,106.17,71.7141,77.8282
2009-12-23,84.9091,39.8443,106.55,71.6109,77.8282
2009-12-24,85.311,40.2116,108.36,71.4182,77.8452
2009-12-25,85.311,40.2116,108.36,71.4182,77.8452
2009-12-28,85.4931,40.4215,108.55,71.3975,77.8282
2009-12-29,85.3717,40.2553,107.47,71.617,77.8347
2009-12-30,85.3414,40.3778,106.93,71.7273,77.8517
2009-12-31,84.5223,40.0105,107.31,71.6652,77.8687
2010-01-01,84.5223,40.0105,107.31,71.6652,77.8687
2010-01-04,85.9557,40.5964,109.8,71.8515,77.8347
2010-01-05,86.1833,40.5964,109.7,72.086,77.8177
2010-01-06,86.2439,40.3515,111.51,71.8997,77.8177
2010-01-07,86.608,40.3778,110.82,72.0101,77.8177
2010-01-08,86.8962,40.7101,111.37,72.1619,77.8177
2010-01-11,87.0176,40.5439,112.85,72.0032,77.8177
2010-01-12,86.206,40.0367,110.49,72.3343,77.8177
2010-01-13,86.9341,40.5352,111.54,72.0101,77.8517
2010-01-14,87.1693,40.5702,112.03,72.1963,77.8347
2010-01-15,86.1909,40.0979,110.86,72.4309,77.8347
2010-01-18,86.1909,40.0979,110.86,72.4309,77.8347
2010-01-19,87.2679,40.7451,111.52,72.3757,77.8347
2010-01-20,86.3805,40.1591,108.94,72.486,77.8347
2010-01-21,84.7195,39.7831,107.37,72.6219,77.8347
2010-01-22,82.8309,38.6199,107.17,72.555,77.8347
2010-01-25,83.2556,38.7511,107.48,72.3688,77.8517
2010-01-26,82.9067,38.7861,107.56,72.5895,77.8517
2010-01-27,83.3011,39.0922,106.528,72.3964,77.8687
2010-01-28,82.3455,38.0865,106.48,72.4929,77.8517
2010-01-29,81.4505,37.4218,105.96,72.7619,77.8687
2010-02-01,82.7171,37.8328,108.35,72.733,77.8517
2010-02-02,83.7183,38.1739,109.13,72.8643,77.8347
2010-02-03,83.3011,38.3838,108.7,72.5672,77.8687
2010-02-04,80.73,37.2731,104.37,72.7601,77.8687
2010-02-05,80.8968,37.588,104.68,72.6294,77.8687
2010-02-08,80.3128,37.3169,104.04,72.5188,77.8687
2010-02-09,81.3216,37.7017,105.41,72.27,77.8687
2010-02-10,81.1623,37.623,105.12,72.0557,77.8687
2010-02-11,82.0118,38.1914,107.13,71.883,77.8687
2010-02-12,81.9435,38.2701,107.04,71.883,77.8687
2010-02-15,81.9435,38.2701,107.04,71.883,77.8687
2010-02-16,83.2329,38.7599,109.62,72.0903,77.8687
2010-02-17,83.6273,38.9785,109.25,71.9521,77.8177
2010-02-18,84.1203,39.2234,109.98,71.8899,77.8517
2010-02-19,84.2947,39.2059,109.47,71.7655,77.8177
2010-02-22,84.3099,39.1272,109.07,71.5851,77.8517
2010-02-23,83.286,38.6199,107.89,71.8069,77.8177
2010-02-24,84.052,39.0135,107.36,71.6687,77.8517
2010-02-25,83.9382,39.0047,108.31,71.6687,77.8517
2010-02-26,83.9913,39.1447,109.43,71.8138,77.8517
2010-03-01,84.8636,39.7131,109.43,71.8238,77.8177
2010-03-02,85.0987,39.8356,111.02,71.8791,77.8347
2010-03-03,85.1745,39.8793,111.63,71.8515,77.8177
2010-03-04,85.4324,40.0105,110.83,71.9275,77.8177
2010-03-05,86.6535,40.6139,110.81,71.7685,77.8177
2010-03-08,86.6687,40.6926,109.88,71.7063,77.8177
2010-03-09,86.8128,40.92,109.718,71.8307,77.8177
2010-03-10,87.1996,41.2523,108.47,71.7547,77.8347
2010-03-11,87.5637,41.4097,108.6,71.8377,77.8177
2010-03-12,87.5712,41.4185,107.95,72.0243,77.8177
2010-03-15,87.594,41.3135,108.36,72.0104,77.8177
2010-03-16,88.2918,41.5759,110.4,72.28,77.8177
2010-03-17,88.8151,41.6896,109.59,72.432,77.8177
2010-03-18,88.7696,41.8295,110.34,72.1418,77.8177
2010-03-19,88.3224,41.5772,108.28,72.0035,77.8177
2010-03-22,88.7946,41.9536,107.75,72.1694,77.8347
2010-03-23,89.4191,42.2447,108.32,72.1141,77.8347
2010-03-24,88.985,42.0412,106.3,71.5336,77.8177
2010-03-25,88.8403,41.9799,106.78,71.4368,77.8517
2010-03-26,88.787,42.0237,108.59,71.5266,77.8517
2010-03-29,89.3506,42.225,108.75,71.4368,77.8177
2010-03-30,89.4115,42.3651,107.97,71.499,77.8177
2010-03-31,89.1068,42.1638,108.95,71.81,77.8517
2010-04-01,89.7161,42.1638,110.26,71.7972,77.8517
2010-04-02,89.7161,42.1638,110.26,71.7972,77.8517
2010-04-05,90.4473,42.5577,110.89,71.2905,77.8177
2010-04-06,90.6605,42.6803,111.03,71.5751,77.8177
2010-04-07,90.1426,42.5752,112.49,72.0818,77.8177
2010-04-08,90.4549,42.6715,112.65,72.0124,77.8177
2010-04-09,91.0489,42.9254,113.64,72.0887,77.8177
2010-04-12,91.1936,42.9605,113.01,72.29,77.8177
2010-04-13,91.2622,43.1793,112.69,72.3525,77.8177
2010-04-14,92.2979,43.6959,113.03,72.2623,77.8177
2010-04-15,92.3741,43.8885,113.65,72.4705,77.8177
2010-04-16,90.9042,43.3632,111.24,72.6371,77.8177
2010-04-19,91.2469,43.3369,111.15,72.4636,77.8347
2010-04-20,92.0618,43.5558,111.46,72.6371,77.8177
2010-04-21,91.8943,43.8009,112.31,72.8592,77.8177
2010-04-22,92.1685,44.0461,111.84,72.651,77.8177
2010-04-23,92.7701,44.2299,113.19,72.6579,77.8177
2010-04-26,92.4198,44.1336,112.75,72.7204,77.8347
2010-04-27,90.234,43.1968,114.63,73.1438,77.8177
2010-04-28,90.9194,43.2231,114.31,72.998,77.8347
2010-04-29,92.0466,43.976,114.28,73.3798,77.8347
2010-04-30,90.4853,43.1071,115.36,73.6158,77.8177
2010-05-03,91.6582,43.7134,115.73,73.4862,77.8347
2010-05-04,89.5029,42.4001,114.87,73.5974,77.8177
2010-05-05,88.9698,42.1813,115.09,73.6322,77.8347
2010-05-06,86.0148,40.7717,118.486,73.9658,77.8517
2010-05-07,84.7353,39.7562,118.27,73.806,77.8517
2010-05-10,88.4671,41.8223,117.57,73.5974,77.8517
2010-05-11,88.2158,41.7785,120.656,73.7364,77.8517
2010-05-12,89.4496,42.5665,121.4,73.8268,77.8517
2010-05-13,88.3376,41.8924,120.56,73.8894,77.8347
2010-05-14,86.7383,41.0869,120.37,74.1049,77.8517
2010-05-17,86.784,41.2182,119.36,73.8477,77.8517
2010-05-18,85.6035,40.6492,119.49,74.23,77.8347
2010-05-19,85.1161,40.3252,116.63,73.7573,77.8517
2010-05-20,81.9021,38.8281,115.84,73.7517,77.8517
2010-05-21,83.0978,39.2571,115.22,73.799,77.8517
2010-05-24,82.0316,39.0995,116.84,73.7225,77.8517
2010-05-25,82.1154,39.1346,117.36,73.4792,77.8517
2010-05-26,81.6203,38.6968,118.47,73.6183,77.8687
2010-05-27,84.3545,40.1589,118.69,73.3471,77.8347
2010-05-28,83.2959,39.9225,118.881,73.7573,77.8517
2010-05-31,83.2959,39.9225,118.881,73.7573,77.8517
2010-06-01,81.8945,39.5548,119.91,73.6192,77.8517
2010-06-02,84.027,40.4916,119.78,73.5424,77.8687
2010-06-03,84.3164,40.8768,117.96,73.5773,77.8347
2010-06-04,81.3538,39.4782,119.19,74.0455,77.8687
2010-06-07,80.3409,38.7581,121.49,74.1084,77.8483
2010-06-08,81.2015,38.688,121.0025,73.9197,77.8687
2010-06-09,80.7674,38.3641,120.56,73.9966,77.8687
2010-06-10,83.1283,39.4585,118.975,73.4515,77.8687
2010-06-11,83.532,39.8349,120.01,73.8778,77.8687
2010-06-14,83.4025,39.8262,119.6,73.8778,77.8347
2010-06-15,85.2989,40.8943,120.99,73.7799,77.8347
2010-06-16,85.2684,41.0606,120.33,74.0105,77.8347
2010-06-17,85.4055,41.192,121.9,74.3669,77.8347
2010-06-18,85.4979,41.2264,122.83,74.2411,77.8517
2010-06-21,85.253,40.8755,120.39,74.283,77.8347
2010-06-22,83.845,40.5597,121.45,74.4577,77.8517
2010-06-23,83.5848,40.3931,120.95,74.4717,77.8517
2010-06-24,82.1998,39.7791,121.3,74.2621,77.8517
2010-06-25,82.5441,39.7089,122.76,74.5206,77.8517
2010-06-28,82.2839,39.5685,121.09,74.6953,77.8517
2010-06-29,79.7434,38.0423,121.27,74.7582,77.8517
2010-06-30,78.9858,37.4634,121.68,74.7023,77.8653
2010-07-01,78.6338,37.3581,117.04,74.2765,77.8517
2010-07-02,78.2053,37.2528,118.49,74.1364,77.8517
2010-07-05,78.2053,37.2528,118.49,74.1364,77.8517
2010-07-06,78.718,37.3669,116.51,74.2204,77.8347
2010-07-07,81.1973,38.5598,117.73,73.9122,77.8347
2010-07-08,82.0008,38.7703,117.21,74.0243,77.8517
2010-07-09,82.613,39.1387,118.36,74.0803,77.8347
2010-07-12,82.6665,39.2528,117.34,74.0313,77.8517
2010-07-13,83.9138,39.7615,118.36,73.9472,77.8517
2010-07-14,83.9062,39.9633,118.3,74.1574,77.8517
2010-07-15,83.9292,39.9983,118.23,74.2485,77.8517
2010-07-16,81.6182,38.8931,116.67,74.0733,77.8517
2010-07-19,82.1003,39.2264,115.73,73.7861,77.8347
2010-07-20,83.0109,39.7001,116.65,73.8701,77.8347
2010-07-21,81.9319,39.1563,115.85,74.2555,77.8347
2010-07-22,83.7608,40.1475,116.863,74.1854,77.8347
2010-07-23,84.4878,40.4018,116.09,73.9962,77.8517
2010-07-26,85.3678,40.7352,115.52,74.0243,77.8177
2010-07-27,85.3601,40.7176,113.51,73.9192,77.8177
2010-07-28,84.8092,40.3931,113.78,74.1644,77.8347
2010-07-29,84.3959,40.0948,114.288,74.2555,77.8177
2010-07-30,84.3806,40.1826,115.49,74.5217,77.8347
2010-08-02,86.286,40.9369,115.54,74.6563,77.8177
2010-08-03,85.8728,40.7615,115.99,75.0493,77.8177
2010-08-04,86.4467,41.172,116.72,74.7966,77.8177
2010-08-05,86.3549,41.0773,116.98,75.0704,77.8177
2010-08-06,86.0029,41.0158,117.84,75.1406,77.8177
2010-08-09,86.462,41.2965,117.4,75.1055,77.8177
2010-08-10,85.9952,40.9391,117.73,75.5687,77.8347
2010-08-11,83.6384,39.8229,117.34,75.5617,77.8517
2010-08-12,83.1257,39.5071,118.77,75.0634,77.8517
2010-08-13,82.8808,39.2264,118.74,75.2599,77.8517
2010-08-16,82.8425,39.2966,119.73,75.5055,77.8347
2010-08-17,83.8603,39.7984,119.75,75.3371,77.8517
2010-08-18,84.0133,39.9545,120.22,75.295,77.8347
2010-08-19,82.5518,39.3493,120.39,75.302,77.8347
2010-08-20,82.2839,39.4019,119.97,75.2107,77.8517
2010-08-23,81.9702,39.0159,119.78,75.2107,77.8347
2010-08-24,80.7535,38.2879,120.36,75.4634,77.8347
2010-08-25,81.0672,38.6563,121.36,75.4634,77.8517
2010-08-26,80.5239,38.1914,120.96,75.8705,77.8347
2010-08-27,81.7712,38.6563,121.01,75.4213,77.8347
2010-08-30,80.5851,38.2528,120.91,75.7582,77.8517
2010-08-31,80.5851,38.1212,122.08,75.9687,77.8347
2010-09-01,82.9956,39.2615,121.69,75.646,77.8381
2010-09-02,83.7685,39.7001,122.29,75.5055,77.8517
2010-09-03,84.8551,40.358,121.86,75.3862,77.8517
2010-09-06,84.8551,40.358,121.86,75.3862,77.8517
2010-09-07,83.8985,40.0861,122.7,75.8074,77.8347
2010-09-08,84.4878,40.5685,122.71,75.5828,77.8347
2010-09-09,84.878,40.7264,121.56,75.4143,77.8347
2010-09-10,85.3065,40.8755,121.73,75.4915,77.8347
2010-09-13,86.2554,41.4457,121.62,76.004,77.8347
2010-09-14,86.2019,41.6211,124.024,75.9268,77.8517
2010-09-15,86.5309,41.8842,123.94,75.7653,77.8517
2010-09-16,86.5079,42.0509,124.63,75.6108,77.8517
2010-09-17,86.5402,42.197,124.5425,75.3932,77.8347
2010-09-20,87.8634,42.931,124.87,75.6881,77.8347
2010-09-21,87.6865,42.9223,126.01,76.6569,77.8347
2010-09-22,87.2556,42.808,126.2,76.7622,77.8347
2010-09-23,86.5479,42.7904,126.3,76.706,77.8347
2010-09-24,88.3327,43.6608,126.69,76.3234,77.8517
2010-09-27,87.9096,43.4235,126.72,76.5446,77.8517
2010-09-28,88.2173,43.4059,127.85,77.0781,77.8347
2010-09-29,88.0634,43.3355,127.95,76.7341,77.8347
2010-09-30,87.8019,43.1421,127.91,76.5656,77.8347
2010-10-01,88.1711,43.0894,128.91,76.773,77.8347
2010-10-04,87.5095,42.6234,128.46,76.8925,77.8517
2010-10-05,89.2712,43.6608,130.99,77.3845,77.8347
2010-10-06,89.2636,43.2828,131.81,78.0664,77.8347
2010-10-07,89.1558,43.441,130.37,77.8906,77.8347
2010-10-08,89.6559,43.74,131.66,78.4038,77.8347
2010-10-11,89.7405,43.7576,132.292,78.4038,77.8347
2010-10-12,90.0175,44.0565,131.96,78.1648,77.8347
2010-10-13,90.7176,44.417,134.07,78.6357,77.8347
2010-10-14,90.3637,44.329,134.75,78.8818,77.8517
2010-10-15,90.5483,45.2698,133.68,78.3757,77.8347
2010-10-18,90.9945,45.1027,134.28,78.5514,77.8517
2010-10-19,89.8021,44.6807,130.11,78.5936,77.8347
2010-10-20,90.6791,45.006,131.32,78.5725,77.8347
2010-10-21,90.8791,45.0939,129.47,78.5725,77.8347
2010-10-22,91.0484,45.4017,129.73,78.5936,77.8517
2010-10-25,91.3176,45.6215,130.85,78.8326,77.8347
2010-10-26,91.333,45.7445,130.88,78.4038,77.8517
2010-10-27,91.0714,45.8852,129.52,77.9188,77.8517
2010-10-28,91.0868,45.9819,131.24,78.1999,77.8347
2010-10-29,91.1561,45.8764,132.62,78.46,77.8517
2010-11-01,91.1868,45.9116,131.92,78.5829,77.8432
2010-11-02,91.91,46.4039,132.49,78.7731,77.8177
2010-11-03,92.2793,46.6149,131.57,78.6322,77.8347
2010-11-04,94.0564,47.1864,136.03,78.8224,77.8347
2010-11-05,94.4103,47.1864,136.38,78.5547,77.8347
2010-11-08,94.2333,47.2458,137.78,78.6604,77.8347
2010-11-09,93.5563,46.993,135.59,77.9488,77.8347
2010-11-10,93.9333,47.226,137.24,78.1391,77.8347
2010-11-11,93.5794,46.9358,137.66,78.1461,77.8177
2010-11-12,92.4716,46.1666,133.69,77.5078,77.8517
2010-11-15,92.3408,45.9951,132.42,76.5327,77.8432
2010-11-16,90.9022,45.2346,130.968,76.6736,77.8517
2010-11-17,90.9484,45.3665,130.38,76.6877,77.8517
2010-11-18,92.287,46.0962,132.088,76.8145,77.8347
2010-11-19,92.5408,46.1314,132.2,77.033,77.8347
2010-11-22,92.4639,46.5182,133.48,77.3007,77.8347
2010-11-23,91.1253,45.7797,134.41,77.3289,77.8347
2010-11-24,92.4716,46.7029,134.18,76.9202,77.8517
2010-11-25,92.4716,46.7029,134.18,76.9202,77.8517
2010-11-26,91.3946,46.3951,133.11,77.1457,77.8517
2010-11-29,91.6715,46.36,133.508,77.2302,77.8517
2010-11-30,91.1561,45.7929,135.42,77.1316,77.8517
2010-12-01,93.0947,46.7644,135.38,76.6304,77.8347
2010-12-02,94.2872,47.2392,135.2,76.6022,77.8347
2010-12-03,94.541,47.3623,138.07,76.5951,77.8517
2010-12-06,94.441,47.3403,139.11,76.8986,77.8347
2010-12-07,94.4949,47.3711,136.5,76.1364,77.8347
2010-12-08,94.8411,47.5469,134.79,75.3919,77.8347
2010-12-09,95.2104,47.5952,135.37,75.3037,77.8517
2010-12-10,95.7643,47.9118,135.408,74.9368,77.8517
2010-12-13,95.8258,47.7403,136.05,75.3884,77.8517
2010-12-14,95.9104,47.8238,136.18,74.6686,77.8517
2010-12-15,95.4719,47.6172,134.7,74.9015,77.8347
2010-12-16,96.0258,47.9865,133.81,75.2331,77.8347
2010-12-17,96.128,48.029,134.2,75.7412,77.8517
2010-12-20,96.36,48.0642,135.11,75.7342,77.8517
2010-12-21,96.9709,48.3549,135.32,75.8612,77.8517
2010-12-22,97.2725,48.3505,135.05,75.8048,77.8347
2010-12-23,97.1333,48.2245,134.66,75.5225,77.8347
2010-12-24,97.1333,48.2245,134.66,75.5225,77.8347
2010-12-27,97.172,48.2492,135.02,75.6848,77.8347
2010-12-28,97.3112,48.1611,137.22,75.1221,77.8517
2010-12-29,97.3808,48.2668,137.71,75.6102,77.8347
2010-12-30,97.2261,48.1523,137.03,75.5395,77.8517
2010-12-31,97.2493,47.9761,138.72,76.063,77.8347
2011-01-03,98.2547,48.7249,138,75.7446,77.8517
2011-01-04,98.2005,48.6853,134.75,75.9356,77.8517
2011-01-05,98.711,49.1037,134.37,75.6456,77.8517
2011-01-06,98.5176,49.2623,133.83,75.8649,77.8517
2011-01-07,98.3243,49.2182,133.58,76.1054,77.8347
2011-01-10,98.2005,49.4032,134.12,76.3247,77.8517
2011-01-11,98.5486,49.4737,134.91,76.353,77.8517
2011-01-12,99.4379,49.8217,135.46,76.3318,77.8347
2011-01-13,99.2755,49.8393,134.05,76.5653,77.8347
2011-01-14,99.9947,50.2137,132.69,76.2328,77.8347
2011-01-17,99.9947,50.2137,132.69,76.2328,77.8347
2011-01-18,100.1649,50.3547,133.43,76.2469,77.8347
2011-01-19,99.1827,49.782,133.72,76.2752,77.8517
2011-01-20,99.0512,49.4297,131.2,75.5536,77.8517
2011-01-21,99.2755,49.0509,131.03,75.6951,77.8347
2011-01-24,99.8401,49.7292,130.36,75.6456,77.8347
2011-01-25,99.8942,49.8019,130.1,75.9427,77.8517
2011-01-26,100.2809,50.0639,131.16,75.8154,77.8347
2011-01-27,100.5283,50.3723,127.925,75.7659,77.8517
2011-01-28,98.7728,49.0949,130.28,76.0559,77.8347
2011-01-31,99.5153,49.3328,129.87,76.0771,77.8347
2011-02-01,101.1084,50.2578,130.8,76.0093,77.8347
2011-02-02,100.915,50.1741,130.45,75.8038,77.8347
2011-02-03,101.1393,50.2644,132.2,75.4071,77.8347
2011-02-04,101.4254,50.5441,131.66,74.982,77.8517
2011-02-07,102.0596,50.7863,131.68,74.9678,77.8347
2011-02-08,102.5236,51.1167,133.14,74.5781,77.8347
2011-02-09,102.2916,51.033,133.07,74.7907,77.8517
2011-02-10,102.3303,51.1131,132.85,74.3301,77.8347
2011-02-11,102.9412,51.4823,132.3225,74.7127,77.8347
2011-02-14,103.1887,51.6056,132.95,74.7694,77.8347
2011-02-15,102.8639,51.5351,133.97,74.8615,77.8517
2011-02-16,103.5135,51.8708,134.1,74.7552,77.8517
2011-02-17,103.8228,51.8523,135.04,75.0386,77.8517
2011-02-18,104.0394,51.7377,135.41,75.4283,77.8347
2011-02-21,104.0394,51.7377,135.41,75.4283,77.8347
2011-02-22,101.9513,50.2401,136.29,76.0235,77.8347
2011-02-23,101.3249,49.8261,137.51,76.2998,77.8432
2011-02-24,101.2553,50.086,136.48,76.5761,77.8432
2011-02-25,102.338,50.7863,137.384,76.8312,77.8517
2011-02-28,102.9721,50.8911,137.661,76.6257,77.8347
2011-03-01,101.2553,50.0728,140.03,77.0681,77.8347
2011-03-02,101.4718,50.337,139.917,76.8408,77.8517
2011-03-03,103.2196,51.3281,138.09,76.6348,77.8347
2011-03-04,102.4463,51.066,139.35,77.1462,77.8449
2011-03-07,101.642,50.3811,139.721,77.0823,77.8347
2011-03-08,102.5313,50.5837,139.36,77.132,77.8347
2011-03-09,102.3844,50.2401,139.41,77.2386,77.8347
2011-03-10,100.4897,49.4561,137.77,77.6789,77.8347
2011-03-11,101.1857,49.7644,138.22,77.5511,77.8517
2011-03-14,100.5747,49.5882,138.86,77.6647,77.8517
2011-03-15,99.4224,48.8835,136.27,77.6434,77.8687
2011-03-16,97.5819,47.703,136.24,78.1975,77.8687
2011-03-17,98.8734,48.1435,136.97,78.3537,77.8687
2011-03-18,99.2317,48.035,138.37,78.2969,77.8687
2011-03-21,100.7696,48.9613,139.14,77.9631,77.8687
2011-03-22,100.42,48.8687,139.05,77.7713,77.8347
2011-03-23,100.7074,49.1466,140.34,77.6434,77.8517
2011-03-24,101.6705,50.0199,139.22,77.7145,77.8347
2011-03-25,101.9812,50.1434,139.26,77.3522,77.8347
2011-03-28,101.7327,49.87,138.54,77.3948,77.8517
2011-03-29,102.4162,50.3552,138.21,77.2386,77.8347
2011-03-30,103.123,50.5934,138.67,77.5085,77.8517
2011-03-31,102.9832,50.6639,139.86,77.5369,77.8347
2011-04-01,103.4181,50.6904,139.2,77.7373,77.8347
2011-04-04,103.5035,50.5228,139.84,78.0872,77.8347
2011-04-05,103.488,50.3905,142.05,77.9444,77.8347
2011-04-06,103.8142,50.514,142.38,77.523,77.8347
2011-04-07,103.5502,50.4787,142.51,77.6587,77.8517
2011-04-08,103.1929,50.2405,143.66,77.823,77.8347
2011-04-11,102.8822,50.0729,142.64,77.7658,77.8347
2011-04-12,102.1132,49.7288,141.61,78.1586,77.8517
2011-04-13,102.1055,50.1523,141.9,78.33,77.8517
2011-04-14,102.1832,50.064,143.81,78.23,77.8347
2011-04-15,102.556,49.9758,145.05,78.8013,77.8517
2011-04-18,101.4064,49.623,145.93,78.8227,77.8347
2011-04-19,101.989,49.9317,145.93,79.1012,77.8347
2011-04-20,103.3793,51.0565,146.5,78.8298,77.8347
2011-04-21,103.9074,51.4667,146.74,78.687,77.8347
2011-04-22,103.9074,51.4667,146.74,78.687,77.8347
2011-04-25,103.7987,51.5991,146.87,78.9013,77.8347
2011-04-26,104.6919,51.8902,146.38,79.1726,77.8347
2011-04-27,105.3754,52.243,149.2,78.9798,77.8347
2011-04-28,105.7172,52.1637,149.82,79.2155,77.8347
2011-04-29,105.9657,52.1195,152.37,79.3797,77.8347
2011-05-02,105.8026,52.0225,150.414,79.511,77.8347
2011-05-03,105.422,51.7755,149.88,79.6402,77.8347
2011-05-04,104.723,51.6961,147.73,79.712,77.8687
2011-05-05,103.7754,51.4138,143.47,79.6187,77.8687
2011-05-06,104.2337,51.5814,145.3,79.6474,77.8687
2011-05-09,104.6375,51.7755,147.38,79.8125,77.8687
2011-05-10,105.5307,52.2166,147.9,79.5971,77.8687
2011-05-11,104.4201,51.8328,146.54,79.3459,77.8687
2011-05-12,104.9172,52.146,146.59,79.2525,77.8687
2011-05-13,104.1094,51.5285,145.63,79.2382,77.8517
2011-05-16,103.4492,50.6366,145.37,79.2597,77.8517
2011-05-17,103.4336,50.7786,144.74,79.3243,77.8517
2011-05-18,104.3579,51.2021,145.6,79.2813,77.8347
2011-05-19,104.6065,51.352,145.65,79.0731,77.8687
2011-05-20,103.7754,50.9595,147.49,79.0443,77.8517
2011-05-23,102.5715,50.214,147.83,79.0515,77.8517
2011-05-24,102.4861,49.9053,148.59,79.4536,77.8517
2011-05-25,102.8278,50.0993,148.58,79.4751,77.8517
2011-05-26,103.3016,50.4094,148.22,79.6689,77.8517
2011-05-27,103.6977,50.6639,149.7,79.7982,77.8517
2011-05-30,103.6977,50.6639,149.7,79.7982,77.8517
2011-05-31,104.7773,51.4844,149.64,79.59,77.8432
2011-06-01,102.4239,50.364,149.91,80.1566,77.8347
2011-06-02,102.3152,50.4699,149.5,79.8667,77.8347
2011-06-03,101.2977,49.7112,150.22,79.9899,77.8347
2011-06-06,100.2259,49.3054,150.48,80.0262,77.8347
2011-06-07,100.1637,49.2172,150.42,80.1421,77.8517
2011-06-08,99.7443,48.8643,149.81,80.1349,77.8517
2011-06-09,100.5055,48.9481,150.56,80.0407,77.8347
2011-06-10,99.1074,48.2026,149.24,80.0117,77.8517
2011-06-13,99.1851,48.2026,147.77,80.0044,77.8347
2011-06-14,100.4433,48.8202,148.67,79.787,77.8517
2011-06-15,98.6569,47.8939,149.12,80.2001,77.8517
2011-06-16,98.8744,47.7086,148.97,80.1421,77.8517
2011-06-17,99.1677,47.5593,149.94,80.0986,77.8517
2011-06-20,99.675,47.8069,150.03,79.8812,77.8432
2011-06-21,101.041,48.8325,150.76,80.0769,77.8347
2011-06-22,100.4322,48.4798,150.99,79.8957,77.8517
2011-06-23,100.1434,48.9298,148.339,80.4755,77.8517
2011-06-24,98.9804,48.081,146.26,80.7872,77.8347
2011-06-27,99.8624,48.8458,145.73,80.6567,77.8347
2011-06-28,101.1659,49.5752,146.24,80.3378,77.8347
2011-06-29,102.0323,49.7786,147.18,80.3668,77.8517
2011-06-30,103.008,50.4417,146.001,80.1856,77.8517
2011-07-01,104.53,51.2021,144.93,80.2761,77.8347
2011-07-04,104.53,51.2021,144.93,80.2761,77.8347
2011-07-05,104.4441,51.4585,147.63,80.3637,77.8347
2011-07-06,104.569,51.6265,148.91,80.5972,77.8517
2011-07-07,105.654,52.3338,149.15,80.568,77.8347
2011-07-08,104.9047,52.1924,150.25,80.9329,77.8347
2011-07-11,103.008,51.2463,151.59,81.3853,77.822
2011-07-12,102.563,50.8573,152.77,81.7137,77.8347
2011-07-13,102.9065,51.0695,154.14,81.8669,77.8517
2011-07-14,102.1962,50.4771,154.54,81.378,77.8517
2011-07-15,102.7894,51.1491,155.2,81.6334,77.8517
2011-07-18,101.9464,50.875,156.57,81.7064,77.8517
2011-07-19,103.6012,52.0332,154.66,82.115,77.8517
2011-07-20,103.5387,51.8122,156.02,81.648,77.8347
2011-07-21,104.9749,52.157,154.83,81.4802,77.8347
2011-07-22,105.0452,52.6963,156.12,81.7502,77.8517
2011-07-25,104.4598,52.5902,157.34,81.8377,77.8517
2011-07-26,104.0695,52.7185,157.77,81.8669,77.8517
2011-07-27,101.9386,51.3613,157.19,82.0201,77.8517
2011-07-28,101.642,51.4497,157.32,82.3558,77.8517
2011-07-29,100.9473,51.2817,158.29,83.3117,77.8517
2011-08-01,100.518,51.043,157.72,83.5389,77.8517
2011-08-02,97.9501,49.7521,161.52,84.089,77.8517
2011-08-03,98.4808,50.2295,161.49,83.5683,77.8517
2011-08-04,93.8678,47.8953,160.64,84.3017,77.8517
2011-08-05,93.7273,47.5947,161.75,83.3409,77.8517
2011-08-08,87.6235,44.73,167.119,84.3457,77.8517
2011-08-09,91.6979,46.8874,168.61,85.0498,77.8517
2011-08-10,87.6469,44.9687,174.58,86.6194,77.8444
2011-08-11,91.5808,46.9493,170.75,84.8151,77.8517
2011-08-12,92.1975,47.3648,169.97,85.2992,77.8517
2011-08-15,94.1488,48.0633,171.8,84.8665,77.8517
2011-08-16,93.3449,47.6566,173.92,85.0572,77.8517
2011-08-17,93.4073,47.3737,174.42,85.4972,77.8517
2011-08-18,89.3797,45.0483,177.72,84.8415,77.8177
2011-08-19,87.9201,44.2349,179.95,85.1305,77.8517
2011-08-22,87.9904,44.394,184.59,85.1085,77.8177
2011-08-23,90.8862,46.2242,177.67,84.5804,77.8517
2011-08-24,92.1662,46.5868,171.646,83.3336,77.8517
2011-08-25,90.7613,45.8264,172.36,83.9863,77.8177
2011-08-26,92.0804,46.9758,177.47,84.2357,77.8517
2011-08-29,94.7264,48.2844,173.89,83.737,77.8517
2011-08-30,94.9762,48.6027,179.1,84.2284,77.8517
2011-08-31,95.3977,48.6822,177.72,83.847,77.8517
2011-09-01,94.3986,48.2401,177.87,84.6099,77.8517
2011-09-02,91.9867,47.1084,183.238,85.5341,77.8517
2011-09-05,91.9867,47.1084,183.238,85.5341,77.8517
2011-09-06,91.3155,47.1173,182.9,85.028,77.8347
2011-09-07,93.8912,48.3109,177.08,84.8006,77.8177
2011-09-08,92.9156,48.0898,181.81,85.3067,77.8177
2011-09-09,90.4803,47.02,180.7,85.4094,77.8347
2011-09-12,91.0657,47.6212,176.67,85.116,77.8347
2011-09-13,91.9009,48.2578,178.54,84.7493,77.8177
2011-09-14,93.1731,48.9475,177.21,84.6466,77.8177
2011-09-15,94.7811,49.6725,174.4,84.4779,77.8177
2011-09-16,95.3391,50.1273,176.03,84.5072,77.8177
2011-09-19,94.3898,50.145,173.31,84.7199,77.8347
2011-09-20,94.28,49.9235,175.78,85.0867,77.8347
2011-09-21,91.5026,49.0554,173.59,85.2334,77.8347
2011-09-22,88.5449,47.461,169.05,85.0353,77.8177
2011-09-23,89.0784,47.9659,159.8,84.5439,77.8347
2011-09-26,91.1967,48.524,157.58,84.1404,77.8347
2011-09-27,92.2166,49.0289,160.63,84.2945,77.8177
2011-09-28,90.3336,48.3025,156.22,84.2578,77.8347
2011-09-29,91.0476,47.7267,157.7,83.9937,77.8347
2011-09-30,88.7724,46.4955,158.06,83.8397,77.8347
2011-10-03,86.2461,45.2997,160.96,84.6634,77.8347
2011-10-04,88.1369,46.2298,157.644,84.7222,77.8347
2011-10-05,89.7688,47.4167,159.46,84.6634,77.8347
2011-10-06,91.3928,48.2139,160.49,84.6561,77.8177
2011-10-07,90.7808,47.8951,159.18,84.3696,77.8347
2011-10-10,93.8171,49.5515,163.266,83.7892,77.8177
2011-10-11,93.9112,49.8881,162.1,83.9876,77.8347
2011-10-12,94.735,50.1361,163.26,83.635,77.8177
2011-10-13,94.5467,50.5967,162.3,83.6864,77.8347
2011-10-14,96.1629,51.5357,163.4,83.5615,77.8177
2011-10-17,94.327,50.7385,162.62,83.8774,77.8177
2011-10-18,96.1707,51.3674,161.84,84.2814,77.8347
2011-10-19,95.0331,50.3753,159.87,84.1492,77.8347
2011-10-20,95.4489,50.1273,157.77,84.1639,77.8347
2011-10-21,97.2613,50.7562,159.52,84.0757,77.8177
2011-10-24,98.4538,51.8103,161.02,84.3255,77.8177
2011-10-25,96.5395,50.7916,165.59,85.0821,77.8347
2011-10-26,97.5202,50.7296,167.4,85.0087,77.8347
2011-10-27,100.9173,52.1292,169.94,84.421,77.8177
2011-10-28,100.8938,52.2089,169.62,84.8177,77.8177
2011-10-31,98.4616,51.3319,167.34,85.5743,77.8008
2011-11-01,95.7157,49.9944,167.38,86.6175,77.8347
2011-11-02,97.277,50.4196,169.06,86.647,77.8177
2011-11-03,99.0501,51.4648,171.72,86.0427,77.8008
2011-11-04,98.4459,51.1991,170.85,86.507,77.8177
2011-11-07,99.0579,51.5623,174.98,86.9417,77.8347
2011-11-08,100.3289,52.1557,173.53,86.367,77.8347
2011-11-09,96.6258,50.3221,172.07,86.3522,77.8177
2011-11-10,97.5359,50.2956,171.14,86.5217,77.8347
2011-11-11,99.3717,51.2434,173.96,86.2564,77.8177
2011-11-14,98.4303,50.9245,173.2,86.3743,77.8347
2011-11-15,98.9167,51.4914,173.36,86.0427,77.8177
2011-11-16,97.3476,50.641,171.51,85.7996,77.8347
2011-11-17,95.802,49.4541,167.1,85.7922,77.8347
2011-11-18,95.7,49.0732,167.62,85.8143,77.8347
2011-11-21,93.8798,48.1342,163.5,85.6596,77.8347
2011-11-22,93.5111,48.2937,165.31,85.9248,77.8177
2011-11-23,91.4477,47.2041,164.83,86.2859,77.8347
2011-11-24,91.4477,47.2041,164.83,86.2859,77.8347
2011-11-25,91.2751,46.841,163.4,86.0133,77.8347
2011-11-28,93.9191,48.4708,166.63,86.2933,77.8347
2011-11-29,94.1858,48.1696,166.88,86.2712,77.8008
2011-11-30,98.0615,49.9501,170.13,86.0206,77.8177
2011-12-01,98.0458,50.2956,169.63,85.9916,77.8008
2011-12-02,97.9595,50.1538,169.82,86.383,77.8177
2011-12-05,99.0265,50.703,167.32,86.3682,77.8177
2011-12-06,99.0579,50.5613,168.18,86.1541,77.8347
2011-12-07,99.4266,50.5613,169.4,86.0064,77.8177
2011-12-08,97.2456,49.7109,165.976,86.0433,77.8177
2011-12-09,98.8931,50.5082,166.4,85.5855,77.8008
2011-12-12,97.4496,49.9412,161.99,85.9842,77.8008
2011-12-13,96.5395,49.392,158.45,86.2205,77.8008
2011-12-14,95.5117,48.6214,152.89,86.3903,77.8092
2011-12-15,95.8569,48.4885,152.33,86.1762,77.8008
2011-12-16,95.9982,48.737,155.23,86.3682,77.8177
2011-12-19,94.9719,48.2573,154.87,86.7152,77.8177
2011-12-20,97.8457,49.6876,156.98,86.7669,77.8177
2011-12-21,98.0352,48.9769,157.16,86.4273,77.8177
2011-12-22,98.9037,49.3944,156.04,86.383,77.8177
2011-12-23,99.788,49.8209,156.31,86.2796,77.8177
2011-12-26,99.788,49.8209,156.31,86.2796,77.8177
2011-12-27,99.8669,49.963,154.91,86.0433,77.8008
2011-12-28,98.5563,49.3855,151.03,86.2648,77.804
2011-12-29,99.5748,49.7409,150.34,86.191,77.804
2011-12-30,99.0853,49.5988,151.99,86.1614,77.804
2012-01-02,99.0853,49.5988,151.99,86.1614,77.804
2012-01-03,100.6643,50.5493,155.92,86.1319,77.787
2012-01-04,100.8222,50.7625,156.71,86.2131,77.787
2012-01-05,101.0907,51.1801,157.78,86.3756,77.787
2012-01-06,100.8301,51.3578,157.2,86.6635,77.787
2012-01-09,101.0749,51.189,156.5,86.7522,77.7955
2012-01-10,101.9512,51.5621,158.64,86.4863,77.7955
2012-01-11,102.0065,51.6687,159.67,86.7079,77.787
2012-01-12,102.2513,51.873,160.38,86.5749,77.787
2012-01-13,101.7223,51.6865,159.26,86.8186,77.787
2012-01-16,101.7223,51.6865,159.26,86.8186,77.787
2012-01-17,102.117,52.1573,160.5,86.9072,77.787
2012-01-18,103.2461,52.8503,161.6,86.8408,77.787
2012-01-19,103.7908,53.179,161.22,86.5233,77.7917
2012-01-20,104.1777,53.099,162.07,86.346,77.787
2012-01-23,103.9093,53.1168,163.16,86.1688,77.787
2012-01-24,103.7908,53.0191,162.01,86.1762,77.787
2012-01-25,104.6593,53.6853,166.42,86.8408,77.787
2012-01-26,104.1224,53.4988,167.27,87.2395,77.787
2012-01-27,104.0751,53.6587,168.97,87.4241,77.787
2012-01-30,103.7198,53.7031,168.03,87.712,77.804
2012-01-31,103.6803,53.7742,169.31,88.1329,77.787
2012-02-01,104.5883,54.2095,169.56,88.0812,77.787
2012-02-02,104.7541,54.3783,171.05,88.0812,77.787
2012-02-03,106.2226,55.1245,167.64,87.3429,77.787
2012-02-06,106.1515,55.0801,167.18,87.7342,77.804
2012-02-07,106.42,55.1956,169.7,87.4093,77.787
2012-02-08,106.7358,55.4888,168.5,87.3872,77.804
2012-02-09,106.87,55.8885,168.02,87.0549,77.787
2012-02-10,106.0805,55.5021,167.14,87.461,77.804
2012-02-13,106.87,56.0129,167.51,87.6382,77.787
2012-02-14,106.7358,56.1551,167.12,87.6382,77.804
2012-02-15,106.2384,55.7642,168.108,87.8007,77.787
2012-02-16,107.4148,56.5282,168,87.5791,77.804
2012-02-17,107.699,56.3505,167.35,87.3724,77.787
2012-02-20,107.699,56.3505,167.35,87.3724,77.787
2012-02-21,107.7464,56.5104,171.02,87.3207,77.787
2012-02-22,107.399,56.2528,172.94,87.8154,77.787
2012-02-23,107.8727,56.6259,173.02,87.845,77.787
2012-02-24,108.1095,56.8214,172.231,87.8671,77.804
2012-02-27,108.2911,56.9013,171.7,88.0074,77.787
2012-02-28,108.6069,57.4788,173.49,88.0222,77.787
2012-02-29,108.1806,57.2211,164.286,87.6234,77.804
2012-03-01,108.7412,57.6742,166.61,87.4093,77.787
2012-03-02,108.4096,57.6298,166.34,87.4167,77.787
2012-03-05,107.9674,57.0346,165.65,87.018,77.787
2012-03-06,106.3884,56.4749,162.7,87.269,77.787
2012-03-07,107.1305,56.9102,163.63,87.461,77.787
2012-03-08,108.1964,57.5232,165.28,87.4241,77.804
2012-03-09,108.6148,57.7631,166.3799,87.5791,77.804
2012-03-12,108.6227,57.7897,165.07,87.6899,77.8038
2012-03-13,110.5807,58.8647,162.3,87.4758,77.804
2012-03-14,110.4623,59.069,159.57,86.6636,77.787
2012-03-15,111.1018,59.2378,161.08,86.7817,77.787
2012-03-16,111.2549,59.1959,161.3,86.8334,77.787
2012-03-19,111.691,59.6141,161.59,86.6073,77.804
2012-03-20,111.3659,59.7209,160.13,86.5233,77.804
2012-03-21,111.1835,59.7298,160.21,86.6884,77.804
2012-03-22,110.3826,59.6052,159.57,86.7817,77.804
2012-03-23,110.7395,59.5687,161.5329,87.0623,77.7955
2012-03-26,112.2937,60.6108,164.4,86.8112,77.804
2012-03-27,111.9448,60.6998,163.24,87.1213,77.787
2012-03-28,111.3897,60.4577,161.51,87.0106,77.804
2012-03-29,111.1994,60.2282,161.28,87.1583,77.787
2012-03-30,111.6593,60.1125,162.12,86.8703,77.787
2012-04-02,112.4761,60.7354,162.94,87.3086,77.77
2012-04-03,112.0162,60.7176,159.89,86.6645,77.787
2012-04-04,110.906,59.89,157.21,86.6793,77.77
2012-04-05,110.8505,60.2637,158.31,86.9088,77.787
2012-04-06,110.8505,60.2637,158.31,86.9088,77.787
2012-04-09,109.6055,59.8099,159.37,87.3086,77.804
2012-04-10,107.7658,58.8488,161.1,87.8121,77.804
2012-04-11,108.6381,59.1336,161.065,87.9528,77.804
2012-04-12,110.0575,59.8054,162.7,87.7899,77.787
2012-04-13,108.7491,58.9022,160.85,88.1601,77.77
2012-04-16,108.6777,58.2437,160.46,88.1083,77.787
2012-04-17,110.2875,59.4272,160.27,88.3008,77.787
2012-04-18,109.9148,59.276,159.31,88.1749,77.787
2012-04-19,109.209,58.6085,159.43,87.9676,77.804
2012-04-20,109.3914,58.4484,159.54,88.1897,77.787
2012-04-23,108.4716,57.9144,159.07,88.286,77.804
2012-04-24,108.8839,57.603,159.3,88.3082,77.804
2012-04-25,110.3747,59.1336,159.62,88.2712,77.787
2012-04-26,111.1439,59.4806,161.03,88.6043,77.7955
2012-04-27,111.3263,59.8366,161.38,88.5155,77.787
2012-04-30,110.9139,59.4094,161.88,88.4192,77.804
2012-05-01,111.6038,59.5073,161.32,88.4534,77.804
2012-05-02,111.2708,59.6764,160.59,88.55,77.804
2012-05-03,110.4223,59.0446,158.97,88.4385,77.787
2012-05-04,108.6381,57.5763,159.47,88.6243,77.787
2012-05-07,108.7174,57.6297,159.08,88.6169,77.804
2012-05-08,108.2812,57.4161,156,88.7803,77.804
2012-05-09,107.6389,57.239,154.47,88.6763,77.804
2012-05-10,107.861,57.1224,154.77,88.6615,77.804
2012-05-11,107.5358,57.1135,153.56,88.706,77.804
2012-05-14,106.3464,56.5796,151.33,89.1221,77.804
2012-05-15,105.7358,56.3927,149.74,89.2262,77.804
2012-05-16,105.3314,56.01,149.46,89.0478,77.804
2012-05-17,103.7692,54.8265,152.8,89.3376,77.804
2012-05-18,102.8811,54.1146,154.55,89.5457,77.7955
2012-05-21,104.6494,55.6274,154.65,89.672,77.804
2012-05-22,104.8318,55.5651,152.08,89.4788,77.7785
2012-05-23,104.8873,55.6719,151.62,89.4862,77.7785
2012-05-24,105.0935,55.307,151.41,89.3674,77.804
2012-05-25,104.7525,55.2358,152.68,89.4491,77.804
2012-05-28,104.7525,55.2358,152.68,89.4491,77.804
2012-05-29,106.0213,55.9389,151.02,89.189,77.804
2012-05-30,104.4829,55.4672,151.91,89.7092,77.8012
2012-05-31,104.2529,55.2269,151.62,90.1401,77.804
2012-06-01,101.6281,53.7577,157.5,90.5149,77.804
2012-06-04,101.5806,54.168,157.32,90.3428,77.804
2012-06-05,102.3498,54.3904,157.14,90.268,77.804
2012-06-06,104.6494,55.6363,157.21,89.8417,77.787
2012-06-07,104.7128,55.4138,154.5,89.8267,77.787
2012-06-08,105.5455,55.9478,154.73,89.894,77.787
2012-06-11,104.2053,55,155.36,89.8866,77.787
2012-06-12,105.4027,55.6719,156.4594,89.6921,77.804
2012-06-13,104.7287,55.2892,157.12,89.894,77.804
2012-06-14,105.8389,55.4939,157.75,89.7744,77.804
2012-06-15,106.9159,56.1819,157.84,90.3428,77.787
2012-06-18,107.1232,56.7081,157.93,90.298,77.804
2012-06-19,108.1593,57.2959,157.16,90.2007,77.77
2012-06-20,107.984,57.3414,155.97,90.081,77.77
2012-06-21,105.561,55.9143,152.015,89.6996,77.804
2012-06-22,106.3739,56.503,152.64,89.2657,77.787
2012-06-25,104.6683,55.4149,153.76,89.6771,77.804
2012-06-26,105.1943,55.7627,152.62,89.6173,77.804
2012-06-27,106.1428,56.1016,152.83,89.707,77.787
2012-06-28,105.8399,55.4773,151.05,89.7444,77.804
2012-06-29,108.4782,57.2254,155.19,89.535,77.77
2012-07-02,108.8049,57.3949,155.09,89.7246,77.77
2012-07-03,109.5223,57.8765,157.46,89.8822,77.77
2012-07-04,109.5223,57.8765,157.46,89.8822,77.77
2012-07-05,109.0281,57.9122,155.68,90.0772,77.77
2012-07-06,107.992,57.1898,153.71,90.2123,77.77
2012-07-09,107.8565,57.0827,154.04,90.3848,77.77
2012-07-10,106.9159,56.5208,152.15,90.6174,77.77
2012-07-11,106.9319,56.2087,152.99,90.5273,77.77
2012-07-12,106.4138,55.6824,152.59,90.7074,77.77
2012-07-13,108.1992,56.5297,154.14,90.7524,77.787
2012-07-16,107.9441,56.3692,154.21,90.8574,77.77
2012-07-17,108.6854,56.6635,153.47,90.7374,77.7785
2012-07-18,109.4904,57.4306,153.05,90.7599,77.77
2012-07-19,109.7773,58.0638,153.38,90.8424,77.787
2012-07-20,108.7731,57.2923,153.67,91.1275,77.77
2012-07-23,107.6731,56.6011,153.03,91.0525,77.77
2012-07-24,106.7486,56.1551,153.52,91.105,77.787
2012-07-25,106.7725,55.7805,155.67,91.0075,77.7955
2012-07-26,108.5339,56.5208,156.77,90.8799,77.787
2012-07-27,110.5345,57.8587,157.54,90.6174,77.804
2012-07-30,110.5345,57.8141,157.43,90.8724,77.804
2012-07-31,109.7614,57.7963,156.49,91.105,77.77
2012-08-01,109.6658,57.6268,155.14,91.1425,77.787
2012-08-02,108.9086,57.4217,154.13,91.1275,77.787
2012-08-03,111.0686,58.5098,155.55,90.9625,77.787
2012-08-06,111.2838,58.9558,156.3,91.0225,77.804
2012-08-07,111.8417,59.4463,156.28,90.8274,77.787
2012-08-08,111.9772,59.4196,156.48,90.5573,77.77
2012-08-09,112.0728,59.5979,156.99,90.3848,77.77
2012-08-10,112.2562,59.6336,157.18,90.4448,77.77
2012-08-13,112.2004,59.7763,155.99,90.3248,77.77
2012-08-14,112.2163,59.8031,155.13,89.9272,77.77
2012-08-15,112.3438,59.9547,155.63,89.2595,77.77
2012-08-16,113.1728,60.6682,156.56,89.0419,77.77
2012-08-17,113.3242,60.9358,156.72,89.162,77.77
2012-08-20,113.3322,61.025,157.26,89.117,77.77
2012-08-21,112.9894,60.7842,158.83,89.177,77.77
2012-08-22,113.0373,61.0339,160.54,89.9047,77.77
2012-08-23,112.1127,60.5345,161.89,90.3248,77.77
2012-08-24,112.7902,60.9091,161.97,90.3098,77.77
2012-08-27,112.8141,61.0072,161.36,90.6024,77.77
2012-08-28,112.7025,61.0072,161.64,90.8349,77.7785
2012-08-29,112.7902,61.0072,160.59,90.5273,77.77
2012-08-30,111.9772,60.3918,160.52,90.4598,77.77
2012-08-31,112.5112,60.7931,164.22,90.8799,77.7785
2012-09-03,112.5112,60.7931,164.22,90.8799,77.7785
2012-09-04,112.4076,60.7307,164.48,90.7599,77.77
2012-09-05,112.3119,60.6682,164.31,90.9099,77.787
2012-09-06,114.5915,62.015,164.89,90.4148,77.787
2012-09-07,115.0379,61.9259,168.44,90.7074,77.7743
2012-09-10,114.3843,61.132,167.29,90.94,77.77
2012-09-11,114.7031,61.0339,167.9,90.8499,77.77
2012-09-12,115.0857,61.2141,167.92,90.4073,77.77
2012-09-13,116.8392,62.0418,171.31,91.165,77.77
2012-09-14,117.3573,62.5948,171.8,91.4726,77.77
2012-09-17,116.9587,62.6215,170.4,91.3901,77.77
2012-09-18,116.8631,62.6751,171.72,91.27,77.77
2012-09-19,116.9269,62.791,171.74,91.3826,77.77
2012-09-20,116.9348,62.7286,171.47,91.075,77.77
2012-09-21,116.8866,62.7466,171.96,91.15,77.7785
2012-09-24,116.7103,62.3754,171.05,91.09,77.77
2012-09-25,115.4683,61.5033,170.77,91.21,77.77
2012-09-26,114.8192,61.0024,169.81,91.4201,77.7785
2012-09-27,115.901,61.8432,172.34,91.4051,77.787
2012-09-28,115.3641,61.3333,171.89,91.3451,77.77
2012-10-01,115.6686,61.2439,172.295,91.5251,77.77
2012-10-02,115.7888,61.4228,172.1,91.9002,77.787
2012-10-03,116.2615,61.8164,172.41,91.9977,77.77
2012-10-04,117.0949,62.031,173.61,92.1328,77.7785
2012-10-05,117.1029,61.7001,172.62,91.9452,77.77
2012-10-08,116.7023,61.1366,172.05,92.1628,77.77
2012-10-09,115.5484,60.1609,170.99,91.9302,77.77
2012-10-10,114.8112,59.8575,170.84,91.8327,77.787
2012-10-11,114.8753,59.6696,171.32,91.7502,77.787
2012-10-12,114.4987,59.6428,170.06,91.6752,77.77
2012-10-15,115.4522,60.0811,168.35,91.6677,77.787
2012-10-16,116.6221,60.9308,169.42,91.2775,77.77
2012-10-17,117.151,60.8951,169.54,91.0075,77.787
2012-10-18,116.8465,60.1884,168.7891,91,77.77
2012-10-19,114.8993,58.7483,166.97,91.3076,77.77
2012-10-22,114.9153,59.0525,167.58,91.1575,77.7785
2012-10-23,113.3207,58.4889,165.4258,91.3526,77.787
2012-10-24,113.0002,58.2868,164.8603,91.21,77.787
2012-10-25,113.3288,58.2832,166.02,90.94,77.7785
2012-10-26,113.2647,58.4532,165.93,91.3901,77.7756
2012-10-29,113.2647,58.4532,165.93,91.3901,77.7756
2012-10-30,113.2647,58.4532,165.93,91.3901,77.7756
2012-10-31,113.2647,58.0954,166.83,91.9152,77.787
2012-11-01,114.4506,58.9209,166.07,91.8114,77.787
2012-11-02,113.4329,58.2922,162.6,91.7588,77.787
2012-11-05,113.6653,58.6768,163.23,91.8791,77.77
2012-11-06,114.5548,58.7841,166.3,91.6385,77.7785
2012-11-07,111.9585,57.3977,166.49,92.1649,77.787
2012-11-08,110.6123,56.4943,167.99,92.6612,77.787
2012-11-09,110.7085,56.7358,167.82,92.3228,77.787
2012-11-12,110.7966,56.7269,167.45,92.5709,77.787
2012-11-13,110.412,56.3333,167.1,92.4657,77.787
2012-11-14,108.9216,55.6714,167.14,92.3754,77.787
2012-11-15,108.7373,55.4835,166.09,92.3077,77.787
2012-11-16,109.2742,55.7251,165.88,92.3679,77.7868
2012-11-19,111.4858,57.0494,167.87,92.1949,77.787
2012-11-20,111.5338,57.0668,167.39,91.9317,77.7785
2012-11-21,111.7422,57.183,167.56,91.7137,77.77
2012-11-22,111.7422,57.183,167.56,91.7137,77.77
2012-11-23,113.2647,58.0507,169.61,91.646,77.77
2012-11-26,113.0243,58.302,169.43,91.9017,77.7785
2012-11-27,112.4473,58.1043,168.71,91.9017,77.7785
2012-11-28,113.3528,58.6052,166.55,92.1197,77.77
2012-11-29,113.8817,58.9541,167.1817,92.2852,77.77
2012-11-30,113.9057,58.8557,166.05,92.4281,77.77
2012-12-03,113.3448,58.7394,166.1267,92.7027,77.77
2012-12-04,113.1845,58.7036,164.42,92.7329,77.77
2012-12-05,113.3849,58.0535,164.12,92.899,77.77
2012-12-06,113.7695,58.4263,164.5,93.0878,77.77
2012-12-07,114.114,58.0775,165.165,92.9745,77.77
2012-12-10,114.1621,58.2474,165.8,93.0878,77.77
2012-12-11,114.9394,59.0077,165.65,92.816,77.77
2012-12-12,114.9955,58.8825,165.77,92.5291,77.77
2012-12-13,114.2903,58.4184,164.37,92.2724,77.77
2012-12-14,113.8656,57.8628,164.13,92.3706,77.77
2012-12-17,115.2038,58.6321,164.44,92.0233,77.77
2012-12-18,116.4859,59.524,162.08,91.759,77.787
2012-12-19,115.6205,59.2676,161.69,91.8345,77.77
2012-12-20,116.2856,59.2671,159.73,91.8798,77.77
2012-12-21,115.2373,58.6469,160.33,92.1365,77.77
2012-12-24,114.8822,58.53,160.62,92.0308,77.77
2012-12-25,114.8822,58.53,160.62,92.0308,77.77
2012-12-26,114.398,58.0173,160.78,92.1506,77.77
2012-12-27,114.2447,57.9273,161.16,92.2563,77.7785
2012-12-28,113.0099,57.3697,160.54,92.2261,77.787
2012-12-31,114.9307,58.5841,162.0204,91.6673,77.77
2013-01-01,114.9307,58.5841,162.0204,91.6673,77.77
2013-01-02,117.8764,60.4459,163.17,91.6145,77.77
2013-01-03,117.61,60.133,161.2,90.9878,77.77
2013-01-04,118.1265,59.9332,160.44,90.9501,77.787
2013-01-07,117.8037,59.9516,159.43,91.2596,77.753
2013-01-08,117.4648,59.8343,160.56,91.388,77.753
2013-01-09,117.7634,60.0591,160.49,91.5541,77.753
2013-01-10,118.6995,60.4189,161.98,91.471,77.753
2013-01-11,118.6915,60.4999,161.06,91.5541,77.753
2013-01-14,118.6108,60.23,161.54,91.5843,77.753
2013-01-15,118.6915,59.9332,162.558,91.6447,77.753
2013-01-16,118.6753,60.1761,162.65,91.622,77.7564
2013-01-17,119.442,60.4639,163.35,91.4635,77.77
2013-01-18,119.7083,60.329,163.09,91.6145,77.753
2013-01-21,119.7083,60.329,163.09,91.6145,77.753
2013-01-22,120.354,60.4279,163.67,91.5994,77.753
2013-01-23,120.5477,60.7967,163.21,91.6145,77.753
2013-01-24,120.5799,59.9602,161.42,91.5616,77.7615
2013-01-25,121.2579,60.266,160.65,91.1766,77.753
2013-01-28,121.1126,60.4009,160.29,91.0558,77.753
2013-01-29,121.5887,60.4099,160.99,90.8897,77.753
2013-01-30,121.1126,60.284,162.19,90.9199,77.753
2013-01-31,120.814,60.1491,161.2,91.1917,77.77
2013-02-01,122.0568,60.8597,161.45,90.7462,77.753
2013-02-04,120.6849,59.7983,162,91.3351,77.753
2013-02-05,121.9035,60.6798,161.96,91.0709,77.77
2013-02-06,121.9923,60.4819,162.39,91.1766,77.7615
2013-02-07,121.8309,60.5359,161.84,91.0935,77.7615
2013-02-08,122.5088,61.1565,161.57,91.0633,77.7615
2013-02-11,122.4846,61.1745,159.7,90.9954,77.77
2013-02-12,122.6863,60.9227,159.89,90.9878,77.77
2013-02-13,122.7912,61.1385,159.05,90.7311,77.753
2013-02-14,122.9042,61.1205,158.348,90.8897,77.77
2013-02-15,122.759,60.9406,155.76,90.6405,77.7532
2013-02-18,122.759,60.9406,155.76,90.6405,77.7532
2013-02-19,123.679,61.3814,155.33,90.5952,77.753
2013-02-20,122.1375,60.4369,151.44,90.6194,77.7615
2013-02-21,121.3951,59.7893,152.62,90.7311,77.753
2013-02-22,122.5814,60.3911,152.97,90.9274,77.77
2013-02-25,120.2491,59.6454,154.34,91.3804,77.753
2013-02-26,121.0722,59.8702,156.22,91.1615,77.753
2013-02-27,122.5975,60.481,154.57,91.1615,77.77
2013-02-28,122.3554,60.356,153,91.3653,77.77
2013-03-01,122.759,60.6078,152.44,91.7504,77.77
2013-03-04,123.4127,60.8777,152.3,91.4635,77.753
2013-03-05,124.5183,61.7772,152.38,91.4408,77.77
2013-03-06,124.6878,61.6243,153.23,91.237,77.753
2013-03-07,124.9138,61.7862,152.69,90.8972,77.7666
2013-03-08,125.4464,61.8581,152.71,90.6028,77.753
2013-03-11,125.9226,62.038,152.99,90.5575,77.7615
2013-03-12,125.6401,61.8132,154.19,90.7236,77.753
2013-03-13,125.8176,61.7322,153.66,90.7462,77.77
2013-03-14,126.4875,61.9391,153.68,90.9048,77.77
2013-03-15,126.321,61.7676,154.001,91.0256,77.77
2013-03-18,125.6239,61.6323,155.38,91.2219,77.7544
2013-03-19,125.332,61.5151,156.08,91.3125,77.753
2013-03-20,126.2075,61.947,155.37,91.0558,77.753
2013-03-21,125.1294,61.2446,156.246,91.1011,77.753
2013-03-22,126.1346,61.8397,155.55,91.2596,77.77
2013-03-25,125.6077,61.6143,155.24,91.2672,77.753
2013-03-26,126.6128,61.9479,154.72,91.32,77.77
2013-03-27,126.6128,62.0299,155.36,91.5994,77.753
2013-03-28,127.0019,62.1823,154.47,91.5601,77.77
2013-03-29,127.0019,62.1823,154.47,91.5601,77.77
2013-04-01,126.4993,61.7585,154.67,91.5996,77.753
2013-04-02,127.1235,62.2454,152.43,91.5543,77.77
2013-04-03,125.8346,61.6774,150.73,91.7885,77.753
2013-04-04,126.3453,61.6954,150.29,92.2192,77.753
2013-04-05,125.7779,61.1824,152.81,92.6045,77.77
2013-04-08,126.629,61.5061,152.16,92.1965,77.77
2013-04-09,127.0668,61.9208,153.34,92.1134,77.77
2013-04-10,128.6232,63.1244,150.75,91.5996,77.77
2013-04-11,129.0447,63.1019,151.05,91.8565,77.753
2013-04-12,128.7286,63.0568,143.95,92.2343,77.77
2013-04-15,125.7455,61.8126,131.31,92.2192,77.7615
2013-04-16,127.6018,62.6331,132.8,92.0605,77.77
2013-04-17,125.7374,61.4114,132.87,92.0454,77.77
2013-04-18,124.951,60.5585,134.3,91.4032,77.753
2013-04-19,126.0373,61.3889,135.47,91.7583,77.77
2013-04-22,126.5966,62.02,137.9,92.0001,77.77
2013-04-23,127.9017,62.615,136.88,92.0454,77.77
2013-04-24,127.9828,62.588,138.3699,92.1814,77.77
2013-04-25,128.5016,62.9216,141.63,92.2494,77.753
2013-04-26,128.2746,62.7232,140.91,92.5894,77.753
2013-04-29,129.1339,63.3003,142.3,92.3401,77.753
2013-04-30,129.4419,63.7601,142.77,92.2872,77.753
2013-05-01,128.3071,63.4625,141.11,92.2654,77.753
2013-05-02,129.4987,64.2649,141.92,92.1669,77.77
2013-05-03,130.8119,65.0223,142.09,91.5383,77.753
2013-05-06,131.1443,65.2747,142.15,91.4019,77.753
2013-05-07,131.809,65.2387,140.38,91.3943,77.753
2013-05-08,132.4089,65.5542,142.46,91.1974,77.77
2013-05-09,132.036,65.4609,140.81,91.1595,77.7615
2013-05-10,132.4656,65.8608,139.6,90.902,77.753
2013-05-13,132.571,65.9419,138.43,90.6293,77.77
2013-05-14,133.941,66.2845,137.81,90.243,77.753
2013-05-15,134.6624,66.4197,134.63,90.2733,77.753
2013-05-16,134.0301,66.3476,134.09,90.5308,77.753
2013-05-17,135.3271,66.9877,131.07,90.0764,77.77
2013-05-20,135.319,66.8886,135.12,90.0536,77.753
2013-05-21,135.5136,66.9607,132.88,90.243,77.77
2013-05-22,134.5084,66.3738,131.94,89.4325,77.77
2013-05-23,134.1193,66.2214,134.61,89.4553,77.77
2013-05-24,134.0058,66.1853,133.76,89.531,77.77
2013-05-27,134.0058,66.1853,133.76,89.531,77.77
2013-05-28,134.8083,66.6181,133.49,88.7205,77.753
2013-05-29,133.9329,66.3025,134.83,88.6599,77.77
2013-05-30,134.4273,66.6541,136.7,88.3342,77.753
2013-05-31,132.498,66.0411,133.92,88.4176,77.77
2013-06-03,133.2276,66.1583,136.51,88.3365,77.77
2013-06-04,132.5872,65.8157,135.23,88.1695,77.77
2013-06-05,130.7309,64.9592,135.52,88.2758,77.77
2013-06-06,131.9144,65.2747,136.53,88.1771,77.753
2013-06-07,133.5924,66.1673,133.28,87.6607,77.77
2013-06-10,133.5924,66.1943,133.94,87.0532,77.753
2013-06-11,132.2143,65.5362,133.25,87.0076,77.7615
2013-06-12,131.12,64.7789,134.25,86.3394,77.753
2013-06-13,133.1141,65.5993,133.74,87,77.77
2013-06-14,132.2792,65.1665,134.43,86.9241,77.753
2013-06-17,133.3006,65.7976,133.77,86.6431,77.753
2013-06-18,134.3544,66.3386,132.13,86.8785,77.753
2013-06-19,132.498,65.5993,130.59,85.7243,77.753
2013-06-20,129.215,64.035,123.6,84.8586,77.753
2013-06-21,129.6277,63.7002,125.05,83.8639,77.77
2013-06-24,127.9897,63.0671,123.93,83.5449,77.7615
2013-06-25,129.2202,63.5284,123.47,83.6892,77.77
2013-06-26,130.4996,64.0982,118.28,84.0689,77.77
2013-06-27,131.2656,64.3695,115.94,84.7675,77.753
2013-06-28,130.7278,64.4599,119.11,85.0561,77.753
2013-07-01,131.4938,64.8579,121.13,85.1767,77.77
2013-07-02,131.3716,64.885,120.05,85.4505,77.753
2013-07-03,131.4286,65.1482,120.74,85.2908,77.77
2013-07-04,131.4286,65.1482,120.74,85.2908,77.77
2013-07-05,132.8466,65.6448,118.09,84.1274,77.77
2013-07-08,133.6044,65.7081,119.51,84.6597,77.7361
2013-07-09,134.566,66.106,120.62,84.6217,77.7361
2013-07-10,134.6149,66.4859,120.95,84.3327,77.7361
2013-07-11,136.4485,67.8064,124.24,84.9182,77.7361
2013-07-12,136.5055,68.1049,124.13,84.9486,77.7361
2013-07-15,137.0271,68.2586,124.18,85.3592,77.7361
2013-07-16,136.5137,68.1682,124.89,85.7014,77.7361
2013-07-17,136.8641,68.34,123.32,85.9371,77.7361
2013-07-18,137.6138,68.1682,124.01,85.6254,77.753
2013-07-19,137.8583,67.4627,125.11,86.2413,77.753
2013-07-22,138.1272,67.6617,128.84,86.2109,77.753
2013-07-23,137.8338,67.1642,129.71,86.0132,77.753
2013-07-24,137.3286,67.3813,127.48,85.3136,77.77
2013-07-25,137.6627,67.8064,128.67,85.3592,77.7361
2013-07-26,137.8094,68.1682,128.78,85.382,77.7445
2013-07-29,137.3856,68.0415,128.47,85.3212,77.753
2013-07-30,137.3856,68.4033,128.12,85.2832,77.7361
2013-07-31,137.4834,68.53,127.96,85.8231,77.753
2013-08-01,139.0725,69.2264,126.61,85.2224,77.7361
2013-08-02,139.3088,69.6153,126.36,85.6561,77.753
2013-08-05,139.1051,69.6605,125.7,85.6637,77.753
2013-08-06,138.3146,69.2445,123.97,85.8691,77.753
2013-08-07,137.8664,69.1178,124.15,86.0745,77.7361
2013-08-08,138.3717,69.4615,126.86,86.1658,77.7361
2013-08-09,137.9724,69.1812,126.86,86.2495,77.7445
2013-08-12,137.8094,69.344,129.13,86.0213,77.753
2013-08-13,138.2168,69.7329,127.74,85.268,77.753
2013-08-14,137.5079,69.4706,129,85.0854,77.753
2013-08-15,135.5847,68.2948,131.69,84.4767,77.753
2013-08-16,135.1365,68.2722,132.58,84.0811,77.753
2013-08-19,134.2727,68.1501,132.01,83.5789,77.7361
2013-08-20,134.9327,68.4486,132.45,84.0963,77.753
2013-08-21,134.1015,68.2134,132.07,83.5029,77.753
2013-08-22,135.3239,68.8827,132.81,83.5409,77.7361
2013-08-23,135.7802,69.344,134.9,84.1268,77.753
2013-08-26,135.275,69.3801,135.45,84.4235,77.7361
2013-08-27,133.0992,67.9601,136.75,84.9409,77.7361
2013-08-28,133.5718,68.2224,136.71,84.6289,77.7361
2013-08-29,133.7837,68.7018,135.87,84.5148,77.753
2013-08-30,133.36,68.2586,134.62,84.2561,77.753
2013-09-02,133.36,68.2586,134.62,84.2561,77.753
2013-09-03,133.963,68.6475,136.42,83.8171,77.753
2013-09-04,135.0713,69.3801,134.66,83.3906,77.753
2013-09-05,135.2424,69.4977,132.2,82.789,77.753
2013-09-06,135.3076,69.5791,134.15,83.1317,77.753
2013-09-09,136.6033,70.3931,133.91,83.284,77.7276
2013-09-10,137.6138,70.7368,131.74,83.1469,77.7361
2013-09-11,138.0457,70.6011,131.7,83.6191,77.7361
2013-09-12,137.679,70.5559,127.67,83.6572,77.7361
2013-09-13,137.9887,70.6011,127.82,83.6495,77.7445
2013-09-16,138.7873,70.4112,126.45,83.878,77.7361
2013-09-17,139.4066,70.8815,126.5,84.2055,77.7361
2013-09-18,141.0201,71.7317,132.01,85.325,77.753
2013-09-19,140.7838,71.9035,131.75,85.0508,77.753
2013-09-20,139.8042,71.6527,127.96,85.2869,77.7361
2013-09-23,139.1573,71.5121,127.55,85.5839,77.7361
2013-09-24,138.8297,71.5121,127.66,85.5991,77.7361
2013-09-25,138.4285,71.2672,128.79,85.6753,77.7361
2013-09-26,138.9608,71.8206,127.79,85.5534,77.7361
2013-09-27,138.322,71.7299,128.97,85.5763,77.7361
2013-09-30,137.585,71.5575,128.18,85.7362,77.7361
2013-10-01,138.6741,72.2832,124.59,85.6276,77.753
2013-10-02,138.5431,72.256,127.06,85.7647,77.7445
2013-10-03,137.2656,71.4123,127.18,85.8257,77.753
2013-10-04,138.3056,72.0292,126.53,85.6391,77.753
2013-10-07,137.11,71.4305,127.64,85.7342,77.753
2013-10-08,135.5131,70.0516,127.4,85.5057,77.7445
2013-10-09,135.6114,69.8339,126.11,85.5133,77.7276
2013-10-10,138.5349,71.3126,124.27,85.4463,77.7191
2013-10-11,139.4275,71.8569,122.6,85.4295,77.7021
2013-10-14,139.9844,72.3467,122.83,85.0562,77.7021
2013-10-15,138.9689,72.0927,123.73,85.2238,77.7021
2013-10-16,140.9098,72.9182,123.54,85.399,77.7191
2013-10-17,141.8515,73.3537,127.42,85.7342,77.7191
2013-10-18,142.8096,74.5149,126.85,85.8561,77.7361
2013-10-21,142.8178,74.6782,126.98,85.7876,77.7361
2013-10-22,143.6449,74.8052,129.34,86.2218,77.7276
2013-10-23,142.957,74.3425,128.69,86.1837,77.7361
2013-10-24,143.432,74.7054,129.9,86.2142,77.7191
2013-10-25,144.0871,75.2043,130.46,86.4047,77.7361
2013-10-28,144.3164,75.159,130.56,86.3666,77.7361
2013-10-29,145.0862,75.3676,129.77,86.3133,77.7191
2013-10-30,144.3656,75.2225,129.6,86.199,77.7191
2013-10-31,143.9561,75.0592,127.74,86.0314,77.7191
2013-11-01,144.3,75.0954,126.95,85.4507,77.7191
2013-11-04,144.8078,75.2134,126.81,85.4964,77.7191
2013-11-05,144.3492,75.3222,126.56,85.1609,77.7191
2013-11-06,145.0862,75.3041,127.2,85.649,77.7276
2013-11-07,143.2518,73.8889,126.16,85.7634,77.7191
2013-11-08,145.1845,74.8959,124.279,85.0312,77.7191
2013-11-11,145.209,74.8052,123.87,84.871,77.7361
2013-11-12,144.9142,74.8687,122.45,84.9168,77.7361
2013-11-13,146.0771,75.7668,122.85,85.0617,77.7361
2013-11-14,146.8059,75.9935,124.27,85.5269,77.7191
2013-11-15,147.4447,76.1659,124.32,85.5651,77.7191
2013-11-18,146.9287,75.422,122.9,85.7939,77.7191
2013-11-19,146.6094,75.2043,122.95,85.4583,77.7191
2013-11-20,146.1508,75.0229,120.12,84.9321,77.7191
2013-11-21,147.33,75.7849,119.94,85.077,77.7361
2013-11-22,148.067,76.1931,119.92,85.3134,77.7191
2013-11-25,147.9196,76.3746,120.46,85.3668,77.7191
2013-11-26,147.9606,76.7737,119.82,85.3592,77.7191
2013-11-27,148.3209,77.3089,119.46,85.1914,77.7361
2013-11-28,148.3209,77.3089,119.46,85.1914,77.7361
2013-11-29,148.2226,77.7716,120.7,85.1227,77.7021
2013-12-02,147.8377,77.5448,117.58,84.749,77.7191
2013-12-03,147.199,77.4813,117.96,84.7948,77.7276
2013-12-04,147.1826,77.5539,119.96,84.3216,77.7361
2013-12-05,146.5357,77.4541,118.3,84.2223,77.7276
2013-12-06,148.1735,78.0165,118.55,84.2147,77.7361
2013-12-09,148.5502,78.334,119.72,84.2834,77.7361
2013-12-10,148.0179,78.2796,121.82,84.5048,77.7191
2013-12-11,146.3555,77.2727,120.86,84.3674,77.7333
2013-12-12,145.8723,77.0731,118.29,84.1307,77.7361
2013-12-13,145.856,76.9733,119.38,84.375,77.7276
2013-12-16,146.765,77.3997,119.69,84.4361,77.7191
2013-12-17,146.2982,77.2454,118.65,84.688,77.7191
2013-12-18,148.7959,78.1435,117.61,84.3139,77.7361
2013-12-19,148.6239,77.9258,114.82,84.001,77.7361
2013-12-20,149.4839,78.7172,115.94,84.2834,77.7191
2013-12-23,150.2826,79.5454,115.57,84.1384,77.7191
2013-12-24,150.6119,79.5818,116.1,83.856,77.7191
2013-12-25,150.6119,79.5818,116.1,83.856,77.7191
2013-12-26,151.3776,79.8457,116.74,83.8178,77.7191
2013-12-27,151.3694,79.6455,117.12,83.772,77.7276
2013-12-30,151.3447,79.5272,115.39,84.0086,77.7276
2013-12-31,152.061,80.0459,116.12,83.8865,77.7021
2014-01-01,152.061,80.0459,116.12,83.8865,77.7021
2014-01-02,150.6037,79.418,118,84.1613,77.7021
2014-01-03,150.579,78.8446,119.29,84.1231,77.7191
2014-01-06,150.1426,78.5534,119.5,84.4055,77.7021
2014-01-07,151.0647,79.2815,118.82,84.4208,77.7191
2014-01-08,151.0977,79.4544,118.12,84.3674,77.7106
2014-01-09,151.1965,79.1905,118.46,84.688,77.7021
2014-01-10,151.6081,79.4453,120.26,85.1383,77.7191
2014-01-13,149.591,78.2713,121.02,85.1765,77.7106
2014-01-14,151.2212,79.7638,119.89,84.8864,77.7191
2014-01-15,152.0363,80.419,119.66,84.8101,77.7106
2014-01-16,151.8387,80.4281,119.79,84.8788,77.7191
2014-01-17,151.1965,79.9731,120.93,85.0391,77.7021
2014-01-20,151.1965,79.9731,120.93,85.0391,77.7021
2014-01-21,151.6411,80.5828,119.7,84.8788,77.7191
2014-01-22,151.7399,80.7921,119.19,84.7338,77.7106
2014-01-23,150.4966,80.5191,121.79,85.1001,77.7106
2014-01-24,147.2857,78.9356,122.29,85.3444,77.7021
2014-01-27,146.5611,78.1712,120.96,85.0467,77.7021
2014-01-28,147.4339,78.1257,120.95,85.2146,77.7021
2014-01-29,146.0177,77.2885,122.47,85.5352,77.7191
2014-01-30,147.5656,78.7172,119.77,85.4818,77.7191
2014-01-31,146.7011,78.5079,120.09,85.6497,77.7021
2014-02-03,143.3995,76.7061,121.32,86.1535,77.7021
2014-02-04,144.404,77.2703,120.99,85.7795,77.7191
2014-02-05,144.2229,77.0701,121.29,85.4055,77.7021
2014-02-06,146.1248,78.0529,121.24,85.4207,77.7021
2014-02-07,147.9361,79.4453,122.17,85.665,77.7191
2014-02-10,148.2078,79.9003,122.92,85.7413,77.6936
2014-02-11,149.8297,80.8103,124.36,85.4665,77.7021
2014-02-12,149.9038,80.965,124.43,85.2528,77.7191
2014-02-13,150.6778,81.5656,125.49,85.5428,77.7191
2014-02-14,151.5093,81.7294,127.15,85.3673,77.7191
2014-02-17,151.5093,81.7294,127.15,85.3673,77.7191
2014-02-18,151.6905,82.1298,127.4,85.5276,77.7021
2014-02-19,150.686,81.5656,126.27,85.3597,77.7191
2014-02-20,151.5752,81.9478,127.6,85.1001,77.7191
2014-02-21,151.4023,81.8386,127.58,85.2528,77.7021
2014-02-24,152.2421,82.2754,128.99,85.2528,77.7191
2014-02-25,152.1845,82.1844,129.21,85.581,77.7191
2014-02-26,152.1927,82.1116,128.11,85.7795,77.7106
2014-02-27,152.9913,82.6423,128.2,85.9016,77.7021
2014-02-28,153.3783,82.5509,127.62,86.0237,77.7191
2014-03-03,152.2997,81.9387,130.29,86.4206,77.7191
2014-03-04,154.4404,82.9804,128.68,85.8634,77.7021
2014-03-05,154.5804,83.2088,128.89,85.9856,77.7191
2014-03-06,154.9344,83.1357,130.17,85.7718,77.7191
2014-03-07,155.0003,82.7245,129.09,85.5886,77.7021
2014-03-10,154.9179,82.7976,129.13,85.6268,77.7021
2014-03-11,154.1522,82.4413,129.86,85.6039,77.7021
2014-03-12,154.1934,82.752,131.76,85.7871,77.7021
2014-03-13,152.4644,81.5823,132.21,86.1382,77.7021
2014-03-14,152.0363,81.0249,133.1,86.123,77.7021
2014-03-17,153.4112,81.7377,131.64,85.9245,77.7021
2014-03-18,154.5063,82.7245,130.62,86.0924,77.7021
2014-03-19,153.6829,82.2768,128.09,85.2986,77.7189
2014-03-20,154.5804,82.5052,127.86,85.0314,77.7021
2014-03-21,153.9831,81.5148,128.47,85.352,77.7191
2014-03-24,153.3464,80.8004,126.18,85.4589,77.7191
2014-03-25,154.0741,81.066,126.41,85.436,77.7191
2014-03-26,152.9659,80.0218,125.41,85.7337,77.7021
2014-03-27,152.6434,79.5721,124.59,85.7642,77.7021
2014-03-28,153.396,79.7288,124.56,85.5505,77.7021
2014-03-31,154.653,80.2966,123.61,85.5657,77.7021
2014-04-01,155.6784,81.7071,123.39,85.2681,77.7021
2014-04-02,156.1994,81.9177,124.32,85.0772,77.7021
2014-04-03,155.9927,81.2675,123.92,85.1765,77.7191
2014-04-04,154.1485,79.1059,125.57,85.5657,77.7021
2014-04-07,152.445,78.3549,124.91,85.6955,77.7021
2014-04-08,153.0735,79.0785,126.09,85.7413,77.7021
2014-04-09,154.7191,80.434,126.32,85.8024,77.7021
2014-04-10,151.4691,77.9428,127.01,86.1001,77.7021
2014-04-11,150.1046,77.036,126.93,86.3214,77.7021
2014-04-14,151.2872,77.6405,127.85,86.1535,77.7021
2014-04-15,152.3292,77.8971,125.49,86.3672,77.7021
2014-04-16,153.9252,78.9319,125.54,86.4206,77.7021
2014-04-17,154.1403,78.9502,124.75,86.3138,77.7191
2014-04-18,154.1403,78.9502,124.75,86.3138,77.7191
2014-04-21,154.6778,79.5364,124.24,86.3138,77.6936
2014-04-22,155.3807,80.1684,123.78,86.3138,77.6851
2014-04-23,155.0168,79.4631,123.76,86.5809,77.6936
2014-04-24,155.3311,80.2233,124.56,86.6344,77.7021
2014-04-25,154.0576,78.9411,125.43,86.6725,77.6936
2014-04-28,154.5455,79.1975,124.88,86.413,77.7021
2014-04-29,155.2649,79.8295,124.86,86.3596,77.7021
2014-04-30,155.728,80.0402,124.22,86.497,77.7021
2014-05-01,155.7446,80.2783,123.8,87.007,77.6851
2014-05-02,155.5213,80.1317,125.06,87.2365,77.6936
2014-05-05,155.819,80.5531,126.22,87.0529,77.7021
2014-05-06,154.4628,79.5089,125.98,87.0223,77.6851
2014-05-07,155.3724,79.28,124.17,87.0759,77.6851
2014-05-08,155.2071,79.2067,124.17,87.1983,77.6851
2014-05-09,155.4386,79.4998,124.1,87.1447,77.7021
2014-05-12,156.952,80.8095,124.94,86.9076,77.6851
2014-05-13,157.0926,80.8645,124.6,87.1294,77.6936
2014-05-14,156.3483,80.4432,125.81,87.6267,77.7021
2014-05-15,154.9755,79.8066,124.77,88.0322,77.6936
2014-05-16,155.513,80.3332,124.5,87.9404,77.7021
2014-05-19,156.0836,80.8919,124.58,87.6803,77.7021
2014-05-20,155.0995,80.5989,124.69,87.8486,77.7021
2014-05-21,156.4062,81.3682,124.39,87.795,77.6851
2014-05-22,156.7866,81.7254,124.67,87.9327,77.6851
2014-05-23,157.4151,82.3207,124.51,88.1393,77.7021
2014-05-26,157.4151,82.3207,124.51,88.1393,77.7021
2014-05-27,158.3826,83.3475,121.85,88.1928,77.6851
2014-05-28,158.2669,83.0901,121.2,88.6748,77.7021
2014-05-29,159.0856,83.6213,120.94,88.6365,77.6851
2014-05-30,159.3419,83.6305,120.43,88.43,77.7021
2014-06-02,159.5239,83.548,119.7,88.074,77.6851
2014-06-03,159.4412,83.5114,120.01,87.5585,77.6851
2014-06-04,159.7637,83.8228,119.76,87.3277,77.6851
2014-06-05,160.8057,84.528,120.66,87.5508,77.6851
2014-06-06,161.5748,85.0135,120.61,87.5508,77.6851
2014-06-09,161.7402,84.9494,120.65,87.5431,77.7021
2014-06-10,161.7567,85.0959,121.39,87.3969,77.7021
2014-06-11,161.1944,85.0776,121.41,87.4816,77.6851
2014-06-12,160.0531,84.3082,122.64,87.7432,77.6968
2014-06-13,160.5411,84.5555,122.96,87.597,77.6851
2014-06-16,160.6734,84.6288,122.42,87.6816,77.7021
2014-06-17,161.1199,84.6746,122.28,87.5585,77.6851
2014-06-18,162.3025,85.1509,122.67,87.9894,77.7021
2014-06-19,162.4845,85.0959,126.94,87.8663,77.7021
2014-06-20,162.8125,85.1958,126.5,88.1894,77.7021
2014-06-23,162.7626,85.2142,126.85,88.1125,77.7021
2014-06-24,161.7822,85.1315,126.98,88.5126,77.7021
2014-06-25,162.5134,85.6734,126.99,88.551,77.6851
2014-06-26,162.397,85.7193,126.73,88.7203,77.6851
2014-06-27,162.7128,86.0958,126.66,88.7472,77.7021
2014-06-30,162.6297,86.2428,128.04,88.7588,77.6851
2014-07-01,163.7182,87.1887,127.7,88.4077,77.7021
2014-07-02,163.8844,87.3356,127.7,87.991,77.7021
2014-07-03,164.6904,87.8866,127.16,88.0605,77.6851
2014-07-04,164.6904,87.8866,127.16,88.0605,77.6851
2014-07-07,164.1171,87.6203,127.02,88.2302,77.7021
2014-07-08,163.0618,86.5642,127.07,88.5158,77.7021
2014-07-09,163.793,87.207,127.84,88.7319,77.6851
2014-07-10,163.1449,86.9315,128.54,88.8399,77.6851
2014-07-11,163.3692,87.4917,128.78,88.9711,77.6851
2014-07-14,164.1918,88.0152,125.72,88.7936,77.6851
2014-07-15,163.8844,87.7121,124.53,88.6007,77.6766
2014-07-16,164.491,88.0611,124.97,88.5775,77.6851
2014-07-17,162.6214,86.8939,127.0899,89.1331,77.6766
2014-07-18,164.2833,88.2723,126.13,88.9634,77.6682
2014-07-21,163.9758,88.1621,126.34,89.1254,77.6851
2014-07-22,164.6904,88.7223,125.74,89.0483,77.6682
2014-07-23,165.056,89.2889,125.62,89.0405,77.6851
2014-07-24,165.0643,89.1907,124.35,88.8785,77.6851
2014-07-25,164.2916,88.8417,125.791,89.2643,77.6851
2014-07-28,164.358,88.8692,125.58,89.164,77.6851
2014-07-29,163.6517,88.7131,125.2,89.2952,77.6851
2014-07-30,163.6767,89.0621,124.83,88.7087,77.6851
2014-07-31,160.4444,87.2621,123.39,88.6778,77.6682
2014-08-01,159.9541,86.9407,124.38,89.0139,77.6851
2014-08-04,161.1091,87.5376,123.99,88.8823,77.6851
2014-08-05,159.5469,86.8672,123.87,88.9829,77.6682
2014-08-06,159.5968,86.803,125.67,88.9907,77.6682
2014-08-07,158.7326,86.5274,126.18,89.3777,77.6851
2014-08-08,160.569,87.1519,126.19,89.3003,77.6682
2014-08-11,161.0343,87.6662,125.96,89.3081,77.6682
2014-08-12,160.81,87.6295,125.99,89.0371,77.6682
2014-08-13,161.8985,88.557,126.2,89.2926,77.6851
2014-08-14,162.6629,89.0162,126.31,89.3855,77.6682
2014-08-15,162.6297,89.4478,125.483,89.6022,77.6851
2014-08-18,163.9924,90.1366,124.96,89.2539,77.6682
2014-08-19,164.8483,90.6417,124.68,89.0913,77.6851
2014-08-20,165.2887,90.6417,124.22,88.8281,77.6682
2014-08-21,165.7706,90.8253,122.88,88.9984,77.6851
2014-08-22,165.513,90.9631,123.19,88.9597,77.6851
2014-08-25,166.3523,91.2845,122.74,89.0681,77.6851
2014-08-26,166.4603,91.3764,123.35,88.7507,77.6851
2014-08-27,166.3938,91.3947,123.3199,89.161,77.6682
2014-08-28,166.3024,91.2937,124,89.3003,77.6851
2014-08-29,166.776,91.6335,123.86,89.2152,77.6851
2014-09-01,166.776,91.6335,123.86,89.2152,77.6851
2014-09-02,166.6929,91.8998,121.65,88.7383,77.6682
2014-09-03,166.6015,91.358,122.15,88.9011,77.6851
2014-09-04,166.3606,91.2753,121.48,88.5677,77.6682
2014-09-05,167.1084,91.7345,122.06,88.4746,77.6851
2014-09-08,166.6763,91.909,120.73,88.2575,77.6682
2014-09-09,165.621,91.1468,120.87,88.0016,77.6682
2014-09-10,166.2442,91.8998,120.26,87.6682,77.6766
2014-09-11,166.4354,91.8264,119.472,87.707,77.6682
2014-09-12,165.4632,91.358,118.38,87.358,77.6682
2014-09-15,165.3385,90.4764,118.64,87.4589,77.6682
2014-09-16,166.5849,91.2662,118.83,87.4356,77.6682
2014-09-17,166.8093,91.4039,117.54,86.8463,77.6682
2014-09-18,167.6984,92.0927,117.78,86.6214,77.6851
2014-09-19,167.5481,92.0356,117.09,86.8773,77.6851
2014-09-22,166.2542,91.1795,116.85,86.8153,77.6851
2014-09-23,165.3025,90.9309,117.6,87.1409,77.6851
2014-09-24,166.5964,91.9067,117.05,87.0634,77.6851
2014-09-25,163.9083,89.9735,117.39,87.3813,77.6851
2014-09-26,165.2106,90.9309,117.06,86.9316,77.6851
2014-09-29,164.9101,90.8112,117.03,86.9936,77.6682
2014-09-30,164.476,90.9401,116.21,86.9006,77.6851
2014-10-01,162.247,89.4857,116.77,87.5209,77.6851
2014-10-02,162.2721,89.4857,116.74,87.3038,77.6851
2014-10-03,164.0586,90.3694,114.61,87.1642,77.6512
2014-10-06,163.8666,90.1761,116.03,87.2417,77.6512
2014-10-07,161.3371,88.8965,116.36,87.6062,77.6682
2014-10-08,164.1588,90.6271,117.4701,88.0869,77.6682
2014-10-09,160.903,89.1635,117.64,87.9939,77.6682
2014-10-10,159.0664,86.9358,117.59,88.2343,77.6682
2014-10-13,156.4534,85.5734,118.52,88.6452,77.6682
2014-10-14,156.6955,85.5826,118.59,88.4359,77.6512
2014-10-15,155.6353,85.0302,118.99,88.5367,77.6512
2014-10-16,155.5017,84.4963,119.22,88.4281,77.6682
2014-10-17,157.3383,85.6102,118.99,88.3971,77.6682
2014-10-20,158.866,86.8897,119.8,88.4281,77.6682
2014-10-21,162.0133,89.1727,120.02,88.2498,77.6512
2014-10-22,160.8612,88.7124,119.34,88.211,77.6682
2014-10-23,162.7312,90.0472,118.52,87.8931,77.6512
2014-10-24,163.9835,90.7836,118.35,87.8466,77.6512
2014-10-27,163.7581,90.8481,118.06,87.8,77.6512
2014-10-28,165.6364,92.2197,118.1,87.7613,77.6512
2014-10-29,165.386,91.8791,116.41,87.645,77.6682
2014-10-30,166.4462,92.0724,115.19,87.6139,77.6512
2014-10-31,168.3496,93.3427,112.66,87.6837,77.6682
2014-11-03,168.4414,93.6189,112.15,87.6837,77.6512
2014-11-04,167.857,93.3059,112.22,87.6527,77.6597
2014-11-05,168.9172,93.3151,109.79,87.738,77.6512
2014-11-06,169.5934,93.6097,109.88,87.5907,77.6682
2014-11-07,169.7521,93.5268,112.97,88.1024,77.6541
2014-11-10,170.2863,93.8582,110.46,87.7923,77.6682
2014-11-11,170.4533,94.1528,112.04,87.7768,77.6682
2014-11-12,170.2696,94.3185,111.5,87.6527,77.6682
2014-11-13,170.4617,94.7235,111.67,87.5519,77.6512
2014-11-14,170.5034,95.0181,114.47,87.7768,77.6512
2014-11-17,170.6119,94.7327,114.05,87.4744,77.6682
2014-11-18,171.597,95.4416,115.05,87.5519,77.6512
2014-11-19,171.3215,95.0089,113.68,87.1797,77.6512
2014-11-20,171.6221,95.4323,114.86,87.4046,77.6512
2014-11-21,172.5404,95.6165,115.39,87.6682,77.6512
2014-11-24,173.0245,96.3621,115.11,87.738,77.6682
2014-11-25,172.8993,96.5094,115.38,87.8155,77.6682
2014-11-26,173.3418,97.1353,115.16,87.8621,77.6512
2014-11-27,173.3418,97.1353,115.16,87.8621,77.6512
2014-11-28,172.9745,97.5864,112.11,87.8233,77.6682
2014-12-01,171.7723,96.4818,116.58,87.614,77.6512
2014-12-02,172.8826,96.8684,115.14,87.1175,77.6512
2014-12-03,173.5505,97.0433,116.33,87.2261,77.6512
2014-12-04,173.3585,96.9973,115.88,87.3968,77.6512
2014-12-05,173.6423,97.0065,114.43,86.8925,77.6682
2014-12-08,172.4819,96.3161,115.78,86.9623,77.6597
2014-12-09,172.365,96.6198,118.19,87.3347,77.6513
2014-12-10,169.6018,95.101,117.96,87.5131,77.6512
2014-12-11,170.4617,95.552,117.69,87.3968,77.6512
2014-12-12,167.7068,94.5118,117.41,87.4976,77.6682
2014-12-15,166.5547,93.536,114.39,87.1563,77.6342
2014-12-16,165.219,92.0356,114.95,87.6993,77.6342
2014-12-17,168.4581,93.7109,114.27,87.2881,77.6342
2014-12-18,172.6238,95.9663,115.15,86.7373,77.6512
2014-12-19,173.3542,96.3868,114.77,87.164,77.6342
2014-12-22,174.1517,96.627,112.55,87.2494,77.6342
2014-12-23,174.3867,96.2851,112.74,86.6209,77.6342
2014-12-24,174.4035,96.3683,112.77,86.5278,77.6512
2014-12-25,174.4035,96.3683,112.77,86.5278,77.6512
2014-12-26,174.9659,97.052,114.83,86.5589,77.6342
2014-12-29,175.2009,97.0335,113.67,86.6908,77.6342
2014-12-30,174.2608,96.3868,115.2,86.6675,77.6342
2014-12-31,172.5316,95.3981,113.58,86.9002,77.6512
2015-01-01,172.5316,95.3981,113.58,86.9002,77.6512
2015-01-02,172.4393,95.1117,114.08,87.4588,77.6342
2015-01-05,169.3251,93.7165,115.8,87.5286,77.6512
2015-01-06,167.7302,92.46,117.12,87.5364,77.6342
2015-01-07,169.8203,93.6519,116.43,87.6062,77.6342
2015-01-08,172.8338,95.4443,115.94,87.4666,77.6342
2015-01-09,171.4488,94.8161,117.26,87.7304,77.6342
2015-01-12,170.1057,93.8274,118.56,87.7071,77.6342
2015-01-13,169.6273,93.7997,118.16,87.5674,77.6342
2015-01-14,168.6032,93.2823,117.97,88.0872,77.6342
2015-01-15,167.0587,92.0719,120.94,88.7855,77.6342
2015-01-16,169.2495,93.1529,122.52,88.289,77.6342
2015-01-19,169.2495,93.1529,122.52,88.289,77.6342
2015-01-20,169.6105,93.8921,124.2,88.4984,77.6342
2015-01-21,170.4667,94.3726,124.23,88.1338,77.6512
2015-01-22,173.0017,96.1188,125.23,88.1571,77.6342
2015-01-23,172.0532,96.3313,124.23,88.6924,77.6512
2015-01-26,172.4561,96.2205,122.99,88.545,77.6512
2015-01-27,170.1813,93.7258,124.4,88.8243,77.6512
2015-01-28,167.9988,93.2453,123.42,89.1656,77.6342
2015-01-29,169.5517,94.1416,120.76,89.0648,77.6342
2015-01-30,167.4196,93.4116,123.45,89.7087,77.6342
2015-02-02,169.493,94.2247,122.42,89.6467,77.6342
2015-02-03,171.944,95.1302,121.05,89.2355,77.6512
2015-02-04,171.2893,95.047,121.58,89.4217,77.6342
2015-02-05,173.0185,95.8694,121.79,89.0338,77.6342
2015-02-06,172.54,95.2873,118.64,88.3355,77.6342
2015-02-09,171.7678,94.9824,119.17,88.1803,77.6172
2015-02-10,173.5977,96.4607,118.47,87.8855,77.6342
2015-02-11,173.6984,96.8118,117.07,87.7226,77.6172
2015-02-12,175.3688,97.939,117.34,87.583,77.6172
2015-02-13,176.0907,98.7798,117.98,87.4045,77.6342
2015-02-16,176.0907,98.7798,117.98,87.4045,77.6342
2015-02-17,176.3677,98.8722,116.01,86.9623,77.6342
2015-02-18,176.3845,99.0108,116.34,87.3269,77.6342
2015-02-19,176.2586,99.5005,115.94,87.2571,77.6342
2015-02-20,177.3162,100.1657,115.28,87.2649,77.6172
2015-02-23,177.291,100.2674,115.43,87.4278,77.6342
2015-02-24,177.7947,100.3413,115.26,87.9554,77.6172
2015-02-25,177.6436,100.0918,115.7,88.1028,77.6342
2015-02-26,177.4337,100.6,116.07,88.0407,77.6172
2015-02-27,176.8294,100.1565,116.16,88.5527,77.6342
2015-03-02,177.9458,101.062,115.68,87.8312,77.6172
2015-03-03,177.2155,100.5908,115.47,87.9554,77.6342
2015-03-04,176.4684,100.2027,115.11,88.0407,77.6342
2015-03-05,176.6615,100.3782,115,87.8855,77.6342
2015-03-06,174.1769,99.2418,111.86,86.8692,77.6172
2015-03-09,174.8987,99.5282,111.97,86.7373,77.6342
2015-03-10,172.0615,97.6803,111.42,86.8382,77.6342
2015-03-11,171.6586,97.1167,110.75,86.9856,77.6257
2015-03-12,173.8411,97.7542,110.72,86.7916,77.6172
2015-03-13,172.775,97.3292,110.88,86.5123,77.6342
2015-03-16,175.0834,98.5858,110.81,86.6364,77.6342
2015-03-17,174.563,98.7429,110.21,86.7218,77.6342
2015-03-18,176.6615,99.713,112.37,88.0485,77.6257
2015-03-19,175.8557,99.8608,112.29,87.9941,77.6342
2015-03-20,177.4009,100.5058,113.57,88.2579,77.6342
2015-03-23,177.0552,100.3113,114.29,88.2191,77.6172
2015-03-24,176.0603,99.9502,114.57,88.6458,77.6342
2015-03-25,173.4803,97.6628,114.73,88.6226,77.6172
2015-03-26,173.0672,97.3294,115.48,88.1493,77.6172
2015-03-27,173.4635,97.7184,115.06,88.1881,77.6242
2015-03-30,175.5797,98.8389,113.75,87.9243,77.6002
2015-03-31,174.0452,97.7924,113.66,88.126,77.6342
2015-04-01,173.4298,97.2831,115.6,88.8088,77.6002
2015-04-02,174.0537,97.3479,115.28,88.4829,77.6172
2015-04-03,174.0537,97.3479,115.28,88.4829,77.6172
2015-04-06,175.2256,98.1443,116.69,88.832,77.6172
2015-04-07,174.7619,97.9777,116.11,89.026,77.6342
2015-04-08,175.3521,98.7555,115.47,88.8088,77.6342
2015-04-09,176.1277,99.376,114.67,88.4907,77.6172
2015-04-10,177.0889,99.7835,115.966,88.4053,77.6172
2015-04-13,176.2879,99.5334,115.14,88.4286,77.6002
2015-04-14,176.6252,99.2464,114.44,88.6614,77.6172
2015-04-15,177.4177,99.8668,115.43,88.9329,77.6002
2015-04-16,177.3671,99.7279,115.03,89.0338,77.6172
2015-04-17,175.3268,98.1721,115.6,89.6001,77.6002
2015-04-20,176.9287,99.6446,114.72,89.3596,77.6002
2015-04-21,176.7179,100.0706,115.38,89.0415,77.6172
2015-04-22,177.5863,100.6169,113.83,88.6303,77.6002
2015-04-23,178.0332,100.9966,114.66,88.8553,77.6002
2015-04-24,178.4463,102.3672,113.05,89.2355,77.6002
2015-04-27,177.7044,102.1079,115.33,89.251,77.6172
2015-04-28,178.2693,101.9042,116.33,88.7389,77.6172
2015-04-29,177.5358,101.2652,115.51,88.576,77.6172
2015-04-30,175.7568,99.6724,113.47,88.7234,77.6172
2015-05-01,177.6622,100.9874,113.08,88.3588,77.6002
2015-05-04,178.1681,101.1541,114.1,88.0174,77.6172
2015-05-05,176.1277,99.5057,114.42,87.9786,77.6172
2015-05-06,175.4027,98.8204,114.36,87.2726,77.6172
2015-05-07,176.1024,99.4131,113.42,87.4976,77.6002
2015-05-08,178.421,100.654,113.97,87.8623,77.6172
2015-05-11,177.5695,100.265,113.53,87.0632,77.6002
2015-05-12,177.0383,99.8113,114.5,87.1485,77.6172
2015-05-13,177.072,100.015,116.55,87.0166,77.6172
2015-05-14,178.9185,101.4782,117.18,87.1795,77.6002
2015-05-15,179.1124,101.4782,117.53,87.7847,77.6002
2015-05-18,179.6688,101.9227,117.52,87.3192,77.6002
2015-05-19,179.6098,101.8116,115.89,86.9002,77.6002
2015-05-20,179.4834,101.8764,116.08,87.133,77.6002
2015-05-21,180.0061,102.4042,115.69,87.4666,77.6172
2015-05-22,179.5761,102.3024,115.6,87.614,77.6087
2015-05-25,179.5761,102.3024,115.6,87.614,77.6087
2015-05-26,177.6454,101.1263,113.91,87.6838,77.6172
2015-05-27,179.3316,102.7561,113.89,87.6062,77.6172
2015-05-28,179.1292,102.5246,114.02,87.5519,77.6002
2015-05-29,178.0163,101.9134,114.1,87.8312,77.6002
2015-06-01,178.3789,102.2561,114,87.2881,77.6002
2015-06-02,178.2018,101.9319,114.46,86.9313,77.6172
2015-06-03,178.674,102.2376,113.64,86.3959,77.6172
2015-06-04,177.1648,101.4597,112.84,86.6364,77.6002
2015-06-05,176.8613,101.2189,112.24,86.3959,77.6002
2015-06-08,175.723,100.1909,112.57,86.5123,77.5833
2015-06-09,175.7483,100.0243,112.82,86.3184,77.5833
2015-06-10,177.8646,101.3948,113.78,86.008,77.6002
2015-06-11,178.4463,101.543,113.26,86.4347,77.6172
2015-06-12,176.9962,100.7095,113.23,86.4813,77.6002
2015-06-15,176.2964,100.2095,113.73,86.7606,77.6087
2015-06-16,177.266,100.7558,113.32,87.2726,77.5833
2015-06-17,177.5526,101.0337,113.85,87.3735,77.6172
2015-06-18,179.34,102.5061,115.32,87.164,77.5833
2015-06-19,178.6066,102.0006,115.12,87.3657,77.5887
2015-06-22,179.5216,102.7525,113.64,86.9778,77.6002
2015-06-23,179.6572,102.836,112.89,86.7839,77.5833
2015-06-24,178.3524,102.3069,112.59,86.939,77.5833
2015-06-25,177.7763,102.1027,112.44,86.8459,77.6002
2015-06-26,177.8356,101.4251,112.56,86.458,77.5833
2015-06-29,174.0823,99.0304,113.07,87.0942,77.6002
2015-06-30,174.4382,99.3831,112.37,86.9313,77.6002
2015-07-01,175.8615,100.1721,111.98,86.6132,77.6002
2015-07-02,175.6497,100.1999,111.76,86.9933,77.6002
2015-07-03,175.6497,100.1999,111.76,86.9933,77.6002
2015-07-06,175.099,99.9679,112.06,87.3347,77.6002
2015-07-07,176.2343,100.2185,110.76,87.6217,77.5833
2015-07-08,173.2859,98.4734,111.09,87.7304,77.5833
2015-07-09,173.5147,98.4177,111.36,87.164,77.5916
2015-07-10,175.7853,99.9214,111.49,86.7528,77.5833
2015-07-13,177.717,101.6758,110.99,86.4503,77.5833
2015-07-14,178.5303,102.3441,110.74,86.5899,77.6002
2015-07-15,178.4541,102.4554,110.16,86.8304,77.5833
2015-07-16,179.8435,103.9034,109.76,86.939,77.5833
2015-07-17,180.013,105.435,108.65,86.908,77.6002
2015-07-20,180.1401,105.797,105.7,86.6752,77.5833
2015-07-21,179.4115,105.732,105.37,86.877,77.6002
2015-07-22,179.0132,104.5346,104.8,86.9157,77.5833
2015-07-23,178.0389,104.1448,104.33,87.0632,77.5833
2015-07-24,176.175,103.1238,105.35,86.9701,77.6002
2015-07-27,175.1583,102.2698,104.86,87.1485,77.5833
2015-07-28,177.3357,103.1516,105.02,86.939,77.5833
2015-07-29,178.5727,103.5414,105.17,86.9313,77.6002
2015-07-30,178.615,104.0334,104.27,87.0554,77.6002
2015-07-31,178.3016,103.9127,104.93,87.3968,77.6002
2015-08-03,177.6916,103.5879,104.1,87.3192,77.6002
2015-08-04,177.3442,103.3929,104.31,86.8304,77.5833
2015-08-05,178.005,104.1819,103.93,86.5589,77.5833
2015-08-06,176.5224,102.5204,104.39,86.714,77.5833
2015-08-07,176.1581,102.3905,104.65,86.9545,77.5833
2015-08-10,178.4541,103.56,105.72,86.8304,77.6002
2015-08-11,176.785,102.2327,106.26,87.1873,77.5833
2015-08-12,177.0053,102.5854,107.75,86.9856,77.5833
2015-08-13,176.8189,102.4183,106.86,86.7528,77.5833
2015-08-14,177.3781,102.5761,106.85,86.6597,77.5663
2015-08-17,178.3948,103.4301,107.13,86.652,77.5663
2015-08-18,177.861,102.901,107.11,86.4425,77.5833
2015-08-19,176.4631,102.2234,108.55,86.7373,77.6002
2015-08-20,172.8453,99.3924,110.44,86.9778,77.5748
2015-08-21,167.44,95.0484,111.13,87.0088,77.5833
2015-08-24,160.5519,91.3912,110.53,86.7063,77.5833
2015-08-25,158.6287,91.0478,109.16,86.4968,77.5833
2015-08-26,164.9406,95.6331,107.67,85.977,77.6002
2015-08-27,168.7362,98.0557,107.73,86.3959,77.5833
2015-08-28,168.804,98.0372,108.7,86.6442,77.6002
2015-08-31,167.3637,96.8212,108.82,86.5666,77.6002
2015-09-01,162.4751,93.7953,109.2,86.4097,77.6002
2015-09-02,165.5591,96.4407,108.62,86.1374,77.5833
2015-09-03,165.7624,95.9673,107.84,86.1452,77.6002
2015-09-04,163.1699,94.8256,107.49,86.2852,77.5833
2015-09-07,163.1699,94.8256,107.49,86.2852,77.5833
2015-09-08,167.2959,97.4988,107.52,85.8962,77.5833
2015-09-09,165.0084,96.4035,106.13,86.0907,77.5833
2015-09-10,165.9319,97.4524,106.38,86.114,77.5663
2015-09-11,166.6859,97.9908,106.16,86.3552,77.5833
2015-09-14,166.042,97.6937,106.22,86.1918,77.5833
2015-09-15,168.1347,98.8447,105.9,85.6084,77.5663
2015-09-16,169.5665,99.4016,107.31,85.585,77.5663
2015-09-17,169.1937,99.4388,108.41,86.2541,77.5663
2015-09-18,166.3923,98.0279,109.21,86.5264,77.5663
2015-09-21,167.3121,98.335,108.53,85.9818,77.5833
2015-09-22,165.1488,96.8648,107.79,86.1918,77.5833
2015-09-23,164.8933,96.9392,108.22,86.1296,77.5663
2015-09-24,164.3226,96.5856,110.49,86.1374,77.5663
2015-09-25,164.2715,95.7668,109.81,85.6784,77.5663
2015-09-28,160.047,93.0311,108.42,85.7017,77.5833
2015-09-29,160.1918,92.5566,107.98,85.9429,77.5833
2015-09-30,163.1813,94.6688,106.86,86.114,77.5663
2015-10-01,163.6412,95.1155,106.73,86.4265,77.5833
2015-10-02,166.0857,96.7811,108.99,86.9247,77.5833
2015-10-05,169.0411,98.1675,108.77,86.66,77.5663
2015-10-06,168.462,97.7022,109.86,86.9091,77.5663
2015-10-07,169.8418,98.2885,109.7,86.8936,77.5663
2015-10-08,171.3749,98.6793,109.14,86.8624,77.5663
2015-10-09,171.4771,99.1259,110.87,86.6211,77.5663
2015-10-12,171.6389,99.3678,111.31,86.7768,77.5663
2015-10-13,170.5572,98.7258,111.86,86.7301,77.5663
2015-10-14,169.7395,98.5676,113.81,87.0259,77.5663
2015-10-15,172.3458,100.1867,113.29,86.8624,77.5663
2015-10-16,173.1294,100.6054,112.49,86.6289,77.5663
2015-10-19,173.2146,101.1823,112.02,86.481,77.5663
2015-10-20,172.9931,100.6612,112.73,86.3798,77.5493
2015-10-21,171.92,100.0471,111.73,86.4343,77.5578
2015-10-22,174.7817,102.0849,111.69,86.7301,77.5663
2015-10-23,176.7492,104.9415,111.5,86.6056,77.5663
2015-10-26,176.2978,105.0067,111.43,86.5822,77.5493
2015-10-27,175.9401,105.2207,111.68,86.7768,77.5493
2015-10-28,177.9587,106.0953,110.78,86.3409,77.5493
2015-10-29,177.9161,105.9278,109.72,86.1074,77.5493
2015-10-30,177.0984,105.4533,109.3,86.372,77.5493
2015-11-02,179.1937,106.6443,108.59,86.3331,77.5493
2015-11-03,179.7132,107.0165,106.98,86.1852,77.5663
2015-11-04,179.1851,107.0258,105.97,86.0685,77.5493
2015-11-05,178.9892,106.7374,105.64,85.796,77.5493
2015-11-06,178.8956,106.8118,104.1,85.4379,77.5493
2015-11-09,177.2262,105.6766,104.4,85.4068,77.5663
2015-11-10,177.635,105.4068,104.18,85.3757,77.5493
2015-11-11,176.9366,105.2765,103.83,85.3679,77.5663
2015-11-12,174.4666,104.2529,103.85,85.3679,77.5663
2015-11-13,172.5076,102.2059,103.56,85.4847,77.5493
2015-11-16,175.1309,103.676,103.71,85.4379,77.5663
2015-11-17,175.0032,103.7412,102.34,85.5936,77.5493
2015-11-18,177.7798,105.7324,102.43,85.7182,77.5493
2015-11-19,177.6265,105.8069,103.56,86.0218,77.5663
2015-11-20,178.2738,106.5234,103.09,86.0918,77.5493
2015-11-23,178.0694,106.2163,102.26,86.193,77.5663
2015-11-24,178.3079,106.1232,102.94,86.2864,77.5493
2015-11-25,178.2823,106.2163,102.46,86.2397,77.5493
2015-11-26,178.2823,106.2163,102.46,86.2397,77.5493
2015-11-27,178.4867,106.3652,101.25,86.2864,77.5578
2015-11-30,177.7457,106.0953,101.92,86.2475,77.5663
2015-12-01,179.4407,107.1561,102.28,86.5666,77.5493
2015-12-02,177.6095,106.4954,100.69,86.2708,77.5493
2015-12-03,175.1224,104.6903,101.76,85.7337,77.5663
2015-12-04,178.5378,107.1375,104.02,85.9517,77.5663
2015-12-07,177.4561,106.6536,102.67,85.9206,77.5663
2015-12-08,176.2637,106.6629,102.84,85.9439,77.5493
2015-12-09,174.8925,105.0439,102.64,85.7804,77.5323
2015-12-10,175.3439,105.5184,102.55,85.5936,77.5493
2015-12-11,171.9455,103.0898,103.11,85.8739,77.5663
2015-12-14,172.8143,103.8714,101.79,85.2589,77.5663
2015-12-15,174.6284,104.5042,101.52,85.2122,77.5493
2015-12-16,177.1836,106.0581,102.75,84.9631,77.5663
2015-12-17,174.4836,104.5135,100.5,85.2589,77.5493
2015-12-18,171.3932,102.5151,102.04,85.4924,77.5663
2015-12-21,172.8071,103.6538,103.15,85.3368,77.5493
2015-12-22,174.3752,104.3352,102.61,85.22,77.5493
2015-12-23,176.5345,105.1099,102.31,85.2978,77.5493
2015-12-24,176.2432,105.0913,103.05,85.4457,77.5578
2015-12-25,176.2432,105.0913,103.05,85.4457,77.5578
2015-12-28,175.8404,105.0353,102.27,85.4691,77.5493
2015-12-29,177.717,106.6874,102.2,85.1422,77.5493
2015-12-30,176.4574,105.726,101.42,85.2356,77.5663
2015-12-31,174.6922,104.4099,101.46,85.3757,77.5493
2016-01-01,174.6922,104.4099,101.46,85.3757,77.5493
2016-01-04,172.2501,102.2071,102.89,85.7104,77.5663
2016-01-05,172.5414,102.0297,103.18,85.6559,77.5663
2016-01-06,170.365,101.0497,104.67,85.9283,77.5323
2016-01-07,166.2776,97.8854,106.15,85.8583,77.5493
2016-01-08,164.4525,97.0827,105.68,85.9283,77.5493
2016-01-11,164.6153,97.3814,104.74,85.4769,77.5493
2016-01-12,165.9435,98.5108,104.21,85.7104,77.5663
2016-01-13,161.8047,95.1132,104.72,85.8894,77.5493
2016-01-14,164.461,97.1387,103.02,85.8116,77.5323
2016-01-15,160.9307,94.1238,104.08,85.8116,77.5323
2016-01-18,160.9307,94.1238,104.08,85.8116,77.5323
2016-01-19,161.1449,94.3292,103.98,85.726,77.5493
2016-01-20,159.0798,94.0398,105.37,85.7727,77.5493
2016-01-21,159.971,94.1332,105.49,85.4613,77.5663
2016-01-22,163.2528,96.8587,105,85.5858,77.5323
2016-01-25,160.785,95.4213,106.08,85.7493,77.5493
2016-01-26,162.9786,96.28,107.29,85.9673,77.5323
2016-01-27,161.2049,93.8812,107.69,86.1852,77.5493
2016-01-28,162.0446,95.2066,106.54,86.3643,77.5493
2016-01-29,165.9949,97.1947,106.9492,86.7145,77.5663
2016-02-01,165.9349,97.4561,108.05,86.5589,77.5323
2016-02-02,162.9444,95.3466,108.09,86.8235,77.5323
2016-02-03,163.9212,94.8892,109.25,86.9325,77.5493
2016-02-04,164.1783,94.8799,110.57,86.9481,77.5663
2016-02-05,161.0507,91.585,112.32,86.7068,77.5663
2016-02-08,158.8828,90.1849,113.83,86.769,77.5493
2016-02-09,158.8913,89.9049,113.58,86.5744,77.5663
2016-02-10,158.7542,90.2502,114.46,86.8936,77.5493
2016-02-11,156.6891,90.1196,119.0592,87.1971,77.5578
2016-02-12,159.9196,91.4917,118.36,86.8702,77.5493
2016-02-15,159.9196,91.4917,118.36,86.8702,77.5493
2016-02-16,162.6188,93.5545,114.77,86.5122,77.5493
2016-02-17,165.2751,95.6733,115.48,86.3643,77.5493
2016-02-18,164.5981,94.5812,118.29,86.6056,77.5663
2016-02-19,164.521,94.8612,117.58,86.6756,77.5663
2016-02-22,166.9032,96.4013,115.49,86.8858,77.5661
2016-02-23,164.7952,94.8146,117.22,87.1504,77.5493
2016-02-24,165.5493,95.72,117.61,87.345,77.5663
2016-02-25,167.5544,96.6627,117.92,87.7031,77.5493
2016-02-26,167.1688,96.5413,117.11,87.4774,77.5493
2016-02-29,165.8578,95.6733,118.64,87.7732,77.5663
2016-03-01,169.7566,98.7442,117.77,87.5319,77.5663
2016-03-02,170.5192,98.7815,118.68,87.7187,77.5493
2016-03-03,171.1876,98.5948,120.73,87.8977,77.5663
2016-03-04,171.7445,98.6322,120.54,87.6253,77.5663
2016-03-07,171.8816,98.0254,121.14,87.275,77.5663
2016-03-08,170.0051,97.2134,120.58,87.6097,77.5495
2016-03-09,170.8448,97.8388,119.58,87.5552,77.5663
2016-03-10,170.9819,97.6894,121.5,87.2516,77.5663
2016-03-11,173.7411,99.3975,119.41,87.2205,77.5493
2016-03-14,173.5183,99.5655,117.87,87.1193,77.5493
2016-03-15,173.2355,99.5282,117.96,86.9481,77.5493
2016-03-16,174.238,100.4149,120.59,87.8744,77.5663
2016-03-17,175.3434,100.3589,120.13,88.069,77.5493
2016-03-18,176.0286,100.5156,119.8,88.3648,77.5493
2016-03-21,176.2784,100.9087,118.96,88.3881,77.5663
2016-03-22,176.1836,101.2177,119.31,88.1624,77.5578
2016-03-23,175.0209,100.3845,116.61,88.2558,77.5493
2016-03-24,174.9434,100.4126,116.33,88.0534,77.5663
2016-03-25,174.9434,100.4126,116.33,88.0534,77.5663
2016-03-28,175.0467,100.2722,116.6,88.1624,77.5663
2016-03-29,176.6659,101.8824,118.76,89.0887,77.5663
2016-03-30,177.4411,102.3785,117.1,89.1432,77.5663
2016-03-31,177.0105,102.2287,117.64,89.2366,77.5663
2016-04-01,178.2162,103.3147,116.93,89.3066,77.5663
2016-04-04,177.6392,102.9215,116.15,89.4156,77.5663
2016-04-05,175.865,101.9292,117.66,89.509,77.5833
2016-04-06,177.7856,103.6049,116.94,89.2755,77.5833
2016-04-07,175.6582,102.1164,118.61,89.5869,77.5663
2016-04-08,176.1319,102.0415,118.43,89.4078,77.5833
2016-04-11,175.7185,101.667,120.03,89.1821,77.5663
2016-04-12,177.355,102.5189,120.05,88.8085,77.5663
2016-04-13,179.1464,103.8296,118.77,88.8863,77.5833
2016-04-14,179.155,103.8389,117.11,88.6761,77.5833
2016-04-15,178.9569,103.5768,117.92,88.9953,77.5663
2016-04-18,180.2144,104.1291,117.74,88.9797,77.5833
2016-04-19,180.7829,103.4926,119.58,89.1354,77.5833
2016-04-20,180.9551,103.5768,118.97,88.7617,77.5833
2016-04-21,179.9819,103.5862,119.42,88.6528,77.5663
2016-04-22,179.9819,102.0228,117.89,88.5983,77.5833
2016-04-25,179.6718,102.0228,118.23,88.4971,77.5663
2016-04-26,179.9388,101.5266,118.7,88.4582,77.5833
2016-04-27,180.3092,100.7122,119.04,88.9953,77.5833
2016-04-28,178.6727,99.4951,121.29,89.4623,77.5833
2016-04-29,177.7081,98.9709,123.65,89.4234,77.6002
2016-05-02,179.1206,99.9071,123.24,89.1276,77.5833
2016-05-03,177.5617,98.9803,122.96,89.1665,77.6002
2016-05-04,176.5712,98.3437,122.21,89.2677,77.5833
2016-05-05,176.5367,98.3156,122.07,89.5557,77.5833
2016-05-06,177.1827,98.8398,123.18,89.2444,77.6002
2016-05-09,177.3291,99.1207,120.65,89.2988,77.6002
2016-05-10,179.534,100.4781,120.98,89.5713,77.6002
2016-05-11,177.8545,99.57,122.12,89.5557,77.5663
2016-05-12,177.9062,99.13,121.16,89.4934,77.5663
2016-05-13,176.3559,98.7649,121.71,89.7114,77.5663
2016-05-16,178.0957,100.0007,121.8,89.6102,77.5663
2016-05-17,176.4334,98.7462,122.22,89.6725,77.5663
2016-05-18,176.4851,99.102,120.1,88.8941,77.5833
2016-05-19,175.8736,98.5871,119.87,88.8552,77.5663
2016-05-20,176.9846,99.673,119.71,88.8085,77.5833
2016-05-23,176.7435,99.542,119.37,88.8552,77.6002
2016-05-24,179.0345,101.536,117.3,88.7695,77.5663
2016-05-25,180.2489,102.2662,116.98,88.8396,77.5833
2016-05-26,180.3005,102.5658,116.58,89.0965,77.5833
2016-05-27,181.0757,103.0994,115.62,88.9797,77.6002
2016-05-30,181.0757,103.0994,115.62,88.9797,77.6002
2016-05-31,180.7312,103.296,116.06,88.8474,77.6002
2016-06-01,181.1015,103.3053,115.94,88.712,77.6002
2016-06-02,181.6528,103.5206,115.67,89.0156,77.5833
2016-06-03,181.1101,103.0338,118.88,89.5919,77.6002
2016-06-06,182.0317,103.4083,118.92,89.6931,77.6172
2016-06-07,182.3159,103.1462,118.82,89.9345,77.6172
2016-06-08,182.9102,103.324,120.58,90.1447,77.6172
2016-06-09,182.6605,103.1555,121.25,90.1758,77.5833
2016-06-10,180.9293,101.9853,121.74,90.1758,77.5833
2016-06-13,179.534,101.1334,122.64,90.059,77.5833
2016-06-14,179.1809,101.1334,122.77,89.8332,77.5833
2016-06-15,178.9311,100.8432,123.68,90.2537,77.5833
2016-06-16,179.4651,101.1428,122.38,90.0746,77.6002
2016-06-17,178.8006,99.9601,123.95,89.8488,77.5833
2016-06-20,179.9521,100.589,123.21,89.5919,77.6002
2016-06-21,180.4629,100.9082,120.84,89.3193,77.6002
2016-06-22,180.1685,100.6641,120.9,89.5607,77.6002
2016-06-23,182.5148,102.1003,120.11,89.5919,77.6002
2016-06-24,175.9608,97.895,126.01,90.1525,77.5833
2016-06-27,172.8094,95.9519,126.68,90.4172,77.5833
2016-06-28,175.9262,98.0546,125.32,90.7287,77.5833
2016-06-29,178.9218,99.7911,125.84,90.6742,77.5833
2016-06-30,181.3633,100.9457,126.47,90.8455,77.5833
2016-07-01,181.7442,101.4526,128.41,91.5477,77.6172
2016-07-04,181.7442,101.4526,128.41,91.5477,77.6172
2016-07-05,180.4369,100.8331,129.47,91.6963,77.6172
2016-07-06,181.5191,101.6591,130.23,91.9153,77.6002
2016-07-07,181.4066,101.9595,129.74,91.7276,77.6172
2016-07-08,184.1078,103.5365,130.52,91.9309,77.6002
2016-07-11,184.7571,104.1278,129.29,91.4852,77.6172
2016-07-12,186.0991,104.6535,127.15,91.1802,77.5833
2016-07-13,186.0731,104.4,128.32,91.3757,77.6002
2016-07-14,187.112,105.1134,127.33,91.141,77.6172
2016-07-15,186.861,104.9445,126.84,91.0394,77.6002
2016-07-18,187.3631,105.6391,127.04,90.9768,77.6002
2016-07-19,187.1727,105.2542,127.21,90.9846,77.6172
2016-07-20,187.9519,106.4839,125.39,90.8204,77.6172
2016-07-21,187.2419,106.2399,127.3,90.8595,77.6172
2016-07-22,188.0817,106.681,126.35,90.7813,77.6172
2016-07-25,187.5709,106.6904,125.47,90.5858,77.6002
2016-07-26,187.6575,106.8125,126,90.7422,77.6002
2016-07-27,187.4584,107.554,128.03,91.0941,77.6172
2016-07-28,187.6748,107.9295,127.66,91.2193,77.6002
2016-07-29,187.9778,108.1642,128.98,91.4226,77.6172
2016-08-01,187.822,108.7368,129.22,90.8838,77.6002
2016-08-02,186.6186,107.9107,130.27,90.4362,77.6172
2016-08-03,187.164,108.2674,129.65,90.6953,77.6002
2016-08-04,187.3631,108.5772,129.87,91.0722,77.6002
2016-08-05,188.8955,109.6191,127.55,90.8524,77.6002
2016-08-08,188.783,109.4971,127.44,90.9152,77.6002
2016-08-09,188.8955,109.7505,127.96,91.135,77.6002
2016-08-10,188.428,109.4689,128.56,91.1586,77.6002
2016-08-11,189.3025,109.9383,127.67,90.9152,77.6002
2016-08-12,189.138,110.0134,127.4,91.1507,77.6002
2016-08-15,189.6834,110.4827,127.84,90.9152,77.6002
2016-08-16,188.7051,109.8726,128.47,90.7896,77.6002
2016-08-17,189.06,110.0697,128.5,91.0644,77.6002
2016-08-18,189.4843,110.0978,129.11,91.2214,77.6172
2016-08-19,189.2072,110.0697,127.97,91.0722,77.6002
2016-08-22,189.1986,110.1542,127.78,91.2607,77.6002
2016-08-23,189.5795,110.3513,127.76,91.3863,77.6002
2016-08-24,188.6099,109.6379,126.34,91.245,77.6172
2016-08-25,188.48,109.4595,126.23,91.1978,77.6002
2016-08-26,188.125,109.6191,126.05,90.8445,77.6002
2016-08-29,189.0514,109.7693,126.3,91.1743,77.6172
2016-08-30,188.7397,109.4126,125.03,91.0958,77.6172
2016-08-31,188.2029,109.3,124.78,91.1115,77.6172
2016-09-01,188.2116,109.5816,125.29,91.1885,77.6172
2016-09-02,189.06,109.9383,126.57,91.086,77.6342
2016-09-05,189.06,109.9383,126.57,91.086,77.6342
2016-09-06,189.6315,110.6235,128.71,91.5194,77.6342
2016-09-07,189.6141,110.6892,128.27,91.6376,77.6172
2016-09-08,189.1813,110.0415,127.59,91.3145,77.6172
2016-09-09,184.6532,107.2724,126.75,90.6841,77.6342
2016-09-12,187.3025,109.1967,126.59,90.7156,77.6002
2016-09-13,184.6099,108.2205,125.75,90.3138,77.6172
2016-09-14,184.5407,108.7368,126.18,90.4556,77.6172
2016-09-15,186.3848,110.4264,125.37,90.432,77.6172
2016-09-16,185.668,110.3737,125.06,90.5817,77.6172
2016-09-19,185.7028,109.8938,125.32,90.4714,77.6172
2016-09-20,185.7115,110.1008,125.44,90.4556,77.6172
2016-09-21,187.7999,111.183,127.27,90.8811,77.6172
2016-09-22,188.9833,112.0675,127.57,91.3303,77.6342
2016-09-23,187.9478,111.3524,127.65,91.5825,77.6342
2016-09-26,186.425,110.4207,127.55,91.6219,77.6342
2016-09-27,187.5824,111.5123,126.62,91.7007,77.6172
2016-09-28,188.5134,111.7005,126.22,91.811,77.6172
2016-09-29,186.8079,110.8913,126.07,91.7952,77.6172
2016-09-30,188.2176,111.7194,125.64,91.7952,77.6342
2016-10-03,187.7651,111.5594,125.32,91.7085,77.6172
2016-10-04,186.8079,111.39,120.97,91.2594,77.6342
2016-10-05,187.6346,111.7852,120.78,91.1096,77.6342
2016-10-06,187.7651,111.7288,119.66,91.1569,77.6342
2016-10-07,187.1212,111.4841,119.74,91.1333,77.6342
2016-10-10,188.0958,112.1899,120.16,91.0072,77.6342
2016-10-11,185.7202,110.5901,119.55,90.9363,77.6172
2016-10-12,185.9639,110.496,119.74,90.9048,77.6342
2016-10-13,185.3547,110.1008,120.03,91.0466,77.6172
2016-10-14,185.4504,110.2325,119.36,90.9599,77.6172
2016-10-17,184.8065,109.9314,119.68,91.3697,77.6172
2016-10-18,185.9639,110.9101,120.42,91.4249,77.6172
2016-10-19,186.4598,110.9007,121.11,91.5509,77.6342
2016-10-20,186.1118,110.7689,120.74,91.4091,77.6172
2016-10-21,186.1988,111.183,120.83,91.5115,77.6172
2016-10-24,186.9906,112.5192,120.56,91.3697,77.6172
2016-10-25,186.3641,112.1617,121.47,91.5115,77.6172
2016-10-26,185.99,111.3994,120.79,91.417,77.6342
2016-10-27,185.494,110.8913,121.01,91.023,77.6172
2016-10-28,184.9457,110.1949,121.58,91.1254,77.6342
2016-10-31,184.9545,110.0914,121.94,91.2988,77.6512
2016-11-01,183.6144,109.2633,122.73,91.3067,77.6342
2016-11-02,182.5093,108.3881,123.64,91.3461,77.6512
2016-11-03,181.6739,107.3247,124.3,91.086,77.6342
2016-11-04,181.4738,106.9483,124.39,91.3224,77.6512
2016-11-07,185.4765,109.4891,122.15,91.2751,77.6342
2016-11-08,186.3119,110.2043,121.64,91.1175,77.6512
2016-11-09,188.2872,110.7125,121.56,90.4398,77.6172
2016-11-10,188.7571,108.9245,119.75,90.2822,77.6172
2016-11-11,188.322,108.9716,117.1,90.0301,77.5833
2016-11-14,188.4699,107.8705,116.11,89.3366,77.6172
2016-11-15,189.9405,109.3668,117.12,89.3918,77.6342
2016-11-16,189.5837,110.0161,116.77,89.5809,77.6342
2016-11-17,190.5583,110.816,116.17,89.4312,77.6512
2016-11-18,190.132,110.4019,115.15,89.2972,77.6342
2016-11-21,191.5677,111.55,115.58,89.51,77.6172
2016-11-22,191.9419,111.8888,115.54,89.5888,77.6172
2016-11-23,192.0463,111.4371,113.25,89.2893,77.6172
2016-11-24,192.0463,111.4371,113.25,89.2893,77.6172
2016-11-25,192.7599,111.7946,112.61,89.1396,77.6342
2016-11-28,191.8549,111.5406,113.8,89.2736,77.6172
2016-11-29,192.2291,111.9264,113.27,89.3603,77.6172
2016-11-30,191.7679,110.5713,111.75,89.4075,77.6172
2016-12-01,191.063,108.661,111.54,89.1504,77.6529
2016-12-02,191.1588,108.8774,112.14,89.1978,77.6359
2016-12-05,192.3074,109.7244,111.54,89.3242,77.6359
2016-12-06,192.9165,109.9879,111.43,89.4979,77.6529
2016-12-07,195.44,111.3806,111.83,89.5769,77.6529
2016-12-08,195.9186,111.5782,111.57,89.49,77.6529
2016-12-09,197.102,112.4534,110.4,89.0794,77.6529
2016-12-12,196.8758,111.9452,110.82,89.0636,77.6359
2016-12-13,198.1897,113.3568,110.45,89.032,77.6529
2016-12-14,196.5538,113.1215,108.83,88.3291,77.6529
2016-12-15,197.3631,113.3003,107.34,87.7763,77.6529
2016-12-16,196.9793,112.8815,108.05,87.729,77.6359
2016-12-19,197.4082,113.344,108.59,88.0922,77.6529
2016-12-20,198.1697,113.7781,107.79,88.1791,77.6359
2016-12-21,197.6182,113.6932,107.85,88.4002,77.6529
2016-12-22,197.2769,113.3723,107.59,88.6766,77.6359
2016-12-23,197.5657,113.4478,107.93,88.7793,77.6359
2016-12-26,197.5657,113.4478,107.93,88.7793,77.6359
2016-12-27,198.0559,114.033,108.56,88.7398,77.6529
2016-12-28,196.4191,113.1458,108.86,88.9688,77.6518
2016-12-29,196.3753,112.9853,110.29,89.0794,77.6688
2016-12-30,195.6575,111.8244,109.61,89.3716,77.6349
2017-01-02,195.6575,111.8244,109.61,89.3716,77.6349
2017-01-03,197.1543,112.8249,110.47,89.4584,77.6688
2017-01-04,198.3272,113.4383,110.86,89.6559,77.6688
2017-01-05,198.1697,114.0801,112.58,89.9638,77.6518
2017-01-06,198.8787,115.0806,111.75,89.5927,77.6688
2017-01-09,198.2222,115.4581,112.67,89.7348,77.6688
2017-01-10,198.2222,115.713,113.15,89.8059,77.6518
2017-01-11,198.7824,116.0244,113.5,90.0902,77.6688
2017-01-12,198.2835,115.8451,113.91,90.1692,77.6688
2017-01-13,198.7386,116.2415,114.21,90.0112,77.6688
2017-01-16,198.7386,116.2415,114.21,90.0112,77.6688
2017-01-17,198.0384,115.8923,115.85,90.2955,77.6688
2017-01-18,198.476,116.1282,114.87,89.8533,77.6518
2017-01-19,197.7408,116.0716,114.77,89.7822,77.6518
2017-01-20,198.4673,116.3264,115.05,89.798,77.6688
2017-01-23,197.9508,116.4208,115.79,90.1613,77.6518
2017-01-24,199.22,117.2042,115.27,90.0112,77.6518
2017-01-25,200.9444,118.384,114.32,89.719,77.6688
2017-01-26,200.7343,118.5067,113.26,89.8533,77.6858
2017-01-27,200.4192,118.7332,113.49,90.0033,77.6518
2017-01-30,199.1763,117.8083,113.97,89.9796,77.6858
2017-01-31,199.1588,117.5723,115.55,90.1692,77.6688
2017-02-01,199.2375,118.384,115.2,89.9796,77.6732
2017-02-02,199.3689,118.2802,115.84,89.9875,77.6732
2017-02-03,200.7431,118.6199,116.13,89.8928,77.6562
2017-02-06,200.3842,118.7615,117.7,90.1139,77.6902
2017-02-07,200.393,119.1957,117.46,90.0744,77.6902
2017-02-08,200.6556,119.3939,118.19,90.2876,77.6902
2017-02-09,201.846,119.828,117.29,90.1139,77.6817
2017-02-10,202.6425,120.2244,117.6,90.185,77.6732
2017-02-13,203.7454,120.904,116.8,90.0428,77.6732
2017-02-14,204.5594,121.3098,116.93,89.8296,77.6902
2017-02-15,205.6273,122.0272,117.45,89.948,77.6732
2017-02-16,205.4522,121.9894,118.08,89.948,77.6732
2017-02-17,205.7761,122.5179,117.68,90.1534,77.6902
2017-02-20,205.7761,122.5179,117.68,90.1534,77.6902
2017-02-21,207.0015,123.122,117.75,90.1455,77.6732
2017-02-22,206.8177,123.1692,117.91,90.3113,77.6732
2017-02-23,206.9578,122.7067,118.94,90.5245,77.6732
2017-02-24,207.2204,122.9427,119.7,90.7851,77.6732
2017-02-27,207.5442,123.0937,119.12,90.5403,77.6732
2017-02-28,206.984,122.7161,119.23,90.5403,77.7072
2017-03-01,209.8813,124.0564,119.06,89.9954,77.6769
2017-03-02,208.5596,123.4335,117.58,89.7111,77.6769
2017-03-03,208.6909,123.66,117.51,89.9165,77.6939
2017-03-06,208.0694,123.3863,116.72,89.8217,77.7109
2017-03-07,207.4479,123.1786,115.78,89.6638,77.6769
2017-03-08,207.0628,123.3957,115.06,89.2768,77.6769
2017-03-09,207.3254,123.4901,114.47,89.0399,77.6769
2017-03-10,208.0519,124.0092,114.72,89.2057,77.6939
2017-03-13,208.1569,124.2168,114.74,89.0004,77.6769
2017-03-14,207.3604,123.9148,114.12,88.9372,77.6769
2017-03-15,209.1548,124.6793,116.25,89.7427,77.6939
2017-03-16,208.7434,124.5944,116.73,89.6795,77.7109
2017-03-17,208.3785,124.5511,116.99,89.877,77.7109
2017-03-20,208.1499,124.6646,117.5645,89.9987,77.6935
2017-03-21,205.4774,122.773,118.54,90.0744,77.7109
2017-03-22,205.9609,123.6053,118.83,90.2244,77.7109
2017-03-23,205.7411,123.2932,118.67,90.1218,77.6939
2017-03-24,205.5917,123.5485,118.86,90.3824,77.7109
2017-03-27,205.3807,123.7472,119.53,90.5561,77.7109
2017-03-28,206.8752,124.5038,119.04,90.256,77.7109
2017-03-29,207.0686,125.0807,119.33,90.4929,77.7109
2017-03-30,207.7279,125.2888,118.47,90.2718,77.7109
2017-03-31,207.2444,125.2037,118.72,90.5403,77.6939
2017-04-03,206.884,125.128,119.35,90.7576,77.7014
2017-04-04,207.0158,125.3266,119.62,90.6548,77.7014
2017-04-05,206.4005,124.8159,119.62,90.8288,77.7014
2017-04-06,206.9807,124.8821,119.18,90.7813,77.7014
2017-04-07,206.7697,124.8159,119.46,90.4255,77.7014
2017-04-10,206.8928,124.8632,119.46,90.4729,77.7014
2017-04-11,206.6466,124.3241,121.19,90.6469,77.7184
2017-04-12,205.7411,123.8228,122.02,90.9869,77.7014
2017-04-13,204.4049,123.331,122.6,91.1214,77.7184
2017-04-14,204.4049,123.331,122.6,91.1214,77.7184
2017-04-17,206.2159,124.3525,122.24,90.9079,77.7184
2017-04-18,205.6005,124.1633,122.82,91.1055,77.7354
2017-04-19,205.2224,124.3619,121.73,90.9395,77.7354
2017-04-20,206.8928,125.4023,121.96,90.8446,77.7354
2017-04-21,206.2334,125.3739,122.31,90.7181,77.7354
2017-04-24,208.5016,126.8872,121.48,90.6943,77.7184
2017-04-25,209.7148,127.8046,120.25,90.5441,77.7184
2017-04-26,209.5829,127.6249,120.84,90.7339,77.7354
2017-04-27,209.7587,128.391,120.39,90.813,77.7184
2017-04-28,209.3016,128.618,120.77,90.9474,77.7524
2017-05-01,209.829,129.7624,119.67,90.6422,77.7467
2017-05-02,209.9082,129.9799,119.65,90.6422,77.7297
2017-05-03,209.6532,129.5638,117.98,90.444,77.7297
2017-05-04,209.8994,129.6111,116.79,90.1031,77.7467
2017-05-05,210.7257,130.084,117.01,90.1745,77.7297
2017-05-08,210.6906,130.3677,116.75,89.8257,77.7467
2017-05-09,210.4972,130.8217,116.05,89.7464,77.7467
2017-05-10,210.8752,130.8973,116.04,89.7781,77.7637
2017-05-11,210.4444,130.7933,116.5,90.0476,77.7637
2017-05-12,210.0928,131.0865,116.83,90.1903,77.7467
2017-05-15,211.2532,131.5026,117.14,89.9525,77.7637
2017-05-16,211.0598,132.0512,117.65,90.0159,77.7637
2017-05-17,207.3148,128.6936,119.79,90.5391,77.7807
2017-05-18,208.1499,129.8191,118.81,90.6818,77.7807
2017-05-19,209.5038,130.3677,119.4,90.8404,77.7637
2017-05-22,210.5675,131.4648,119.9,90.6977,77.7807
2017-05-23,211.0334,131.5972,119.14,90.5629,77.7807
2017-05-24,211.5258,132.2025,119.61,90.6184,77.7637
2017-05-25,212.5367,133.328,119.48,90.4757,77.7807
2017-05-26,212.4928,133.5645,120.54,90.6898,77.7977
2017-05-29,212.4928,133.5645,120.54,90.6898,77.7977
2017-05-30,212.3082,133.678,120.14,90.8879,77.7637
2017-05-31,212.2554,133.6307,120.62,90.9117,77.7637
2017-06-01,213.9433,134.1508,120.72,90.8709,77.7927
2017-06-02,214.6554,135.683,121.61,91.2364,77.7757
2017-06-05,214.4972,135.6547,121.73,90.998,77.7927
2017-06-06,213.8115,135.1156,123.1,91.1013,77.7757
2017-06-07,214.2071,135.6452,122.45,90.8868,77.8097
2017-06-08,214.3126,135.7871,121.65,90.7914,77.7927
2017-06-09,213.9873,132.3917,120.54,90.712,77.8097
2017-06-12,213.9433,131.6823,120.36,90.5213,77.7927
2017-06-13,214.9895,132.7511,120.48,90.6723,77.8097
2017-06-14,214.717,132.1741,119.82,90.6882,77.7927
2017-06-15,214.3038,131.5878,119.32,90.2432,77.7927
2017-06-16,214.3505,131.0188,119.34,90.3227,77.8267
2017-06-19,216.135,133.2095,118.43,90.2194,77.8097
2017-06-20,214.6773,132.1663,118.18,90.3147,77.8097
2017-06-21,214.6243,133.4751,118.52,90.4577,77.8267
2017-06-22,214.5271,133.4372,118.92,90.7517,77.8438
2017-06-23,214.7833,133.9493,119.43,90.8232,77.8267
2017-06-26,214.9247,133.3234,118.36,90.9662,77.8097
2017-06-27,213.1932,130.905,118.81,90.5372,77.8097
2017-06-28,215.1014,132.7923,118.9,90.6087,77.8438
2017-06-29,213.2109,130.4877,118.32,90.2512,77.8267
2017-06-30,213.6084,130.5351,118.02,90.124,77.8438
2017-07-03,213.9706,129.16,116.09,89.9587,77.8526
2017-07-04,213.9706,129.16,116.09,89.9587,77.8526
2017-07-05,214.4653,130.4308,116.52,90.0941,77.8356
2017-07-06,212.5041,129.2548,116.47,89.8631,77.8526
2017-07-07,213.8823,130.6489,115.28,89.5843,77.8526
2017-07-10,214.1119,131.5025,115.47,89.5444,77.8526
2017-07-11,213.9529,131.8723,115.62,89.8312,77.8526
2017-07-12,215.5607,133.4372,116.03,90.0941,77.8356
2017-07-13,215.9229,133.7312,115.82,90.0622,77.8356
2017-07-14,216.93,134.7839,116.77,90.0542,77.8696
2017-07-17,216.9035,134.8502,117.29,90.2375,77.8526
2017-07-18,217.0184,135.7512,118.11,90.4924,77.8526
2017-07-19,218.1933,136.5478,118.08,90.5641,77.8526
2017-07-20,218.2905,136.728,118.24,90.341,77.8526
2017-07-21,218.0961,136.6711,119.26,90.4764,77.8526
2017-07-24,218.0431,137.2971,119.31,90.4764,77.8526
2017-07-25,218.5732,136.9462,118.92,90.1259,77.8526
2017-07-26,218.582,137.3919,119.88,90.3888,77.8696
2017-07-27,218.3788,136.5289,119.79,90.3251,77.8866
2017-07-28,218.1226,136.4151,120.69,90.5402,77.8696
2017-07-31,217.999,135.8366,120.75,90.5402,77.8696
2017-08-01,218.4848,136.1495,120.65,90.6177,77.8895
2017-08-02,218.5908,136.5194,120.4,90.5698,77.9066
2017-08-03,218.1668,135.9883,120.59,90.8172,77.9066
2017-08-04,218.5643,136.2349,119.65,90.6895,77.9066
2017-08-07,218.9707,137.0979,119.51,90.7932,77.9066
2017-08-08,218.4318,136.8608,119.86,90.8571,77.9066
2017-08-09,218.423,136.6806,121.31,91.0247,77.9066
2017-08-10,215.3399,133.7501,122.21,91.2562,77.9066
2017-08-11,215.6579,134.7649,122.79,91.2003,77.9236
2017-08-14,217.7958,136.5004,121.92,90.8411,77.9066
2017-08-15,217.7693,136.5953,120.98,90.5698,77.9236
2017-08-16,218.1491,136.8324,121.87,90.7294,77.9066
2017-08-17,214.748,134.0346,122.49,90.9529,77.9236
2017-08-18,214.4123,133.9398,122.3,90.9688,77.9066
2017-08-21,214.5802,133.7691,122.76,91.0008,77.9236
2017-08-22,216.824,135.8081,122.21,90.889,77.9406
2017-08-23,216.0466,135.3244,122.67,91.1364,77.9406
2017-08-24,215.5431,134.9261,122.29,90.905,77.9406
2017-08-25,216.0466,134.6416,122.74,91.0566,77.9236
2017-08-28,216.0554,135.0589,124.69,91.1285,77.9406
2017-08-29,216.3028,135.59,124.42,91.2721,77.9406
2017-08-30,217.3276,137.1833,124.36,91.2482,77.9406
2017-08-31,218.635,138.6533,125.82,91.4796,77.9577
2017-09-01,218.9442,138.4636,126.06,91.2694,77.9626
2017-09-04,218.9442,138.4636,126.06,91.2694,77.9626
2017-09-05,217.3717,137.2212,127.46,91.8613,77.9285
2017-09-06,218.1138,137.6385,126.81,91.7493,77.9626
2017-09-07,218.0873,137.9609,128.13,92.1332,77.9626
2017-09-08,217.8311,136.766,127.97,92.1492,77.9456
2017-09-11,220.1545,138.3403,126.19,91.7973,77.9456
2017-09-12,220.8965,138.6722,126.56,91.6453,77.9712
2017-09-13,221.0025,138.8619,125.61,91.4774,77.9797
2017-09-14,220.9319,138.0463,126.16,91.6213,77.9626
2017-09-15,221.2274,138.5205,125.53,91.5733,77.9626
2017-09-18,221.698,138.3397,124.36,91.5334,77.9626
2017-09-19,221.9199,138.5773,124.62,91.4294,77.9967
2017-09-20,221.9998,138.1496,123.62,91.1735,77.9967
2017-09-21,221.405,137.3037,122.68,90.9655,77.9967
2017-09-22,221.4494,137.1706,123.24,91.1975,77.9967
2017-09-25,220.9966,135.7259,124.53,91.4534,77.9967
2017-09-26,221.1298,136.0776,123.14,91.3814,77.9967
2017-09-27,221.9909,137.3037,121.98,91.1015,77.9967
2017-09-28,222.2573,137.2562,122.21,91.0375,77.9797
2017-09-29,223.0385,138.2447,121.58,90.8376,78.0138
2017-10-02,224.0062,138.3682,120.77,90.7159,78.0168
2017-10-03,224.4856,138.6629,120.83,90.8039,78.0168
2017-10-04,224.7519,138.7959,121.17,90.8839,77.9997
2017-10-05,226.0836,140.1551,120.52,90.7879,78.0168
2017-10-06,225.8262,140.3452,121.09,90.7159,77.9997
2017-10-09,225.4533,140.1836,122.08,90.7479,77.9997
2017-10-10,226.0481,140.2881,122.4,90.9079,77.9997
2017-10-11,226.4032,140.7064,122.79,91.0199,77.9997
2017-10-12,226.0659,140.4497,122.89,91.1879,78.0339
2017-10-13,226.3411,140.9915,123.82,91.3159,78.0339
2017-10-16,226.6429,141.4762,122.97,91.1079,78.0168
2017-10-17,226.8027,141.6568,122.13,90.9399,78.0339
2017-10-18,227.0247,141.4857,121.67,90.8279,78.0339
2017-10-19,227.0868,140.963,122.39,90.9479,78.0339
2017-10-20,228.2587,141.3432,121.61,90.7399,78.0509
2017-10-23,227.3709,140.4212,121.8,90.7479,78.0339
2017-10-24,227.7704,140.6588,121.33,90.6198,78.068
2017-10-25,226.6429,140.1266,121.35,90.5238,78.068
2017-10-26,226.9359,139.6799,120.33,90.4838,78.068
2017-10-27,228.7914,143.7478,120.9,90.7719,78.068
2017-10-30,227.9391,144.071,121.13,91.0119,78.0509
2017-10-31,228.2942,144.6127,120.67,91.0519,78.068
2017-11-01,228.5961,144.5652,121.11,91.1461,78.0759
2017-11-02,228.6848,144.2896,121.19,91.2823,78.0588
2017-11-03,229.4483,145.6773,120.62,91.3465,78.0588
2017-11-06,229.8035,146.1715,121.65,91.4988,78.0759
2017-11-07,229.6436,146.257,121.21,91.627,78.0759
2017-11-08,230.0343,146.8463,121.63,91.5709,78.0759
2017-11-09,229.1998,146.0765,122.13,91.5549,78.0588
2017-11-10,229.1287,146.067,121.13,91.1541,78.0759
2017-11-13,229.3418,146.2475,121.31,91.1461,78.0759
2017-11-14,228.8091,145.7153,121.56,91.2583,78.0929
2017-11-15,227.6639,145.031,121.41,91.5148,78.0759
2017-11-16,229.5993,146.8844,121.4,91.3224,78.0929
2017-11-17,228.9245,146.3236,122.86,91.4828,78.0759
2017-11-20,229.3152,146.2095,121.31,91.3465,78.0929
2017-11-21,230.8155,147.7968,121.51,91.3385,78.11
2017-11-22,230.6113,147.9774,122.63,91.611,78.11
2017-11-23,230.6113,147.9774,122.63,91.611,78.11
2017-11-24,231.144,148.5191,122.32,91.4988,78.0929
2017-11-27,231.0286,148.4526,122.83,91.4828,78.0929
2017-11-28,233.3724,148.8328,122.81,91.4747,78.1271
2017-11-29,233.2303,146.238,122.04,91.2262,78.11
2017-11-30,235.2722,147.4641,121.1,91.13,78.11
2017-12-01,234.7839,146.8368,121.59,91.4756,78.1147
2017-12-04,234.4998,145.145,121.18,91.5078,78.119
2017-12-05,233.6564,145.2401,120.32,91.6044,78.1318
2017-12-06,233.7008,145.8959,120.07,91.701,78.1233
2017-12-07,234.4377,146.3901,118.49,91.5803,78.1318
2017-12-08,235.7161,147.0364,118.48,91.54,78.1404
2017-12-11,236.4263,148.177,118.01,91.4675,78.1318
2017-12-12,236.8436,147.9774,118.15,91.54,78.1404
2017-12-13,236.817,148.2625,119.17,91.701,78.1318
2017-12-14,235.8493,148.158,118.93,91.701,78.1404
2017-12-15,237.8036,149.8403,119.18,91.701,78.1489
2017-12-18,239.3116,151.0943,119.73,91.54,78.1575
2017-12-19,238.3925,150.199,119.82,91.2663,78.1591
2017-12-20,238.2676,150.0371,120.14,90.9603,78.1591
2017-12-21,238.7583,150.0562,120.31,91.1983,78.1591
2017-12-22,238.6959,149.8847,120.94,91.2547,78.1762
2017-12-25,238.6959,149.8847,120.94,91.2547,78.1762
2017-12-26,238.4103,149.0752,121.77,91.3353,78.1677
2017-12-27,238.5263,149.0942,122.23,91.7143,78.1848
2017-12-28,239.0171,149.2752,122.85,91.7465,78.1848
2017-12-29,238.1159,148.3513,123.65,91.9803,78.1677
2018-01-01,238.1159,148.3513,123.65,91.9803,78.1677
2018-01-02,239.8202,150.9515,125.15,91.7546,78.1762
2018-01-03,241.337,152.4182,124.82,91.8433,78.1933
2018-01-04,242.3543,152.6849,125.46,91.8675,78.2019
2018-01-05,243.9693,154.2183,125.33,91.8513,78.2019
2018-01-08,244.4154,154.8184,125.31,91.7546,78.2104
2018-01-09,244.9687,154.8279,124.73,91.4563,78.2104
2018-01-10,244.5939,154.466,125.03,91.424,78.2104
2018-01-11,246.3785,155.5232,125.44,91.3273,78.2019
2018-01-12,247.9846,156.6661,126.96,91.416,78.2275
2018-01-15,247.9846,156.6661,126.96,91.416,78.2275
2018-01-16,247.1369,156.2184,127.17,91.5691,78.2104
2018-01-17,249.4926,157.9042,126.14,91.5046,78.2275
2018-01-18,249.0732,157.9328,125.86,91.424,78.2275
2018-01-19,250.2064,158.4281,126.42,91.2708,78.2361
2018-01-22,252.2408,160.1234,126.65,91.2224,78.2447
2018-01-23,252.7762,161.4473,127.28,91.3595,78.2447
2018-01-24,252.678,160.3996,128.83,91.295,78.2532
2018-01-25,252.7851,160.3425,127.97,91.4643,78.2532
2018-01-26,255.7118,162.7998,128.07,91.4079,78.2703
2018-01-29,254.0165,162.0092,127.35,91.1902,78.2532
2018-01-30,251.411,160.6758,126.8,90.9725,78.2618
2018-01-31,251.5359,161.3425,127.65,91.1983,78.2703
2018-02-01,251.2504,159.971,128.07,90.7317,78.267
2018-02-02,245.7806,156.7804,126.39,90.6188,78.2756
2018-02-05,235.5015,150.5991,126.71,90.9575,78.267
2018-02-06,240.1414,154.5898,125.38,90.5865,78.2756
2018-02-07,238.8386,152.5897,124.79,90.3849,78.2841
2018-02-08,229.8801,146.1512,124.98,90.1994,78.2756
2018-02-09,233.3332,148.6752,124.77,89.9172,78.2927
2018-02-12,236.7596,151.3134,125.37,89.9817,78.2927
2018-02-13,237.3485,152.0944,126.08,90.0462,78.2927
2018-02-14,240.5518,154.9422,128.23,89.9656,78.2927
2018-02-15,243.6213,157.8185,128.38,90.0139,78.3013
2018-02-16,243.6927,157.1137,127.96,90.1591,78.3098
2018-02-19,243.6927,157.1137,127.96,90.1591,78.3098
2018-02-20,242.1669,157.428,126.24,90.0865,78.3098
2018-02-21,240.9623,156.9804,125.66,89.8285,78.3013
2018-02-22,241.2746,156.9613,126.3,89.9091,78.3098
2018-02-23,245.1203,160.171,126.14,90.2397,78.3269
2018-02-26,247.9667,162.295,126.45,90.3526,78.3098
2018-02-27,244.8705,160.2853,125.13,90.1268,78.3269
2018-02-28,242.3899,159.2567,125,90.2559,78.3355
2018-03-01,238.8654,156.6566,124.72,90.5301,78.3434
2018-03-02,240.0968,158.0947,125.39,90.4575,78.352
2018-03-05,242.8718,159.8472,125.18,90.401,78.352
2018-03-06,243.4875,160.5234,126.53,90.3768,78.352
2018-03-07,243.3982,160.8949,125.72,90.3768,78.352
2018-03-08,244.5761,161.7807,125.42,90.4655,78.3434
2018-03-09,248.8323,164.9237,125.54,90.3285,78.3606
2018-03-12,248.52,165.7999,125.54,90.393,78.3691
2018-03-13,246.9138,163.5427,125.78,90.4655,78.3691
2018-03-14,245.6468,163.5141,125.7,90.6188,78.3691
2018-03-15,245.3791,163.3712,124.9,90.6268,78.3606
2018-03-16,245.6439,162.8855,124.6,90.4736,78.3777
2018-03-19,242.3203,159.4153,124.87,90.4172,78.3777
2018-03-20,242.7324,159.94,124.31,90.2801,78.3691
2018-03-21,242.2665,159.2436,126.48,90.4736,78.3863
2018-03-22,236.2106,155.3131,125.98,90.7397,78.3949
2018-03-23,231.1758,151.2204,127.61,90.7881,78.4034
2018-03-26,237.5006,156.8395,128.28,90.6268,78.3949
2018-03-27,233.4603,151.7642,127.49,90.9736,78.412
2018-03-28,232.7705,150.0183,125.73,90.9736,78.4206
2018-03-29,235.7447,152.7659,125.79,91.1671,78.4377
2018-03-30,235.7447,152.7659,125.79,91.1671,78.4377
2018-04-02,230.6562,148.3583,127.26,91.2578,78.4334
2018-04-03,233.6126,150.0279,126.3,91.2012,78.4248
2018-04-04,236.112,152.3938,126.45,91.1527,78.4419
2018-04-05,237.9754,153.262,125.8,90.8939,78.4505
2018-04-06,232.6719,149.4268,126.39,91.2578,78.4505
2018-04-09,233.8186,150.4762,126.82,91.2416,78.4591
2018-04-10,237.5364,153.7962,127.12,91.2012,78.4505
2018-04-11,236.2912,152.909,128.11,91.468,78.4677
2018-04-12,238.2352,154.7502,126.62,91.3224,78.4677
2018-04-13,237.5364,153.9488,127.45,91.4518,78.4677
2018-04-16,239.4894,155.1223,127.63,91.371,78.4848
2018-04-17,242.0515,158.4613,127.75,91.5084,78.4848
2018-04-18,242.2307,158.7857,127.85,91.3224,78.4763
2018-04-19,240.8869,157.326,127.6,91.1769,78.4934
2018-04-20,238.8444,154.8361,126.63,90.8616,78.4934
2018-04-23,238.8085,154.4449,125.62,90.8373,78.4934
2018-04-24,235.5924,151.1727,126.23,90.5867,78.502
2018-04-25,236.1747,151.3539,125.41,90.4492,78.5106
2018-04-26,238.5756,154.5403,124.97,90.6837,78.5191
2018-04-27,238.7996,154.6357,125.5,90.9748,78.5277
2018-04-30,236.9631,153.5386,124.59,91.0476,78.5191
2018-05-01,237.3841,155.294,123.71,90.7881,78.5254
2018-05-02,235.7895,154.3782,123.65,90.9018,78.534
2018-05-03,235.2699,154.3591,124.28,91.0155,78.534
2018-05-04,238.3158,157.2879,124.54,91.0398,78.5512
2018-05-07,239.1221,158.5949,124.57,91.0561,78.5512
2018-05-08,239.1221,158.4327,124.59,90.8937,78.5598
2018-05-09,241.4334,160.1595,124.33,90.8368,78.5598
2018-05-10,243.691,161.8194,125.18,91.0155,78.5598
2018-05-11,244.4345,161.6668,125,91.0155,78.5598
2018-05-14,244.551,161.9435,124.49,90.7881,78.5598
2018-05-15,242.8668,160.1499,122.48,90.4957,78.5769
2018-05-16,243.888,161.2089,122.29,90.3658,78.5855
2018-05-17,243.682,160.5888,122.36,90.1952,78.5855
2018-05-18,243.0728,159.7588,122.41,90.4389,78.5941
2018-05-21,244.9004,160.6555,122.48,90.4714,78.5941
2018-05-22,244.2195,160.4457,122.41,90.4307,78.5941
2018-05-23,244.8914,161.8004,122.54,90.6906,78.6027
2018-05-24,244.3897,161.7527,123.59,90.7962,78.6199
2018-05-25,243.8074,161.9148,123.21,90.9261,78.6285
2018-05-28,243.8074,161.9148,123.21,90.9261,78.6285
2018-05-29,241.0034,161.1993,123.19,91.4622,78.6285
2018-05-30,244.2195,162.3537,123.37,91.2916,78.6199
2018-05-31,242.7234,162.2487,123.1,91.3485,78.637
2018-06-01,245.1064,164.796,122.49,91.2151,78.6425
2018-06-04,246.271,166.2842,122.37,91.0277,78.6511
2018-06-05,246.4502,166.7994,122.85,91.2314,78.6511
2018-06-06,248.5107,167.7725,122.92,91.0359,78.6425
2018-06-07,248.4838,166.4082,122.86,91.3128,78.6511
2018-06-08,249.2184,166.4178,123.01,91.158,78.6683
2018-06-11,249.5499,166.8662,123.23,91.158,78.6769
2018-06-12,249.8724,167.7439,122.82,91.0847,78.6769
2018-06-13,249.0751,167.7343,123.19,91.0277,78.6683
2018-06-14,249.7022,169.4325,123.38,91.2639,78.6941
2018-06-15,249.3847,168.841,121.34,91.2965,78.6941
2018-06-18,248.8717,168.744,121.11,91.3698,78.6855
2018-06-19,247.9179,168.266,120.8,91.5164,78.7027
2018-06-20,248.3408,169.4611,120.26,91.2639,78.6941
2018-06-21,246.784,167.9887,120.05,91.4268,78.7027
2018-06-22,247.2339,167.6159,120.34,91.5572,78.7113
2018-06-25,243.8684,163.8394,119.89,91.5979,78.7285
2018-06-26,244.4083,164.5087,119.26,91.7282,78.7199
2018-06-27,242.3836,162.2715,118.58,92.0296,78.7371
2018-06-28,243.7694,163.6674,118.22,91.9074,78.7371
2018-06-29,244.1203,164.1071,118.65,91.94,78.7543
2018-07-02,244.6423,165.2066,117.46,91.9734,78.7431
2018-07-03,243.7784,163.2945,118.65,92.1696,78.7603
2018-07-04,243.7784,163.2945,118.65,92.1696,78.7603
2018-07-05,245.7671,165.3213,119.05,92.2759,78.7603
2018-07-06,247.8459,167.8931,118.86,92.4068,78.7775
2018-07-09,250.0776,169.4037,119.15,92.2187,78.7775
2018-07-10,250.9775,169.528,118.93,92.0797,78.7861
2018-07-11,249.1417,168.6675,117.64,92.1778,78.7861
2018-07-12,251.4004,171.5739,118.13,92.1042,78.7861
2018-07-13,251.5984,171.7173,117.61,92.2841,78.7947
2018-07-16,251.3734,171.3062,117.55,92.0388,78.8033
2018-07-17,252.3903,172.3483,116.28,91.9162,78.8033
2018-07-18,252.9212,172.0233,116.31,91.769,78.812
2018-07-19,251.9673,171.1628,115.81,91.8998,78.8206
2018-07-20,251.6794,171.1246,116.56,91.679,78.8292
2018-07-23,252.1473,171.6695,116,91.2457,78.8206
2018-07-24,253.4161,172.377,116.04,91.2947,78.8378
2018-07-25,255.5759,174.7863,116.68,91.3111,78.8292
2018-07-26,254.9729,172.138,115.77,91.2211,78.8378
2018-07-27,253.2452,169.8148,115.83,91.3601,78.855
2018-07-30,251.9223,167.4151,115.65,91.3111,78.8464
2018-07-31,253.1642,168.6962,115.99,91.4501,78.8636
2018-08-01,252.7412,169.3368,115.14,91.2275,78.8679
2018-08-02,254.118,171.6409,114.52,91.2768,78.8765
2018-08-03,255.2069,172.1667,114.92,91.4574,78.8765
2018-08-06,256.1428,173.1801,114.33,91.4738,78.8851
2018-08-07,256.9887,173.8111,114.59,91.3507,78.8937
2018-08-08,256.8807,174.0214,114.91,91.3589,78.8851
2018-08-09,256.5297,173.9163,114.74,91.5724,78.8937
2018-08-10,254.811,172.5874,114.69,91.868,78.911
2018-08-13,253.8571,172.3961,112.96,91.8515,78.9196
2018-08-14,255.4769,173.4765,113.07,91.7366,78.9024
2018-08-15,253.5691,171.354,111.19,91.9172,78.9196
2018-08-16,255.6209,171.9181,111.1,91.8598,78.9196
2018-08-17,256.5207,171.9564,112.13,91.9008,78.9282
2018-08-20,257.0697,171.8034,112.69,92.0815,78.9282
2018-08-21,257.6726,172.4344,113.02,92.024,78.9369
2018-08-22,257.5196,173.1036,113.27,92.2211,78.9369
2018-08-23,257.1777,172.8551,112.2,92.295,78.9627
2018-08-24,258.7255,174.4612,114.16,92.3853,78.9627
2018-08-27,260.7682,176.2395,114.59,92.2457,78.9714
2018-08-28,260.8942,176.4976,113.68,92.065,78.9714
2018-08-29,262.298,178.534,114.2,92.065,78.9627
2018-08-30,261.2361,178.2185,113.64,92.1472,78.9972
2018-08-31,261.2451,178.448,113.51,92.0404,78.9886
2018-09-03,261.2451,178.448,113.51,92.0404,78.9886
2018-09-04,260.7952,177.6831,112.93,91.9137,78.9958
2018-09-05,260.0933,175.3886,113.32,91.8231,78.9872
2018-09-06,259.3104,173.8207,113.54,91.9055,79.0044
2018-09-07,258.8064,173.1514,113.23,91.6418,79.0217
2018-09-10,259.2564,173.7346,113.15,91.6665,79.0217
2018-09-11,260.1113,175.0731,113.22,91.477,79.0304
2018-09-12,260.1743,174.5568,114.17,91.5594,79.0304
2018-09-13,261.7131,176.4211,113.76,91.4276,79.0304
2018-09-14,261.7581,175.9049,113.02,91.2628,79.039
2018-09-17,260.3722,173.3713,113.61,91.2792,79.0563
2018-09-18,261.7851,174.8054,113.44,91.0897,79.0563
2018-09-19,262.064,174.6716,113.88,90.9908,79.0563
2018-09-20,264.1877,176.6028,114.27,91.1144,79.0735
2018-09-21,263.9471,175.6372,113.49,91.1227,79.0735
2018-09-24,263.0703,176.1245,113.47,91.032,79.0822
2018-09-25,262.8262,176.364,113.65,90.9991,79.0822
2018-09-26,262.0398,176.4885,113.05,91.1556,79.0822
2018-09-27,262.772,177.9826,112.05,91.1886,79.0995
2018-09-28,262.7991,177.9443,112.76,91.1474,79.0995
2018-10-01,263.7121,178.3083,112.57,90.8767,79.1045
2018-10-02,263.5584,177.906,113.87,91.0252,79.1132
2018-10-03,263.703,178.0975,113.42,90.588,79.1132
2018-10-04,261.642,174.6783,113.48,90.3654,79.1305
2018-10-05,260.1776,172.5425,113.8,90.118,79.1391
2018-10-08,260.1776,171.4889,112.54,90.0767,79.1391
2018-10-09,259.7979,172.0444,112.6,90.3324,79.1305
2018-10-10,251.5719,164.478,112.88,90.2417,79.1478
2018-10-11,246.0306,162.438,115.78,90.3901,79.1564
2018-10-12,249.4476,166.9587,115.23,90.2499,79.1564
2018-10-15,248.0465,164.9378,116,90.3076,79.1651
2018-10-16,253.4702,169.7362,115.8,90.3159,79.1737
2018-10-17,253.5154,169.8032,115.79,90.1015,79.1737
2018-10-18,249.8544,165.8668,115.92,90.0355,79.1737
2018-10-19,249.7188,165.7136,116.01,89.953,79.1824
2018-10-22,248.5979,166.566,115.71,89.9035,79.1997
2018-10-23,247.3323,165.953,116.39,89.9283,79.1997
2018-10-24,239.8385,158.3579,116.66,90.2252,79.2083
2018-10-25,244.1414,163.8363,116.4,89.8458,79.217
2018-10-26,239.8476,159.6221,116.77,90.2994,79.2256
2018-10-29,238.5187,156.337,116.31,90.2087,79.2256
2018-10-30,242.0532,158.9134,115.8,89.9695,79.2256
2018-10-31,244.6385,162.6487,115.15,89.7633,79.2343
2018-11-01,247.2419,164.7941,116.63,89.649,79.2519
2018-11-02,245.7775,162.2273,116.65,89.3766,79.2519
2018-11-05,247.1335,161.825,116.37,89.5417,79.2606
2018-11-06,248.6973,163.051,116.04,89.5087,79.2606
2018-11-07,254.0216,168.1655,116.03,89.5747,79.2693
2018-11-08,253.5606,167.0928,115.78,89.4509,79.2779
2018-11-09,251.0838,164.2769,114.48,89.6655,79.2952
2018-11-12,246.3922,159.3061,113.66,89.8554,79.2866
2018-11-13,245.9312,159.4402,113.7,89.7811,79.2952
2018-11-14,244.2498,158.2238,114.64,89.7893,79.2866
2018-11-15,246.799,160.9917,114.77,89.8636,79.3126
2018-11-16,247.4408,160.4267,115.62,90.2351,79.3212
2018-11-19,243.2555,155.2164,115.67,90.1938,79.3126
2018-11-20,238.7538,152.4389,115.67,90.0617,79.3299
2018-11-21,239.5673,153.5978,115.86,90.0204,79.3472
2018-11-22,239.5673,153.5978,115.86,90.0204,79.3472
2018-11-23,237.9673,152.4867,115.77,89.8801,79.3472
2018-11-26,241.8091,156.0113,115.64,89.7811,79.3559
2018-11-27,242.6227,156.5381,114.95,89.5417,79.3559
2018-11-28,248.2092,161.576,115.38,89.649,79.3646
2018-11-29,247.6668,161.0492,115.74,90.1773,79.3732
2018-11-30,249.1764,162.2177,115.54,90.1938,79.3819
2018-12-03,252.4759,165.0527,116.41,90.3633,79.3795
2018-12-04,244.295,158.7218,117.12,90.6361,79.3882
2018-12-05,244.295,158.7218,117.12,90.6361,79.3882
2018-12-06,243.9244,159.8424,117.14,90.6444,79.4055
2018-12-07,238.2566,154.5651,118.09,90.7766,79.4142
2018-12-10,238.7086,156.1837,117.68,90.5535,79.4229
2018-12-11,238.7628,156.7009,117.54,90.1898,79.4142
2018-12-12,239.9651,158.0801,117.79,90.0575,79.4316
2018-12-13,239.8837,158.128,117.53,90.074,79.4402
2018-12-14,235.4543,154.2778,117.06,90.1402,79.4489
2018-12-17,230.8351,150.7819,117.87,90.2972,79.4576
2018-12-18,230.582,151.7301,118.15,90.5321,79.4576
2018-12-19,227.1288,148.0044,117.43,90.6895,79.4489
2018-12-20,223.4317,145.859,119.24,90.4328,79.4663
2018-12-21,218.8806,141.3383,118.72,90.3914,79.4837
2018-12-24,213.0971,137.843,120.02,90.5239,79.4924
2018-12-25,213.0971,137.843,120.02,90.5239,79.4924
2018-12-26,223.8638,146.4498,119.66,90.3417,79.4837
2018-12-27,225.5825,147.0165,120.57,90.3417,79.5098
2018-12-28,225.2915,146.9397,121.06,90.6067,79.5185
2018-12-31,227.2648,148.1788,121.25,90.6729,79.5272
2019-01-01,227.2648,148.1788,121.25,90.6729,79.5272
2019-01-02,227.5012,148.7744,121.33,90.8137,79.5185
2019-01-03,222.0724,143.9139,122.43,91.3436,79.5446
2019-01-04,229.5109,150.0712,121.44,91.1531,79.5533
2019-01-07,231.3205,151.8578,121.86,91.0952,79.5533
2019-01-08,233.4938,153.2315,121.53,91.1697,79.5533
2019-01-09,234.5851,154.4802,122.31,91.2773,79.5533
2019-01-10,235.4126,154.9221,121.59,91.0621,79.562
2019-01-11,235.5035,154.3553,121.8,91.3022,79.5793
2019-01-14,234.0667,152.9913,122.09,91.1366,79.5706
2019-01-15,236.7493,155.9787,121.88,91.0538,79.588
2019-01-16,237.3222,155.9499,122.27,91.0455,79.5967
2019-01-17,239.1227,157.1794,122.11,90.971,79.6141
2019-01-18,242.3054,158.7356,121.02,90.8633,79.6141
2019-01-21,242.3054,158.7356,121.02,90.8633,79.6141
2019-01-22,239.0318,155.5561,121.45,90.9213,79.6228
2019-01-23,239.5319,155.7578,121.28,90.8137,79.6228
2019-01-24,239.6592,156.7664,121.09,90.9544,79.6489
2019-01-25,241.6871,158.6395,122.86,90.8137,79.6402
2019-01-28,239.8502,156.6799,123.29,90.6895,79.6489
2019-01-29,239.5319,155.2007,123.98,90.9544,79.6489
2019-01-30,243.3239,159.1486,124.69,91.4512,79.6663
2019-01-31,245.4609,161.5309,124.75,91.9646,79.6663
2019-02-01,245.5791,160.8489,124.5,91.6417,79.6743
2019-02-04,247.3069,162.8469,123.96,91.4595,79.683
2019-02-05,248.3435,164.2877,124.28,91.5837,79.683
2019-02-06,248.0162,163.7978,123.44,91.5257,79.7004
2019-02-07,245.6518,161.5981,123.74,91.6665,79.7004
2019-02-08,245.9519,161.9151,124.21,91.7079,79.7179
2019-02-11,246.0883,161.7614,123.6,91.5175,79.7091
2019-02-12,249.2529,164.1532,123.86,91.534,79.7266
2019-02-13,250.0622,164.2685,123.37,91.5175,79.7266
2019-02-14,249.5075,164.4702,124.06,91.7741,79.744
2019-02-15,252.2264,165.1619,124.8,91.7741,79.744
2019-02-18,252.2264,165.1619,124.8,91.7741,79.744
2019-02-19,252.6629,165.4885,126.7,91.9894,79.7614
2019-02-20,253.1722,165.4596,126.48,92.0225,79.7614
2019-02-21,252.2719,164.8545,125.05,91.8652,79.7701
2019-02-22,253.836,166.0744,125.5,92.1053,79.7876
2019-02-25,254.1816,166.6796,125.37,92.0391,79.7788
2019-02-26,253.9997,166.8525,125.58,92.1716,79.7876
2019-02-27,253.8906,166.7468,124.69,91.9563,79.7963
2019-02-28,253.4177,166.3626,123.99,91.8072,79.8137
2019-03-01,255,167.5153,121.88,91.6251,79.8224
2019-03-04,254.0724,167.5441,121.56,91.7576,79.8137
2019-03-05,253.7269,167.669,121.72,91.7245,79.8224
2019-03-06,252.1901,166.718,121.61,91.8321,79.8311
2019-03-07,250.0804,164.672,121.51,92.0888,79.8486
2019-03-08,249.5802,164.4222,122.84,92.1716,79.8573
2019-03-11,253.1995,167.8419,122.24,92.155,79.8573
2019-03-12,254.1543,168.764,122.98,92.3289,79.866
2019-03-13,255.8366,170.032,123.84,92.4365,79.8748
2019-03-14,255.6729,169.7438,122.41,92.4117,79.8748
2019-03-15,256.9306,171.3192,122.97,92.7346,79.8835
2019-03-18,257.8622,171.7266,123.04,92.7263,79.8922
2019-03-19,257.9261,172.304,123.38,92.6435,79.8922
2019-03-20,257.1498,172.9873,124.18,93.2562,79.8922
2019-03-21,260.0542,175.6914,123.68,93.2479,79.9184
2019-03-22,255.0491,171.8325,123.97,93.5295,79.9184
2019-03-25,254.8573,171.5053,124.92,93.5046,79.9184
2019-03-26,256.7571,172.304,124.3,93.339,79.9271
2019-03-27,255.4145,171.1974,123.65,93.3804,79.9359
2019-03-28,256.3826,171.5919,121.9,93.4549,79.9533
2019-03-29,257.9992,172.8911,122.01,93.6205,79.9533
2019-04-01,261.0589,175.1814,121.53,93.2728,79.9669
2019-04-02,261.1868,175.8454,121.98,93.3639,79.9582
2019-04-03,261.5978,176.8558,121.8,93.0741,79.9669
2019-04-04,262.2919,176.7885,122.11,93.1403,79.9932
2019-04-05,263.5614,177.7027,121.98,93.2479,79.9932
2019-04-08,263.7624,178.155,122.51,93.1569,79.9932
2019-04-09,262.4106,177.5295,123.15,93.2479,80.0019
2019-04-10,263.3057,178.4822,123.53,93.5874,80.0019
2019-04-11,263.2326,178.0587,121.95,93.3721,80.0282
2019-04-12,265.0136,178.8286,121.83,93.1983,80.0282
2019-04-15,264.8401,178.8575,121.6,93.2479,80.0369
2019-04-16,265.0136,179.4734,120.51,93.0327,80.0369
2019-04-17,264.3652,180.0989,120.28,93.0161,80.0544
2019-04-18,264.8858,180.3298,120.37,93.2811,80.0631
2019-04-19,264.8858,180.3298,120.37,93.2811,80.0631
2019-04-22,265.1141,180.8399,120.37,93.19,80.0631
2019-04-23,267.4979,183.1398,120.12,93.4053,80.0631
2019-04-24,266.9042,182.5624,120.47,93.7282,80.0806
2019-04-25,266.7398,183.3034,120.57,93.7282,80.0981
2019-04-26,267.982,183.467,121.37,93.9352,80.0894
2019-04-29,268.4021,183.8231,120.83,93.6702,80.0981
2019-04-30,268.5391,182.3988,121.2,93.8275,80.1069
2019-05-01,266.5206,181.8118,120.4,93.6245,80.1102
2019-05-02,265.9452,181.0227,119.94,93.2435,80.119
2019-05-03,268.5482,183.9097,120.65,93.5003,80.1277
2019-05-06,267.4431,182.7837,120.81,93.6411,80.1365
2019-05-07,262.9769,179.2232,121.21,93.6908,80.1452
2019-05-08,262.6116,178.7709,120.91,93.4506,80.1452
2019-05-09,261.817,177.8085,121.2,93.608,80.154
2019-05-10,263.1322,178.0299,121.43,93.815,80.1715
2019-05-13,256.5196,171.8518,122.67,94.0138,80.1628
2019-05-14,258.8395,173.7379,122.46,94.0801,80.1715
2019-05-15,260.3556,176.1918,122.39,94.2706,80.1803
2019-05-16,262.7668,177.9625,121.51,94.1215,80.1891
2019-05-17,261.068,176.1437,120.65,94.0304,80.1978
2019-05-20,259.3418,173.1701,120.64,93.9061,80.2066
2019-05-21,261.68,174.9793,120.36,93.9558,80.2066
2019-05-22,260.8762,174.1998,120.24,93.989,80.2241
2019-05-23,257.6887,171.5342,121.17,94.1877,80.2416
2019-05-24,258.2732,171.4476,121.3,94.3451,80.2416
2019-05-27,258.2732,171.4476,121.3,94.3451,80.2416
2019-05-28,255.8711,170.8028,120.83,94.3948,80.2504
2019-05-29,254.1541,169.3978,120.87,94.5604,80.2504
2019-05-30,254.8482,170.1099,121.69,94.8752,80.2767
2019-05-31,251.4141,167.3962,123.33,95.4715,80.2767
2019-06-03,250.7747,163.7105,125.11,95.7276,80.2732
2019-06-04,256.2182,168.32,125.15,95.5361,80.2907
2019-06-05,258.4376,169.571,125.47,95.5944,80.2907
2019-06-06,260.1181,170.9183,125.88,95.5361,80.3171
2019-06-07,262.7212,174.2191,126.59,95.8859,80.3083
2019-06-10,263.9268,176.2496,125.33,95.3695,80.3258
2019-06-11,263.8628,176.4902,125.18,95.2446,80.3171
2019-06-12,263.397,175.4701,125.83,95.2945,80.3258
2019-06-13,264.4839,176.5094,126.6,95.3279,80.3522
2019-06-14,264.1916,175.7588,126.56,95.1779,80.361
2019-06-17,264.2921,176.8173,126.48,94.9947,80.361
2019-06-18,267.0595,179.3867,127.12,95.3862,80.361
2019-06-19,267.6623,180.0604,127.89,95.9358,80.3785
2019-06-20,270.2196,181.7348,131.11,96.4772,80.3873
2019-06-21,269.8284,181.4654,131.98,96.0441,80.3873
2019-06-24,269.498,181.4707,133.94,96.2273,80.3961
2019-06-25,266.8548,178.3556,134.2,96.0608,80.3961
2019-06-26,266.5886,179.185,132.97,95.9691,80.4136
2019-06-27,267.5339,179.8697,132.84,96.1524,80.4136
2019-06-28,268.9106,180.1012,133.2,96.1857,80.4224
2019-07-01,271.3519,182.5316,130.62,95.9871,80.4181
2019-07-02,272.0586,183.255,133.41,96.0373,80.4269
2019-07-03,274.2337,184.6341,133.63,96.2885,80.4533
2019-07-04,274.2337,184.6341,133.63,96.2885,80.4533
2019-07-05,273.9217,184.258,132.14,95.9955,80.4445
2019-07-08,272.4165,182.9656,131.29,96.0122,80.4445
2019-07-09,272.7561,183.8819,131.75,96.1127,80.4533
2019-07-10,274.0594,185.7143,133.83,96.2801,80.4621
2019-07-11,274.7018,185.5793,132.7,95.9787,80.4797
2019-07-12,275.9316,186.6498,133.53,96.1462,80.4885
2019-07-15,276.0234,187.2478,133.53,96.389,80.4885
2019-07-16,275.1332,186.2833,132.4,96.2299,80.4973
2019-07-17,273.2609,185.3671,134.58,96.4309,80.4973
2019-07-18,274.2613,185.5793,136.48,96.6318,80.5236
2019-07-19,272.7377,184.2194,134.47,96.4811,80.5236
2019-07-22,273.4077,185.6854,134.45,96.5062,80.5236
2019-07-23,275.3626,186.9006,133.69,96.4811,80.5148
2019-07-24,276.6567,188.2122,134.37,96.5062,80.5324
2019-07-25,275.3351,186.428,133.42,96.3471,80.55
2019-07-26,277.1798,188.3473,133.64,96.2801,80.5412
2019-07-29,276.675,187.7011,134.53,96.1964,80.5588
2019-07-30,275.9959,186.8909,134.98,96.3388,80.5588
2019-07-31,272.9764,184.3062,133.21,96.4895,80.5676
2019-08-01,270.5993,183.39,136.41,96.8412,80.5892
2019-08-02,268.5618,180.6895,135.89,96.9083,80.5892
2019-08-05,260.4853,174.3049,137.79,97.244,80.5804
2019-08-06,264.1381,176.7449,138.91,97.6049,80.5892
2019-08-07,264.2941,177.6997,141.02,97.6553,80.6068
2019-08-08,269.4796,181.5672,141.73,97.9071,80.6156
2019-08-09,267.6441,179.8601,141.26,97.8063,80.6068
2019-08-12,264.3859,177.7962,142.63,98.2008,80.6244
2019-08-13,268.4976,181.6926,141.78,98.0413,80.6332
2019-08-14,260.5588,176.2627,142.75,98.226,80.6244
2019-08-15,261.2471,176.0602,143.7,98.6624,80.6596
2019-08-16,265.1018,178.886,142.78,98.377,80.6508
2019-08-19,268.2957,181.7311,141.11,98.0078,80.6508
2019-08-20,266.2398,180.323,142.21,98.1337,80.6596
2019-08-21,268.4058,181.924,141.76,98.0329,80.6508
2019-08-22,268.3232,181.3357,141.4,97.949,80.6773
2019-08-23,261.4307,175.5972,144.17,98.5113,80.6684
2019-08-26,264.3217,178.2495,144.19,98.4022,80.6773
2019-08-27,263.2846,177.8733,145.57,98.8638,80.6861
2019-08-28,265.1385,178.5099,145.16,99.0568,80.6773
2019-08-29,268.5251,181.2393,144.12,99.1156,80.6949
2019-08-30,268.4058,180.8053,143.75,98.7379,80.7037
2019-09-02,268.4058,180.8053,143.75,98.7379,80.7037
2019-09-03,266.8364,179.05,145.75,98.62,80.7199
2019-09-04,269.8651,181.6347,146.66,98.8635,80.7111
2019-09-05,273.3343,184.962,143.14,98.4185,80.7199
2019-09-06,273.5454,184.7788,141.94,98.5024,80.7287
2019-09-09,273.6831,184.393,141.39,97.9986,80.7287
2019-09-10,273.6188,183.8626,140.18,97.436,80.7464
2019-09-11,275.5645,185.5889,141.03,97.3269,80.7375
2019-09-12,276.519,186.3605,141.32,97.2513,80.7552
2019-09-13,276.3355,185.695,140.15,96.6803,80.7552
2019-09-16,275.4819,184.8656,141.32,97.2597,80.7552
2019-09-17,276.1794,185.7529,141.6,97.3857,80.764
2019-09-18,276.3446,185.6757,140.71,97.0834,80.7817
2019-09-19,276.3263,185.9844,141.28,97.2765,80.7817
2019-09-20,275.0264,184.0169,142.95,97.8139,80.7905
2019-09-23,274.9618,184.098,143.75,97.9482,80.8082
2019-09-24,272.8042,181.6531,144.51,98.1666,80.8082
2019-09-25,274.4178,183.6922,141.83,97.6544,80.8082
2019-09-26,273.8461,183.0157,141.79,97.7131,80.8258
2019-09-27,272.3709,180.7447,141.06,97.562,80.8258
2019-09-30,273.6341,182.4648,138.87,97.646,80.8346
2019-10-01,270.3793,180.9766,139.63,97.836,80.832
2019-10-02,265.6031,177.8648,141.26,97.836,80.832
2019-10-03,267.7791,179.8169,141.9,98.1472,80.8585
2019-10-04,271.4027,182.4648,141.9,98.45,80.8585
2019-10-07,270.2317,181.914,140.69,98.1809,80.8673
2019-10-08,266.0365,179.1888,141.92,98.0884,80.8673
2019-10-09,268.5628,180.9379,142.05,97.8865,80.8673
2019-10-10,270.3793,182.3392,140.81,97.5753,80.885
2019-10-11,273.1823,184.6875,140.03,97.2725,80.8939
2019-10-14,272.878,184.6682,140.59,97.4323,80.885
2019-10-15,275.5796,187.0165,139.61,97.1043,80.8939
2019-10-16,275.137,186.5527,140.41,97.2557,80.9027
2019-10-17,275.9484,187.0455,140.61,97.3903,80.9115
2019-10-18,274.7405,185.248,140.46,97.5417,80.9115
2019-10-21,276.603,186.8909,139.79,97.2304,80.9204
2019-10-22,275.6994,185.4027,140.2,97.5248,80.9204
2019-10-23,276.5016,185.7602,140.53,97.5921,80.9204
2019-10-24,276.9534,187.5674,141.53,97.651,80.938
2019-10-25,278.0875,189.0653,141.86,97.6678,80.938
2019-10-28,279.655,190.9304,140.64,97.1968,80.9292
2019-10-29,279.572,189.4519,140.25,96.9529,80.9469
2019-10-30,280.4295,190.3699,141.02,97.3146,80.9557
2019-10-31,279.6827,190.4569,142.43,97.6174,80.9646
2019-11-01,282.2736,192.1868,142.56,97.7602,80.9634
2019-11-04,283.4077,193.3754,142.15,97.6929,80.9722
2019-11-05,283.0942,193.4817,139.85,97.5078,80.9634
2019-11-06,283.1588,193.0468,140.45,97.8191,80.9722
2019-11-07,284.1546,193.6943,138.27,97.2723,80.99
2019-11-08,284.8553,194.4674,137.39,97.2134,80.99
2019-11-11,284.3113,194.2065,137.06,97.2639,80.99
2019-11-12,284.9106,194.767,137.43,97.247,80.9988
2019-11-13,285.0028,194.8153,137.98,97.3312,80.9988
2019-11-14,285.4178,194.6607,138.56,97.5583,81.0077
2019-11-15,287.4831,196.091,138.21,97.4405,80.9988
2019-11-18,287.6952,196.2456,138.62,97.634,81.0165
2019-11-19,287.6122,196.5355,138.69,97.8107,81.0077
2019-11-20,286.5426,195.3565,138.76,98.1892,81.0165
2019-11-21,286.0816,194.9216,138,97.9705,81.0165
2019-11-22,286.7178,195.0473,137.74,98.0041,81.0254
2019-11-25,288.9399,197.357,137.08,98.1135,81.0254
2019-11-26,289.5946,197.7339,137.74,98.3238,81.0342
2019-11-27,290.8855,199.1158,137.01,98.1303,81.0519
2019-11-28,290.8855,199.1158,137.01,98.1303,81.0519
2019-11-29,289.8067,198.2074,137.86,97.9032,81.0519
2019-12-02,287.3448,196.178,137.79,97.7638,81.0583
2019-12-03,285.4178,194.6414,139.11,98.37,81.0494
2019-12-04,287.1789,195.6271,138.92,98.3027,81.0583
2019-12-05,287.6952,196.0137,139,98.1595,81.076
2019-12-06,290.323,198.1107,137.62,98.0922,81.076
2019-12-09,289.4102,197.212,137.58,98.1174,81.0849
2019-12-10,289.0875,197.0477,137.97,98.0922,81.0849
2019-12-11,289.9081,198.0914,138.92,98.4374,81.0849
2019-12-12,292.4068,199.57,138.43,97.9574,81.1026
2019-12-13,292.582,200.2272,139.05,98.3532,81.0849
2019-12-16,294.5921,202.2373,139.04,98.1258,81.1026
2019-12-17,294.6566,202.3532,139.01,98.2606,81.0937
2019-12-18,294.675,202.5078,139.02,98.1511,81.1115
2019-12-19,295.8829,203.7738,139.38,98.3098,81.1203
2019-12-20,297.1738,204.5953,139.52,98.2593,81.1248
2019-12-23,297.6278,205.1342,139.95,98.0907,81.1248
2019-12-24,297.6371,205.2407,141.27,98.2087,81.1336
2019-12-25,297.6371,205.2407,141.27,98.2087,81.1336
2019-12-26,299.2215,207.0518,142.38,98.2761,81.1425
2019-12-27,299.1473,206.8774,142.33,98.3098,81.1336
2019-12-30,297.4981,205.5216,142.63,98.3435,81.1425
2019-12-31,298.2208,205.9089,142.9,98.2424,81.1425
2020-01-01,298.2208,205.9089,142.9,98.2424,81.1425
2020-01-02,301.0097,209.3471,143.95,98.7228,81.1691
2020-01-03,298.7304,207.4295,145.86,99.1779,81.1691
2020-01-06,299.87,208.766,147.39,98.925,81.1603
2020-01-07,299.0269,208.7369,147.97,98.6216,81.1603
2020-01-08,300.6206,210.3059,146.86,98.5289,81.178
2020-01-09,302.659,212.0879,146.03,98.5205,81.1869
2020-01-10,301.788,211.5455,146.91,98.8155,81.1869
2020-01-13,303.8635,213.9861,145.82,98.7986,81.1869
2020-01-14,303.4002,213.1435,145.69,98.9335,81.1869
2020-01-15,304.0859,213.2307,146.54,99.0093,81.1958
2020-01-16,306.6154,215.2742,146.31,98.8492,81.2135
2020-01-17,307.5697,216.3395,146.58,98.6891,81.2046
2020-01-20,307.5697,216.3395,146.58,98.6891,81.2046
2020-01-21,306.9675,216.2427,146.74,99.0093,81.2135
2020-01-22,307.0045,216.8141,146.79,98.9419,81.2135
2020-01-23,307.3566,217.5114,147.12,99.1442,81.2224
2020-01-24,304.6233,215.6809,147.98,99.3633,81.2224
2020-01-27,299.7403,211.2259,148.99,99.5908,81.2313
2020-01-28,302.8813,214.4703,147.66,99.4391,81.2313
2020-01-29,302.6312,214.819,148.46,99.8015,81.2401
2020-01-30,303.6133,215.5841,148.47,99.9111,81.2401
2020-01-31,298.1003,212.1653,149.33,100.3409,81.2401
2020-02-03,300.3148,215.371,148.36,100.1022,81.2475
2020-02-04,304.892,220.3006,146.43,99.6719,81.2475
2020-02-05,308.4129,221.027,146.61,99.3766,81.2653
2020-02-06,309.4506,222.9349,147.4,99.5622,81.2742
2020-02-07,307.8014,221.9761,147.79,99.9672,81.2742
2020-02-10,310.0992,224.6588,148.17,100.1191,81.2653
2020-02-11,310.6366,224.6975,147.66,99.8238,81.2742
2020-02-12,312.638,226.8863,147.54,99.7225,81.2831
2020-02-13,312.3044,226.5957,148.38,99.9334,81.292
2020-02-14,312.8047,227.2446,149,100.0094,81.292
2020-02-17,312.8047,227.2446,149,100.0094,81.292
2020-02-18,311.9986,227.3318,150.91,100.2287,81.3008
2020-02-19,313.4904,229.5109,151.79,100.1865,81.3008
2020-02-20,312.2025,227.3802,152.41,100.3806,81.3008
2020-02-21,308.9873,223.0123,154.7,100.5662,81.3186
2020-02-24,298.7397,214.4122,156.09,101.0302,81.3097
2020-02-25,289.6872,208.582,153.3,100.8615,81.3097
2020-02-26,288.6217,209.657,153.97,100.8109,81.3275
2020-02-27,275.6592,199.1586,154,101.1062,81.3453
2020-02-28,274.501,199.3136,148.38,101.2665,81.3364
2020-03-02,286.3887,209.5989,149.2,101.5027,81.3606
2020-03-03,278.1887,202.8776,153.89,102.532,81.3784
2020-03-04,289.8818,211.3421,154.16,102.3801,81.414
2020-03-05,280.2456,204.9211,157.49,102.7007,81.4318
2020-03-06,275.6129,201.4636,157.55,103.3841,81.4318
2020-03-09,254.089,187.4691,157.81,101.258,81.4674
2020-03-10,267.2368,197.6769,154.48,98.3558,81.4496
2020-03-11,254.2094,189.067,153.93,96.1285,81.4674
2020-03-12,229.8874,171.7312,147.79,95.9007,81.4763
2020-03-13,249.5396,186.2778,143.28,96.2803,81.4941
2020-03-16,222.2341,163.964,141.64,95.6138,81.503
2020-03-17,234.2329,176.3993,143.56,92.9394,81.503
2020-03-18,222.373,171.0339,140.7,91.8004,81.5207
2020-03-19,222.8456,172.0605,138.04,93.5806,81.503
2020-03-20,213.298,165.3199,140.11,97.7483,81.5296
2020-03-23,207.8443,165.4387,146.3,99.5875,81.5119
2020-03-24,226.6757,178.2499,153.4,99.6466,81.5119
2020-03-25,230.0691,176.9299,151.3,100.6084,81.5119
2020-03-26,243.5027,186.2471,153.24,101.123,81.5119
2020-03-27,236.2499,179.8415,152.25,101.4521,81.4941
2020-03-30,243.9223,186.383,152.92,99.8406,81.4941
2020-03-31,240.2865,184.7913,148.05,99.4863,81.503
2020-04-01,229.4724,176.9396,149.45,100.0904,81.4961
2020-04-02,234.7676,180.5306,151.9,101.6197,81.505
2020-04-03,231.3742,177.9684,152.65,102.5153,81.4783
2020-04-06,246.9148,190.6922,156.88,102.4477,81.4872
2020-04-07,247.1665,190.6146,156.04,102.3801,81.4694
2020-04-08,255.4635,194.6617,154.65,101.6788,81.4783
2020-04-09,259.3509,194.9432,158.69,102.6843,81.4605
2020-04-10,259.3509,194.9432,158.69,102.6843,81.4605
2020-04-13,256.983,197.0493,161.41,102.8702,81.4783
2020-04-14,264.5622,205.6192,162.68,103.1744,81.4872
2020-04-15,258.9407,203.2607,161.85,103.2842,81.4783
2020-04-16,260.1899,206.9682,161.71,102.3886,81.4694
2020-04-17,267.2191,208.9481,158.57,101.8985,81.4872
2020-04-20,262.5112,206.4732,159.7,101.5859,81.4783
2020-04-21,254.5405,198.8545,158.61,102.1013,81.4783
2020-04-22,260.1899,204.7554,161.73,102.7181,81.4783
2020-04-23,260.1713,204.3186,163.34,102.659,81.4872
2020-04-24,263.7977,207.5408,162.64,103.242,81.4783
2020-04-27,267.6013,209.2102,161.56,103.0392,81.4783
2020-04-28,266.3707,205.2698,160.84,103.394,81.4783
2020-04-29,273.3439,212.5488,161.73,103.2673,81.4694
2020-04-30,270.7989,212.4615,158.8,102.4984,81.4872
2020-05-01,263.6299,206.4732,159.78,102.4966,81.4732
2020-05-04,264.3571,208.8802,160.34,102.5983,81.4732
2020-05-05,266.7996,211.2483,161.02,102.7168,81.4732
2020-05-06,264.991,212.5488,158.95,102.2171,81.4821
2020-05-07,268.1886,215.2858,161.39,102.8608,81.4732
2020-05-08,272.6261,218.2362,160.42,102.8269,81.4732
2020-05-11,272.6821,220.187,159.42,102.4712,81.4821
2020-05-12,267.2471,215.5769,160.04,102.5644,81.4821
2020-05-13,262.5206,212.8788,161.58,102.6575,81.4821
2020-05-14,265.6622,215.2955,163.01,102.7761,81.491
2020-05-15,266.8835,216.693,163.93,102.954,81.4732
2020-05-18,275.0127,220.7305,162.69,102.9455,81.4732
2020-05-19,272.188,220.1773,164.26,102.8269,81.4732
2020-05-20,276.8119,224.5739,164.65,103.1319,81.4732
2020-05-21,274.9008,222.1281,162.25,103.0218,81.4821
2020-05-22,275.4229,222.8948,163.21,103.081,81.4732
2020-05-25,275.4229,222.8948,163.21,103.081,81.4732
2020-05-26,278.8162,222.2931,160.89,102.6999,81.4821
2020-05-27,282.9647,223.5063,161.18,102.8015,81.4732
2020-05-28,282.4427,223.2151,161.72,103.1234,81.4732
2020-05-29,283.7012,226.4858,162.91,103.1658,81.4732
2020-06-01,284.8479,227.1652,163.66,103.2928,81.4821
2020-06-02,287.2064,228.689,162.6,103.0641,81.4821
2020-06-03,291.0287,229.7177,159.6,102.7253,81.4821
2020-06-04,290.2642,228.1066,161.28,102.3357,81.4821
2020-06-05,297.7035,232.6294,158.01,102.3272,81.4643
2020-06-08,301.302,234.4346,159.72,102.5474,81.4732
2020-06-09,299.0553,236.133,161.26,102.6491,81.4732
2020-06-10,297.3866,238.967,163.57,103.4368,81.4821
2020-06-11,280.2426,227.1264,162.39,103.4707,81.4643
2020-06-12,283.5987,228.9316,162.62,103.1912,81.4821
2020-06-15,286.2462,231.717,162.33,103.2335,81.4821
2020-06-16,291.7558,235.6963,162.25,103.1827,81.4821
2020-06-17,290.5439,236.4436,162.56,103.1149,81.4821
2020-06-18,290.6558,237.0841,162.24,103.5808,81.4732
2020-06-19,289.0022,237.0453,164.03,103.7841,81.4732
2020-06-22,290.8562,239.8834,165.09,104.0466,81.4732
2020-06-23,292.1952,241.9251,166.48,104.1059,81.4732
2020-06-24,284.7417,236.9376,165.9,103.9619,81.4732
2020-06-25,287.7943,239.1932,165.8,104.0551,81.4821
2020-06-26,280.9587,233.5446,166.54,104.233,81.4732
2020-06-29,285.0881,236.0918,166.63,104.3516,81.4732
2020-06-30,288.74,240.7195,167.37,104.1822,81.4732
2020-07-01,290.7626,243.5292,166.62,104.2499,81.4732
2020-07-02,292.3638,245.182,166.98,104.5379,81.4821
2020-07-03,292.3638,245.182,166.98,104.5379,81.4821
2020-07-06,296.8771,251.2097,167.98,104.7412,81.4732
2020-07-07,293.8151,249.4792,169.04,104.7666,81.4732
2020-07-08,296.0624,252.7652,170.09,104.5803,81.4732
2020-07-09,294.377,254.8944,169.63,104.8513,81.4732
2020-07-10,297.3827,256.6346,169.19,104.7412,81.4821
2020-07-13,294.8077,251.3555,169.4,104.9699,81.4821
2020-07-14,298.6281,253.1347,170.19,104.9868,81.4821
2020-07-15,301.3717,253.65,170.34,104.9275,81.4821
2020-07-16,300.3791,251.9194,168.73,105.1393,81.4732
2020-07-17,301.2499,252.2111,170.12,105.3341,81.4821
2020-07-20,303.6845,259.3666,170.94,105.4781,81.4821
2020-07-21,304.3306,256.6638,173,105.7152,81.4821
2020-07-22,306.0629,257.568,175.63,105.7152,81.4732
2020-07-23,302.411,250.8403,177.18,105.7661,81.4821
2020-07-24,300.4634,248.4583,178.7,105.7407,81.4732
2020-07-27,302.6545,252.8916,182.23,105.7407,81.4732
2020-07-28,300.7349,249.6736,183.75,105.9355,81.4821
2020-07-29,304.4336,252.5514,185.13,106.1811,81.4821
2020-07-30,303.3474,253.8736,183.76,106.2912,81.4732
2020-07-31,305.7445,258.4041,185.43,106.6046,81.4821
2020-08-03,307.8701,261.8943,185.64,106.7486,81.4732
2020-08-04,309.0593,262.8665,189.59,106.9858,81.4821
2020-08-05,310.9789,263.5179,191.35,107.0366,81.4732
2020-08-06,313.0576,267.0081,193.89,107.1552,81.4732
2020-08-07,313.2823,263.9262,190.81,106.8672,81.4821
2020-08-10,314.2187,262.7985,190.15,106.7401,81.4821
2020-08-11,311.625,257.8207,179.94,106.503,81.4732
2020-08-12,315.9697,264.3054,179.1,106.5707,81.4732
2020-08-13,315.3985,264.9082,183.33,106.2997,81.4821
2020-08-14,315.4079,264.5971,182.54,106.1218,81.4732
2020-08-17,316.4098,267.6692,186.5,106.3505,81.4732
2020-08-18,317.0934,270.2456,188.18,106.8248,81.4821
2020-08-19,315.7731,268.4276,182.24,106.503,81.4821
2020-08-20,316.7563,272.1511,183.5,106.4013,81.4821
2020-08-21,317.8799,274.0372,182.03,106.7655,81.4821
2020-08-24,321.101,275.7483,181,106.9773,81.4821
2020-08-25,322.2247,277.9164,181.22,106.9434,81.4732
2020-08-26,325.4552,283.8468,183.36,107.1552,81.4732
2020-08-27,326.1668,282.9621,181.24,106.7317,81.4732
2020-08-28,328.2737,284.401,184.39,107.0705,81.4821
2020-08-31,327.0845,286.6857,184.83,107.5533,81.4821
2020-09-01,330.1651,291.5856,185.05,107.6125,81.4821
2020-09-02,334.9406,294.3467,182.62,107.6549,81.4821
2020-09-03,323.4139,279.4233,181.14,107.2822,81.4732
2020-09-04,320.7733,275.6997,181.64,106.9519,81.4821
2020-09-07,320.7733,275.6997,181.64,106.9519,81.4821
2020-09-08,312.0089,262.4485,181.29,107.0535,81.4821
2020-09-09,318.1702,270.1581,183.05,107.1128,81.4732
2020-09-10,312.6456,264.7721,182.46,107.206,81.4732
2020-09-11,312.8048,262.9346,182.45,107.1467,81.4643
2020-09-14,316.9248,267.5137,183.89,107.0789,81.4821
2020-09-15,318.526,271.3053,183.45,107.1552,81.4643
2020-09-16,317.2619,266.979,183.97,107.1552,81.4821
2020-09-17,314.4715,262.8082,182.96,107.2145,81.4821
2020-09-18,310.8658,259.4541,183.2,107.1213,81.4643
2020-09-21,307.406,260.4537,179.52,106.9265,81.4643
2020-09-22,310.5367,265.2926,178.65,106.9604,81.4643
2020-09-23,303.335,257.1921,174.79,106.8502,81.4643
2020-09-24,304.1436,258.3896,175.44,106.9265,81.4732
2020-09-25,309.0606,264.3969,174.94,107.0705,81.4643
2020-09-28,314.194,269.8881,176.7,107.2907,81.4732
2020-09-29,312.4828,268.6711,178.19,107.4686,81.4732
2020-09-30,314.8521,270.5112,177.12,107.1467,81.4643
2020-10-01,316.8734,274.8049,178.7,107.1275,81.4643
2020-10-02,313.8649,267.0744,178.54,107.1445,81.4643
2020-10-05,319.4307,272.7701,179.41,106.8215,81.4643
2020-10-06,314.8897,267.9019,177.3,106.8385,81.4732
2020-10-07,320.3708,272.5364,177.22,106.83,81.4643
2020-10-08,323.2101,273.9871,177.85,107.2549,81.4643
2020-10-09,326.0964,278.1737,181.08,107.2889,81.4643
2020-10-12,331.3426,286.761,180.56,107.3569,81.4732
2020-10-13,329.1802,286.7513,177.72,107.3569,81.4643
2020-10-14,327.1118,284.3562,178.27,107.3569,81.4643
2020-10-15,326.7076,282.4479,178.92,107.3229,81.4643
2020-10-16,326.5101,280.8998,178.3,107.3654,81.4732
2020-10-19,321.546,276.314,178.39,107.1105,81.4732
2020-10-20,322.8341,276.9079,179.25,107.017,81.4643
2020-10-21,322.223,276.6937,180.6,106.983,81.4643
2020-10-22,323.9905,276.684,178.83,106.8215,81.4732
2020-10-23,325.0905,277.2292,178.64,106.949,81.4732
2020-10-26,319.0828,273.0719,178.55,107.034,81.4732
2020-10-27,317.9828,275.2041,179.02,107.2464,81.4643
2020-10-28,307.1145,264.4748,176.13,107.1105,81.4643
2020-10-29,310.2359,269.0995,175.4,106.7451,81.4732
2020-10-30,307.0017,262.2744,176.2,106.4221,81.4732
2020-11-02,310.4427,262.8586,177.91,106.8112,81.4732
2020-11-03,315.9239,267.4054,178.92,106.726,81.4732
2020-11-04,322.9845,279.342,178.82,106.9049,81.4643
2020-11-05,329.2836,286.6247,182.93,106.9901,81.4732
2020-11-06,329.2084,286.8389,183.19,106.5045,81.4643
2020-11-09,333.3451,280.9777,175.08,106.1978,81.4732
2020-11-10,332.8562,275.9441,175.66,106.3,81.4643
2020-11-11,335.3289,282.1168,174.9,106.4874,81.4643
2020-11-12,332.0759,280.7927,175.96,106.7856,81.4643
2020-11-13,336.6733,283.256,177.16,106.7771,81.4732
2020-11-16,340.8759,285.4661,177.15,106.6323,81.4732
2020-11-17,339.0425,284.5606,176.5,106.8112,81.4732
2020-11-18,334.9622,282.4576,175.49,106.8453,81.4732
2020-11-19,336.3725,284.6677,175.16,106.956,81.4732
2020-11-20,334.0691,282.7205,175.69,107.1946,81.4732
2020-11-23,336.0716,282.7302,172.23,107.1094,81.4732
2020-11-24,341.487,286.7026,169.59,107.1435,81.4732
2020-11-25,340.9605,288.4648,169.51,107.3224,81.4643
2020-11-26,340.9605,288.4648,169.51,107.3224,81.4643
2020-11-27,341.91,291.1228,167.79,107.5865,81.4732
2020-11-30,340.3964,291.7167,166.67,107.7058,81.4643
2020-12-01,344.1194,295.4555,170.18,107.4612,81.4583
2020-12-02,344.8434,295.8352,171.46,107.5379,81.4672
2020-12-03,344.7493,296.2538,172.81,107.8364,81.4672
2020-12-04,347.7203,297.4611,172.32,107.6061,81.4761
2020-12-07,347.0057,299.1455,174.89,107.8876,81.4583
2020-12-08,348.0211,300.158,175.5,108.0667,81.4583
2020-12-09,344.8998,293.3622,172.5,107.9302,81.4583
2020-12-10,344.7869,294.5402,172.17,108.1776,81.4583
2020-12-11,344.3827,293.8879,172.49,108.169,81.4672
2020-12-14,342.8408,296.0202,171.54,108.169,81.4583
2020-12-15,347.4758,299.1844,173.94,108.3652,81.4583
2020-12-16,348.0211,300.8298,174.9,108.3567,81.4672
2020-12-17,349.9673,302.7966,176.74,108.419,81.4672
2020-12-18,348.5758,301.8814,176.44,108.3678,81.4672
2020-12-21,347.3295,301.318,175.88,108.3508,81.4672
2020-12-22,346.7441,302.1373,174.49,108.4531,81.4672
2020-12-23,347.0557,300.6157,175.65,108.5043,81.4583
2020-12-24,348.4059,301.9422,176.35,108.547,81.4672
2020-12-25,348.4059,301.9422,176.35,108.547,81.4672
2020-12-28,351.3989,304.9854,175.71,108.6237,81.4672
2020-12-29,350.7286,305.2585,176.35,108.5726,81.4672
2020-12-30,351.229,305.2683,177.7,108.6579,81.4583
2020-12-31,353.0135,306.0193,178.36,108.8882,81.4672
2021-01-01,353.0135,306.0193,178.36,108.8882,81.4672
2021-01-04,348.2076,301.6984,182.33,109.0076,81.4672
2021-01-05,350.6058,304.1856,182.87,108.9735,81.4583
2021-01-06,352.7019,299.9719,179.9,108.6493,81.4672
2021-01-07,357.9422,307.2288,179.48,108.5811,81.4672
2021-01-08,359.9816,311.1792,173.34,108.1546,81.4583
2021-01-11,357.555,306.6826,173,107.9243,81.4672
2021-01-12,357.6306,306.1949,174.12,108.0693,81.4583
2021-01-13,358.5937,308.2627,173.37,108.3081,81.4583
2021-01-14,357.3379,306.6143,173.28,108.3593,81.4672
2021-01-15,354.7319,304.1856,171.13,108.4787,81.4672
2021-01-18,354.7319,304.1856,171.13,108.4787,81.4672
2021-01-19,357.5173,308.6236,172.58,108.7346,81.4672
2021-01-20,362.4648,315.8025,175.39,108.8967,81.4672
2021-01-21,362.7953,318.3288,175.28,109.1611,81.4672
2021-01-22,361.5112,317.4119,173.9,108.9905,81.4583
2021-01-25,362.9369,320.0357,174.05,109.272,81.4672
2021-01-26,362.3704,320.5039,173.62,109.11,81.4583
2021-01-27,353.5139,311.5693,172.52,109.0758,81.4583
2021-01-28,356.5542,313.4128,172.68,109.2891,81.4672
2021-01-29,349.4161,306.8192,172.61,109.1782,81.4672
2021-02-01,355.2323,314.4857,174.23,108.9394,81.4672
2021-02-02,360.2554,319.6163,172.11,109.1014,81.4583
2021-02-03,360.5387,318.3483,171.85,109.0417,81.4583
2021-02-04,364.6365,322.1133,168.15,108.9649,81.4672
2021-02-05,366.0716,323.2057,169.81,108.9394,81.4672
2021-02-08,368.7154,325.3711,171.52,109.0417,81.4672
2021-02-09,368.4699,325.3028,172.08,109.1014,81.4672
2021-02-10,368.3094,324.5615,172.71,109.1953,81.4583
2021-02-11,368.9042,326.3465,171.21,109.0673,81.4672
2021-02-12,370.7265,328.1705,170.69,108.8882,81.4583
2021-02-15,370.7265,328.1705,170.69,108.8882,81.4583
2021-02-16,370.4055,327.2829,168.24,108.3593,81.4672
2021-02-17,370.4904,325.7125,166.33,108.3167,81.4672
2021-02-18,368.9136,324.2884,166.32,107.8645,81.4583
2021-02-19,368.2622,322.8741,167.01,107.4039,81.4672
2021-02-22,365.4296,314.5052,169.51,107.3954,81.4583
2021-02-23,365.8734,313.5689,169.12,107.421,81.4583
2021-02-24,369.905,316.1537,169,107.3357,81.4494
2021-02-25,360.9919,305.1317,165.82,106.022,81.4583
2021-02-26,359.1318,306.4095,161.81,107.3357,81.4583
2021-03-01,367.8373,315.6269,161.53,106.9774,81.4494
2021-03-02,364.9669,310.5647,162.41,107.4124,81.4494
2021-03-03,360.1327,301.552,160.62,107.1395,81.4583
2021-03-04,355.6761,296.6166,159.04,106.73,81.4583
2021-03-05,362.2193,301.0839,159.14,106.8409,81.4583
2021-03-08,360.4159,292.5589,157.49,106.2523,81.4494
2021-03-09,365.5618,304.0978,160.84,106.9177,81.4494
2021-03-10,367.8373,303.2297,161.66,107.4039,81.4494
2021-03-11,371.5668,310.2135,161.52,107.4977,81.4583
2021-03-12,372.0672,307.697,161.49,106.6533,81.4494
2021-03-15,374.2861,310.9841,162.2,106.9689,81.4494
2021-03-16,373.814,312.691,162.35,107.1907,81.4494
2021-03-17,375.0886,313.9785,163.51,107.0968,81.4583
2021-03-18,369.6312,304.3612,162.56,106.3376,81.4494
2021-03-19,368.9493,305.4341,163.24,106.5424,81.4494
2021-03-22,371.8954,311.1545,163,107.0542,81.4494
2021-03-23,368.9683,309.797,161.81,107.276,81.4583
2021-03-24,367.0926,304.5722,162.37,107.5575,81.4494
2021-03-25,369.1577,304.0448,161.78,107.4807,81.4494
2021-03-26,375.1067,308.6055,162.24,107.5063,81.4494
2021-03-29,374.9172,308.5176,160.31,107.2163,81.4494
2021-03-30,373.9226,306.9649,157.57,107.0286,81.4583
2021-03-31,375.4382,311.6623,159.96,107.0542,81.4494
2021-04-01,379.4926,316.975,161.98,107.3613,81.4583
2021-04-02,379.4926,316.975,161.98,107.3613,81.4583
2021-04-05,384.9395,323.3034,161.92,107.0535,81.4494
2021-04-06,384.7122,323.0787,163.22,107.1134,81.4405
2021-04-07,385.1574,323.86,162.76,107.1818,81.4405
2021-04-08,386.9857,327.2391,164.51,107.4212,81.4494
2021-04-09,389.7991,329.2216,163.27,107.1903,81.4405
2021-04-12,389.9412,328.7919,162.28,107.2074,81.4405
2021-04-13,391.0969,332.6299,163.43,107.6007,81.4405
2021-04-14,389.7612,328.6356,162.72,107.6007,81.4405
2021-04-15,393.9482,333.6163,165.35,108.1822,81.4494
2021-04-16,395.265,334.0069,166.35,108.148,81.4494
2021-04-19,393.323,330.9501,165.89,107.9599,81.4405
2021-04-20,390.4433,328.5379,166.48,108.0283,81.4405
2021-04-21,394.1377,331.3505,168.13,108.1309,81.4405
2021-04-22,390.538,327.3563,167.04,108.2591,81.4494
2021-04-23,394.7724,331.4775,166.4,108.3104,81.4494
2021-04-26,395.5965,333.6358,166.84,108.3703,81.4405
2021-04-27,395.5113,332.1904,166.42,108.3617,81.4494
2021-04-28,395.3976,331.0673,166.91,108.7038,81.4405
2021-04-29,397.9174,332.2588,166.22,108.6525,81.4405
2021-04-30,395.3028,330.081,165.66,108.5841,81.4494
2021-05-03,396.1554,328.3231,167.81,108.8536,81.4494
2021-05-04,393.7114,322.4147,166.58,109.1025,81.4405
2021-05-05,393.8346,321.3306,167.27,109.5919,81.4494
2021-05-06,396.9795,323.7526,170.06,109.4631,81.4494
2021-05-07,399.8688,326.3797,171.59,109.6949,81.4405
2021-05-10,395.9091,318.1372,172.11,109.7464,81.4405
2021-05-11,392.3757,317.6977,172.14,109.4545,81.4405
2021-05-12,384.0396,309.4747,170.43,109.2657,81.4316
2021-05-13,388.6529,311.8674,171.13,109.2914,81.4316
2021-05-14,394.6208,318.7524,172.69,109.6778,81.4316
2021-05-17,393.6167,316.8187,174.7,109.8924,81.4405
2021-05-18,390.2254,314.68,175.04,109.7293,81.4405
2021-05-19,389.2023,315.0413,175.16,108.9823,81.4316
2021-05-20,393.3893,321.1353,175.96,109.1111,81.4316
2021-05-21,393.0673,319.3579,176.04,109.3086,81.4405
2021-05-24,397.0743,324.7292,176.35,109.5747,81.4316
2021-05-25,396.1933,325.1784,177.95,109.8838,81.4316
2021-05-26,396.9795,326.3113,177.64,109.6348,81.4316
2021-05-27,397.1879,325.0905,177.71,109.6262,81.4405
2021-05-28,397.8984,326.116,178.38,109.6949,81.4405
2021-05-31,397.8984,326.116,178.38,109.6949,81.4405
2021-06-01,397.5479,325.0319,177.9,110.0132,81.4316
2021-06-02,398.1731,325.6667,178.77,109.8751,81.4316
2021-06-03,396.6954,322.2779,175.27,109.5039,81.4316
2021-06-04,400.3235,327.7469,177.16,110.0305,81.4405
2021-06-07,399.9351,328.7235,177.87,109.7888,81.4227
2021-06-08,400.0203,328.8798,177.32,109.901,81.4227
2021-06-09,399.4235,328.9579,176.98,109.9096,81.4227
2021-06-10,401.2802,332.3857,177.74,110.4793,81.4227
2021-06-11,401.9433,333.2549,175.74,110.1944,81.4316
2021-06-14,402.8433,336.4484,174.71,110.134,81.4227
2021-06-15,402.1044,334.2511,174.05,110.3153,81.4227
2021-06-16,399.8593,333.0303,171.11,109.3141,81.4316
2021-06-17,399.7267,337.259,165.85,109.7284,81.4227
2021-06-18,394.3517,334.6124,164.93,109.7715,81.4316
2021-06-21,399.9972,336.6894,166.95,109.5816,81.4227
2021-06-22,402.1357,339.8279,166.25,110.1858,81.4227
2021-06-23,401.6509,339.9941,166.14,110.2117,81.4227
2021-06-24,404.027,342.0962,166.04,110.0046,81.4316
2021-06-25,405.4622,341.6758,166.59,110.1168,81.4316
2021-06-28,406.2795,345.8311,166.58,110.2808,81.4227
2021-06-29,406.4981,347.0826,164.83,110.3412,81.4227
2021-06-30,406.8403,346.5351,165.63,110.4879,81.4227
2021-07-01,409.0928,346.672,166.2,110.5945,81.4316
2021-07-02,412.2197,350.6513,167.29,111.0636,81.4227
2021-07-05,412.2197,350.6513,167.29,111.0636,81.4227
2021-07-06,411.4689,352.1668,168.12,111.3503,81.4138
2021-07-07,412.923,352.9099,168.76,111.2721,81.4138
2021-07-08,409.5585,350.7784,168.65,111.1244,81.4227
2021-07-09,413.9305,352.9685,169.21,111.1418,81.4227
2021-07-12,415.4131,354.3471,169,111.4372,81.4227
2021-07-13,413.997,354.3471,169.22,111.4372,81.4227
2021-07-14,414.6148,354.9827,171.04,111.7326,81.4138
2021-07-15,413.1986,352.4895,171.07,112.0714,81.4227
2021-07-16,409.9577,349.6345,169.41,112.0714,81.4227
2021-07-19,403.9035,346.7698,169.61,112.1148,81.4138
2021-07-20,409.6916,350.798,169.39,112.0975,81.4138
2021-07-21,413.0086,353.5063,168.76,111.8108,81.4138
2021-07-22,413.8734,355.8431,169.09,112.1235,81.4227
2021-07-23,418.1314,359.9984,168.56,112.6274,81.4138
2021-07-26,419.1578,360.2819,168.16,113.1139,81.4227
2021-07-27,417.2475,356.3124,168.44,113.0879,81.4138
2021-07-28,417.0764,357.6812,169.29,113.4701,81.4138
2021-07-29,418.8062,358.3167,171.17,113.2703,81.4227
2021-07-30,416.7723,356.4492,169.82,113.444,81.4138
2021-08-02,415.8979,356.4786,169.61,113.4848,81.4138
2021-08-03,419.2814,358.6393,169.49,113.5897,81.4138
2021-08-04,417.219,359.1575,169.53,113.3712,81.4138
2021-08-05,419.8611,361.4356,168.86,112.9692,81.4138
2021-08-06,420.555,359.8517,164.64,112.7158,81.4227
2021-08-09,420.2128,360.5166,161.72,112.5147,81.4227
2021-08-10,420.7355,358.6687,161.77,112.6196,81.4138
2021-08-11,421.781,358.0527,164,112.8032,81.4138
2021-08-12,423.0451,359.3433,164.04,112.7158,81.4138
2021-08-13,423.8149,360.6046,166.39,113.0042,81.4227
2021-08-16,424.8129,360.761,167.22,113.1178,81.4049
2021-08-17,422.0281,357.5834,166.97,112.8119,81.4049
2021-08-18,417.409,354.1418,167.1,112.8294,81.4049
2021-08-19,418.0553,355.8528,166.61,112.8731,81.4227
2021-08-20,421.3818,359.5389,166.7,112.5235,81.4227
2021-08-23,425.0885,364.9163,168.73,112.7857,81.4049
2021-08-24,425.7633,366.0309,168.65,112.7857,81.4049
2021-08-25,426.6567,366.4514,167.48,112.742,81.4049
2021-08-26,424.1381,364.1244,167.67,112.7595,81.4138
2021-08-27,427.9303,367.6637,170.19,113.6072,81.4138
2021-08-30,429.8121,371.7897,169.35,113.5897,81.4138
2021-08-31,429.1753,371.4867,169.69,113.2576,81.4049
2021-09-01,429.4034,372.1026,169.7,113.3067,81.4049
2021-09-02,430.7245,371.9266,169.25,113.3507,81.4227
2021-09-03,430.62,373.0706,171.06,113.1923,81.4049
2021-09-06,430.62,373.0706,171.06,113.1923,81.4049
2021-09-07,429.0803,373.5985,167.71,112.9107,81.4049
2021-09-08,428.5576,372.2982,167.29,113.3683,81.4049
2021-09-09,426.7232,371.0173,168.03,113.9668,81.4049
2021-09-10,423.3587,368.2015,167.18,113.65,81.4138
2021-09-13,424.4422,367.9473,167.74,113.65,81.4138
2021-09-14,422.1517,366.9011,168.82,113.7116,81.4049
2021-09-15,425.6778,369.629,167.83,113.7732,81.4049
2021-09-16,425.003,369.8832,164.03,113.5884,81.4138
2021-09-17,420.8763,365.503,163.77,113.2627,81.4049
2021-09-20,413.8585,357.9588,164.94,113.3683,81.4138
2021-09-21,413.4676,358.3992,166.04,113.2891,81.4049
2021-09-22,417.5009,361.7468,165.42,113.1747,81.4049
2021-09-23,422.5735,365.0847,163.51,112.7699,81.4138
2021-09-24,423.2696,365.4272,163.3,112.4883,81.4049
2021-09-27,422.0587,362.5103,163.64,112.5411,81.4049
2021-09-28,413.5534,352.2522,162.05,112.2947,81.4049
2021-09-29,414.2495,351.6747,161.32,112.3563,81.4138
2021-09-30,409.1864,350.3826,164.22,112.3739,81.4138
2021-10-01,414.0492,352.5556,164.59,112.8597,81.4138
2021-10-04,408.7096,345.1556,165.36,112.8509,81.396
2021-10-05,412.9622,349.8149,164.59,112.9657,81.4049
2021-10-06,414.6785,352.0564,165.03,112.9039,81.4049
2021-10-07,418.2637,355.2865,164.16,112.8067,81.4049
2021-10-08,417.5009,353.5149,164.23,112.8332,81.4049
2021-10-11,414.4783,350.8035,163.92,112.7626,81.4049
2021-10-12,413.4581,349.58,164.66,112.9745,81.4049
2021-10-13,414.9455,352.3794,167.59,113.4867,81.4049
2021-10-14,421.9252,358.8691,168,113.7074,81.396
2021-10-15,425.1385,361.1302,165.33,113.522,81.4049
2021-10-18,426.3971,364.7616,164.92,113.2836,81.396
2021-10-19,429.6867,367.5219,165.45,113.0098,81.396
2021-10-20,431.3744,367.0423,166.9,113.2129,81.396
2021-10-21,432.4995,369.2838,166.75,113.469,81.396
2021-10-22,432.0514,366.1809,167.77,113.6986,81.396
2021-10-25,434.3684,369.9299,168.93,113.9723,81.4049
2021-10-26,434.7593,371.0947,167.68,114.3697,81.3871
2021-10-27,432.8332,371.9561,168.12,114.9083,81.3871
2021-10-28,437.0096,376.0867,168.08,113.9105,81.4049
2021-10-29,437.8963,377.9367,166.65,113.6191,81.4049
2021-11-01,438.6496,379.2288,167.52,113.1704,81.4049
2021-11-02,440.4231,380.8145,167.16,113.6211,81.3871
2021-11-03,443.112,384.8571,165.77,113.462,81.3871
2021-11-04,445.2002,389.7904,167.65,114.2133,81.396
2021-11-05,446.7449,390.1623,169.84,114.6111,81.396
2021-11-08,447.1263,389.6338,170.45,114.9911,81.4049
2021-11-09,445.6483,386.9518,171.29,115.6629,81.3871
2021-11-10,442.0632,381.2647,173.15,115.3093,81.3871
2021-11-11,442.2062,382.3219,174.12,115.2916,81.396
2021-11-12,445.5434,386.3449,174.45,115.274,81.396
2021-11-15,445.696,386.2568,174.18,115.2916,81.396
2021-11-16,447.46,389.0073,172.92,115.1237,81.3871
2021-11-17,446.373,389.2129,174.5,115.3535,81.3871
2021-11-18,447.8891,393.2456,173.94,115.4242,81.396
2021-11-19,447.0881,395.4382,172.61,115.2121,81.396
2021-11-22,445.8295,390.8475,168.74,114.284,81.396
2021-11-23,446.4207,389.066,167.28,113.8421,81.3871
2021-11-24,447.6125,390.3189,167.12,114.1956,81.396
2021-11-25,447.6125,390.3189,167.12,114.1956,81.396
2021-11-26,437.6294,382.919,166.85,114.7613,81.3871
2021-11-29,442.9976,391.2292,166.62,114.4962,81.396
2021-11-30,434.3779,385.4835,165.5,114.6022,81.3871
2021-12-01,429.5532,378.9253,166.16,114.2451,81.396
2021-12-02,436.1324,381.6563,165.24,114.5815,81.396
2021-12-03,432.3374,375.0198,166.63,114.8204,81.3871
2021-12-06,437.4577,378.0248,166.22,114.2982,81.3871
2021-12-07,446.5065,389.4086,166.81,114.4841,81.3871
2021-12-08,447.6888,391.1509,166.9,114.2894,81.396
2021-12-09,444.6662,385.3954,165.88,113.8202,81.3871
2021-12-10,448.8521,389.5848,166.58,113.8114,81.396
2021-12-13,444.876,383.9565,167,113.9265,81.396
2021-12-14,441.8152,379.9825,165.44,113.5635,81.396
2021-12-15,448.7186,388.6451,166.15,113.6609,81.396
2021-12-16,444.7616,378.6513,168.16,113.8966,81.3871
2021-12-17,440.0451,376.7621,167.8,113.9055,81.396
2021-12-20,435.3659,373.1125,167.09,113.8431,81.3871
2021-12-21,443.0975,381.4629,167.02,114.0925,81.3782
2021-12-22,447.5279,386.1085,168.59,114.4576,81.3782
2021-12-23,450.3125,389.0194,168.97,114.1994,81.3782
2021-12-24,450.3125,389.0194,168.97,114.1994,81.3782
2021-12-27,456.6854,395.4488,169.37,114.5823,81.3871
2021-12-28,456.3122,393.616,168.64,114.5111,81.3782
2021-12-29,456.8959,393.5572,168.59,114.609,81.3782
2021-12-30,455.6328,392.3811,169.8,115.2057,81.3871
2021-12-31,454.4845,389.9309,170.96,115.0632,81.3871
2022-01-03,457.116,393.6847,168.33,114.4042,81.3782
2022-01-04,456.9629,388.5784,169.57,113.9678,81.3871
2022-01-05,448.1882,376.6408,169.06,113.0416,81.3871
2022-01-06,447.7672,376.3762,166.99,112.5518,81.3871
2022-01-07,445.9969,372.299,167.75,112.4182,81.3871
2022-01-10,445.4419,372.544,168.26,112.5607,81.3782
2022-01-11,449.4991,378.1403,170.29,113.3444,81.3693
2022-01-12,450.7144,379.6399,170.74,112.6141,81.3782
2022-01-13,444.5042,370.1428,170.16,112.6409,81.3871
2022-01-14,444.686,372.446,169.67,112.1332,81.3871
2022-01-17,444.686,372.446,169.67,112.1332,81.3871
2022-01-18,436.8108,363.1743,169.39,111.5989,81.3693
2022-01-19,432.2751,359.1853,172.08,111.3673,81.3871
2022-01-20,427.4907,354.52,171.65,111.5009,81.3871
2022-01-21,419.0987,344.6897,171.09,112.1956,81.3782
2022-01-24,420.8785,346.2676,172.03,112.4538,81.3871
2022-01-25,415.74,338.2407,172.58,112.2579,81.3693
2022-01-26,414.697,337.7114,169.79,111.5454,81.3782
2022-01-27,412.6493,334.3105,167.6,111.9996,81.3871
2022-01-28,422.8976,344.7975,167.1,112.3915,81.3693
2022-01-31,430.5144,355.8236,168.09,112.6943,81.3871
2022-02-01,433.4234,358.2444,168.23,111.9629,81.3782
2022-02-02,437.6337,361.1553,168.84,112.088,81.3871
2022-02-03,427.3471,346.5127,168.6,111.382,81.3871
2022-02-04,429.3566,350.8839,168.86,110.7385,81.3693
2022-02-07,427.9787,348.0612,170.11,110.6939,81.3693
2022-02-08,431.5,351.9718,170.63,110.5509,81.3782
2022-02-09,437.8155,359.4303,171.21,110.7654,81.3693
2022-02-10,429.9499,351.2955,170.56,109.8806,81.3693
2022-02-11,421.4718,340.1519,173.81,110.8637,81.3693
2022-02-14,420.0939,340.5733,174.74,110.5687,81.3604
2022-02-15,426.8687,349.0413,173.08,110.113,81.3782
2022-02-16,427.3471,348.9531,174.86,110.3274,81.3782
2022-02-17,418.2184,338.5739,177.25,110.5777,81.3693
2022-02-18,415.5104,334.7123,177.12,110.9441,81.3782
2022-02-21,415.5104,334.7123,177.12,110.9441,81.3782
2022-02-22,411.0513,331.3506,177.49,111.2837,81.3782
2022-02-23,403.7598,322.863,178.29,111.3641,81.3693
2022-02-24,409.836,333.7126,177.14,111.8199,81.3693
2022-02-25,418.8786,338.8875,176.55,111.7216,81.3693
2022-02-28,417.8069,339.897,178.38,113.6609,81.3693
2022-03-01,411.4436,334.6927,181.62,114.4734,81.3885
2022-03-02,419.0126,340.3087,179.73,113.7303,81.3885
2022-03-03,416.9266,335.4474,180.8,113.596,81.3974
2022-03-04,413.5392,330.5861,183.68,114.4644,81.3974
2022-03-07,401.3484,318.3937,186.41,115.0822,81.3974
2022-03-08,398.3055,316.9138,191.51,115.6373,81.3974
2022-03-09,408.9844,328.3221,185.82,114.4913,81.3974
2022-03-10,407.1376,324.6761,186.4,114.2406,81.3974
2022-03-11,401.9608,317.9429,185.09,115.0464,81.3885
2022-03-14,399.0232,311.8369,182.3,113.775,81.3974
2022-03-15,407.7979,321.6183,178.89,112.9245,81.3796
2022-03-16,416.8405,333.546,180.01,112.2709,81.3974
2022-03-17,422.0555,337.584,180.89,113.8019,81.3974
2022-03-18,426.6639,344.4937,179.3,113.4527,81.3885
2022-03-21,426.5391,343.5368,180.67,112.45,81.3885
2022-03-22,431.5303,350.2882,179.36,111.9307,81.3885
2022-03-23,425.9728,345.2541,181.81,113.3363,81.4063
2022-03-24,432.3941,352.9279,183.13,112.638,81.4063
2022-03-25,434.5057,352.6335,182.38,111.868,81.3885
2022-03-28,437.5964,358.0896,179.06,111.7427,81.3885
2022-03-29,443.0098,364.2522,179.14,111.3398,81.3885
2022-03-30,440.2743,360.2289,180.58,111.8859,81.4063
2022-03-31,433.4979,355.7639,180.65,111.5278,81.4063
2022-04-01,434.7265,355.0868,179.5,110.9175,81.4063
2022-04-04,438.4506,362.3976,180.37,110.8364,81.3974
2022-04-05,432.9124,354.3508,179.24,110.0345,81.3885
2022-04-06,428.5836,346.6574,179.66,109.5479,81.3974
2022-04-07,430.7432,347.4817,180.34,109.4037,81.3974
2022-04-08,429.5914,342.6242,181.47,109.6019,81.3885
2022-04-11,422.2487,334.5186,182.37,109.4127,81.3974
2022-04-12,420.6842,333.1055,183.77,109.4037,81.3974
2022-04-13,425.5025,339.8765,184.65,109.1964,81.3974
2022-04-14,420.2042,332.1045,184.04,109.1874,81.3885
2022-04-15,420.2042,332.1045,184.04,109.1874,81.3885
2022-04-18,420.377,332.3597,184.61,109.1514,81.3974
2022-04-19,427.163,339.7882,181.82,108.6107,81.3885
2022-04-20,426.8463,334.8326,182.71,109.4127,81.4063
2022-04-21,420.4634,327.9045,182.06,109.8452,81.4063
2022-04-22,408.9262,319.3181,180.29,109.4127,81.3974
2022-04-25,411.297,323.42,177.05,109.3316,81.4063
2022-04-26,399.3855,311.2125,177.32,109.5659,81.3974
2022-04-27,400.5085,310.8396,175.98,109.3857,81.3974
2022-04-28,410.6251,321.8793,176.93,110.0074,81.4152
2022-04-29,395.4502,307.3952,176.91,109.0973,81.3974
2022-05-02,397.8306,312.5274,173.63,107.5275,81.4063
2022-05-03,399.6543,312.8611,174.09,107.918,81.3974
2022-05-04,411.8249,323.4396,175.8,108.7627,81.4152
2022-05-05,397.1875,307.1498,175.13,107.6183,81.4152
2022-05-06,394.8167,303.4699,175.42,107.3368,81.4152
2022-05-09,382.1758,291.5961,172.88,106.919,81.4063
2022-05-10,383.0588,295.1386,171.42,106.4376,81.4063
2022-05-11,376.9735,286.3853,172.82,107.7273,81.4063
2022-05-12,376.5799,285.7082,170.17,107.2641,81.4152
2022-05-13,385.5832,296.2966,168.79,107.8181,81.4241
2022-05-16,384.0186,292.862,170.4,107.8545,81.4152
2022-05-17,391.918,300.4475,169.33,107.3095,81.4152
2022-05-18,376.1192,285.6984,169.42,108.0543,81.4152
2022-05-19,373.8156,284.1676,171.91,107.6728,81.433
2022-05-20,373.9788,283.2844,172.03,107.7182,81.433
2022-05-23,380.976,287.9947,172.83,107.3368,81.433
2022-05-24,378.0677,281.8713,174.13,107.918,81.4241
2022-05-25,381.4079,285.8162,173.08,108.0089,81.433
2022-05-26,389.0289,293.7353,172.76,108.4539,81.4508
2022-05-27,398.5793,303.3227,172.85,108.799,81.433
2022-05-30,398.5793,303.3227,172.85,108.799,81.433
2022-05-31,396.3429,302.5181,171.14,108.027,81.4241
2022-06-01,393.137,300.2807,172.23,107.5881,81.4253
2022-06-02,400.6237,308.5041,174.35,108.0843,81.4431
2022-06-03,394.0489,300.4769,172.58,108.7091,81.4253
2022-06-06,395.2487,301.4779,171.82,108.0016,81.4342
2022-06-07,399.04,304.0783,172.94,108.2588,81.4253
2022-06-08,394.7015,301.89,172.78,107.9924,81.4342
2022-06-09,385.3144,293.804,172.23,107.974,81.4431
2022-06-10,374.142,283.4414,174.54,107.4962,81.4253
2022-06-13,359.9365,270.2624,169.93,105.6861,81.4342
2022-06-14,358.8519,270.7531,168.57,104.2343,81.4253
2022-06-15,363.9678,277.5143,170.77,105.6769,81.4342
2022-06-16,351.9219,266.3176,172.69,105.3645,81.452
2022-06-17,352.6772,269.5559,171.27,105.4196,81.4431
2022-06-20,352.6772,269.5559,171.27,105.4196,81.4431
2022-06-21,361.5553,276.344,170.63,105.0521,81.4609
2022-06-22,360.8998,275.9409,171.31,105.6585,81.4698
2022-06-23,364.4376,280.0505,170.26,105.9709,81.4698
2022-06-24,376.0245,289.646,170.09,106.072,81.452
2022-06-27,374.5881,287.5224,169.9,105.3093,81.452
2022-06-28,366.9342,278.7625,169.62,104.9418,81.4698
2022-06-29,366.6354,279.0182,169.49,104.758,81.4787
2022-06-30,363.6568,275.5575,168.46,104.6661,81.4876
2022-07-01,367.503,277.3763,168.32,106.3432,81.4813
2022-07-04,367.503,277.3763,168.32,106.3432,81.4813
2022-07-05,368.197,282.1249,164.75,106.0477,81.4813
2022-07-06,369.4406,283.9339,162.14,105.0874,81.4813
2022-07-07,374.9737,290.0098,162.23,104.9212,81.4813
2022-07-08,374.6653,290.3736,162.3,104.8104,81.4723
2022-07-11,370.3852,284.1699,161.43,104.9766,81.4813
2022-07-12,367.1078,281.417,160.83,104.9397,81.4723
2022-07-13,365.1798,280.837,161.6,105.4845,81.4723
2022-07-14,364.293,281.8398,159.33,105.2259,81.4813
2022-07-15,371.2528,286.9522,159.01,105.8353,81.4723
2022-07-18,368.1874,284.5238,159.16,105.6968,81.4723
2022-07-19,378.1355,293.2738,159.54,105.586,81.4723
2022-07-20,380.5455,297.9241,158.04,105.4937,81.4723
2022-07-21,384.4206,302.2009,160.27,106.1493,81.4991
2022-07-22,380.8539,296.9017,160.67,107.0449,81.508
2022-07-25,381.3166,295.2107,160.23,106.8418,81.4991
2022-07-26,376.8053,289.4101,160.04,106.8418,81.4991
2022-07-27,386.5895,301.6405,161.67,107.5251,81.4991
2022-07-28,391.4383,304.5899,163.64,108.6239,81.508
2022-07-29,397.145,310.1447,164.1,109.1687,81.5169
2022-08-01,395.9689,309.9579,165.03,109.2183,81.5229
2022-08-02,393.3566,309.0338,164.05,107.9315,81.5318
2022-08-03,399.5163,317.4495,164.45,108.5003,81.5229
2022-08-04,399.2464,318.9341,167.17,108.4817,81.5407
2022-08-05,398.5717,316.3287,165.29,107.3907,81.5586
2022-08-08,398.109,315.3063,166.69,108.1274,81.5675
2022-08-09,396.528,311.7374,167.2,107.8197,81.5586
2022-08-10,404.8567,320.4383,166.78,107.6332,81.5675
2022-08-11,404.8567,318.6195,166.34,107.2695,81.5675
2022-08-12,411.7105,324.8232,167.87,107.6891,81.5853
2022-08-15,413.4071,327.4482,165.71,107.5772,81.5764
2022-08-16,414.2168,326.6813,165.42,107.6052,81.5853
2022-08-17,411.2767,322.9552,164.35,107.2788,81.5853
2022-08-18,412.4721,323.7319,163.92,107.829,81.621
2022-08-19,406.9293,317.42,162.72,107.6425,81.621
2022-08-22,398.456,309.0632,161.64,107.4373,81.6299
2022-08-23,397.492,308.8076,162.77,107.6145,81.6121
2022-08-24,398.7644,309.7023,163.25,107.5959,81.6389
2022-08-25,404.394,315.1784,163.75,107.9315,81.6478
2022-08-26,390.7057,302.2598,161.76,107.773,81.6478
2022-08-29,388.1222,299.2809,161.86,107.3534,81.6478
2022-08-30,383.8615,295.948,160.51,107.1669,81.6567
2022-08-31,380.9407,294.2275,159.27,106.2158,81.6746
2022-09-01,382.136,294.3553,157.87,105.4217,81.691
2022-09-02,378.1066,290.1966,159.26,106.0451,81.7
2022-09-05,378.1066,290.1966,159.26,106.0451,81.7
2022-09-06,376.68,288.1123,158.33,105.0345,81.7
2022-09-07,383.447,293.9326,159.94,105.4689,81.7089
2022-09-08,385.9533,295.4564,158.98,104.8834,81.7268
2022-09-09,391.9492,301.9157,159.82,104.9306,81.7268
2022-09-12,396.1617,305.5042,160.63,104.6189,81.7178
2022-09-13,378.9356,288.7514,158.54,104.3072,81.7357
2022-09-14,380.3816,291.0421,157.93,104.5717,81.7357
2022-09-15,376.063,286.1952,154.98,104.0428,81.7625
2022-09-16,373.2062,284.4452,155.84,103.6083,81.7625
2022-09-19,376.1004,286.6558,155.96,103.1361,81.7625
2022-09-20,371.7833,284.3709,155.07,102.9755,81.7536
2022-09-21,365.298,279.2789,155.79,103.1739,81.7714
2022-09-22,362.2295,275.8416,155.7,102.0027,81.8072
2022-09-23,356.1604,271.3504,153.01,101.5683,81.8072
2022-09-26,352.6371,270.2277,151.23,99.9438,81.7893
2022-09-27,351.7369,270.336,151.54,99.4149,81.8161
2022-09-28,358.6578,275.7136,154.69,101.1716,81.825
2022-09-29,351.1658,267.7654,154.66,99.7549,81.8429
2022-09-30,345.7355,263.225,154.67,99.0749,81.8429
2022-10-03,354.8634,269.4003,158.43,100.3499,81.8209
2022-10-04,365.8594,277.8705,160.7,100.7466,81.8477
2022-10-05,365.0076,277.7228,159.81,99.9532,81.8477
2022-10-06,361.2422,275.5363,159.63,99.6227,81.8656
2022-10-07,351.1658,265.0372,157.88,99.651,81.8656
2022-10-10,348.4845,262.3878,155.48,99.0843,81.8746
2022-10-11,346.2776,258.7831,155.16,99.651,81.8746
2022-10-12,345.1354,258.6944,155.99,99.8493,81.8746
2022-10-13,354.2439,264.7614,154.91,99.736,81.9014
2022-10-14,346.1711,256.8034,152.98,99.821,81.9014
2022-10-17,355.0666,265.2834,153.42,100.0949,81.9014
2022-10-18,359.2386,267.3813,153.75,99.8305,81.9014
2022-10-19,356.6928,266.4062,151.69,99.3204,81.9014
2022-10-20,353.7018,265.0471,151.45,99.226,81.9372
2022-10-21,362.2973,271.2618,154.15,99.481,81.9462
2022-10-24,366.7306,274.2461,153.65,99.7171,81.9372
2022-10-25,372.5867,279.9191,154,100.1232,81.9372
2022-10-26,369.7796,273.7339,154.98,99.9721,81.9551
2022-10-27,367.805,268.7503,154.74,100.7466,81.982
2022-10-28,376.5553,276.9742,153.16,100.6238,81.973
2022-10-31,373.8354,273.7536,151.91,100.4821,81.973
2022-11-01,372.1995,270.9565,153.46,100.4632,81.9797
2022-11-02,362.8587,261.6689,152.39,100.2366,82.0066
2022-11-03,359.1224,256.5572,151.81,99.1221,82.0336
2022-11-04,364.2913,260.684,156.47,99.4904,82.0515
2022-11-07,367.7759,263.55,155.85,99.6132,82.0425
2022-11-08,369.7603,265.4706,159.45,99.7549,82.0515
2022-11-09,362.1424,259.3445,158.65,99.5471,82.0964
2022-11-10,382.0437,278.4811,163.48,101.1999,82.1053
2022-11-11,385.7413,283.6125,164.56,101.1433,82.0964
2022-11-14,382.4599,281.1305,164.92,100.3971,82.0964
2022-11-15,385.7219,285.0209,165.5,101.0488,82.1143
2022-11-16,382.7793,281.1305,165.12,101.3038,82.1233
2022-11-17,381.6081,280.51,163.92,100.6144,82.1502
2022-11-18,383.3407,280.5199,162.79,100.1043,82.1502
2022-11-21,381.9469,277.6341,161.88,100.6333,82.1591
2022-11-22,387.0867,281.6328,162.07,101.0394,82.1771
2022-11-23,389.526,284.4595,163.08,101.5966,82.195
2022-11-24,389.526,284.4595,163.08,101.5966,82.195
2022-11-25,389.4389,282.5882,163.22,101.5022,82.195
2022-11-28,383.2246,278.4417,161.93,101.266,82.204
2022-11-29,382.5664,276.334,162.73,100.8316,82.2309
2022-11-30,394.6174,288.9309,164.81,102.3239,82.2309
2022-12-01,394.3271,289.2855,167.84,103.4202,82.2491
2022-12-02,393.8721,288.1332,167.26,104.1861,82.2581
2022-12-05,386.7867,283.2973,164.39,103.1176,82.2671
2022-12-06,381.2112,277.4273,164.84,103.0987,82.2941
2022-12-07,380.5627,276.2947,166.33,103.5431,82.2941
2022-12-08,383.544,279.5645,166.47,103.5147,82.3481
2022-12-09,380.6788,277.7819,167.06,102.5313,82.3391
2022-12-12,386.1672,281.2684,165.68,102.5408,82.3481
2022-12-13,389.0904,284.2921,168.51,102.8434,82.3481
2022-12-14,386.6027,282.1844,168.1,102.588,82.3751
2022-12-15,377.1458,272.7096,165.35,102.6061,82.3931
2022-12-16,372.7139,270.1095,166.79,102.0559,82.3931
2022-12-19,369.5534,266.3229,166.32,101.7049,82.4032
2022-12-20,370.0591,266.1156,169.08,101.6765,82.4122
2022-12-21,375.5924,269.9759,168.8,102.2267,82.4212
2022-12-22,370.2341,263.3709,166.76,101.667,82.4754
2022-12-23,372.3638,263.9633,167.26,101.4393,82.4754
2022-12-26,372.3638,263.9633,167.26,101.4393,82.4754
2022-12-27,370.8954,260.2313,168.67,100.9745,82.4754
2022-12-28,366.2859,256.7955,167.91,100.8606,82.5024
2022-12-29,372.8792,263.055,168.85,101.278,82.5385
2022-12-30,371.897,262.897,169.64,100.9745,82.5295
2023-01-02,371.897,262.897,169.64,100.9745,82.5295
2023-01-03,370.3314,261.1199,171.06,101.3349,82.5385
2023-01-04,373.1904,262.3639,172.67,101.4013,82.5295
2023-01-05,368.931,258.2567,170.52,101.4298,82.5566
2023-01-06,377.3914,265.385,173.71,102.3595,82.5475
2023-01-09,377.1775,267.1029,174.1,102.5966,82.5656
2023-01-10,379.8226,269.3638,174.74,102.1792,82.5566
2023-01-11,384.6265,274.0238,174.62,102.6156,82.5566
2023-01-12,386.0268,275.5048,176.64,103.422,82.6197
2023-01-13,387.5244,277.4004,178.76,102.6156,82.6288
2023-01-16,387.5244,277.4004,178.76,102.6156,82.6288
2023-01-17,386.8145,277.9631,177.59,102.3215,82.6288
2023-01-18,380.7075,274.3496,177.08,103.0235,82.6378
2023-01-19,377.936,271.6543,179.89,103.6591,82.6739
2023-01-20,384.9766,279.0886,179.29,103.071,82.6829
2023-01-23,389.5958,285.2889,179.63,102.9761,82.6829
2023-01-24,389.1776,284.7064,180.28,103.5643,82.6919
2023-01-25,389.3235,284.0745,181.11,103.773,82.7009
2023-01-26,393.6023,289.6132,179.47,103.7635,82.746
2023-01-27,394.5067,292.4961,179.22,103.5358,82.7551
2023-01-30,389.5569,286.5822,178.76,103.033,82.7551
2023-01-31,395.2846,290.877,179.41,103.071,82.7641
2023-02-01,399.4857,297.0969,181.67,103.7635,82.7695
2023-02-02,405.301,307.7597,177.9,103.6212,82.8057
2023-02-03,400.993,302.2901,173.46,102.6536,82.8238
2023-02-06,398.5424,299.733,173.82,102.2456,82.8329
2023-02-07,403.7547,305.9431,173.98,102.5113,82.8419
2023-02-08,399.3398,300.5031,174.41,103.0425,82.8419
2023-02-09,395.8778,297.8473,173.03,102.5208,82.8691
2023-02-10,396.8017,295.8924,173.36,102.1508,82.8782
2023-02-13,401.4597,300.6314,172.48,102.3215,82.8963
2023-02-14,401.275,302.8528,172.61,101.98,82.8963
2023-02-15,402.5781,305.173,170.89,101.98,82.9144
2023-02-16,397.0351,299.4467,170.75,101.7334,82.9597
2023-02-17,396.0432,297.3339,171.26,101.9326,82.9687
2023-02-20,396.0432,297.3339,171.26,101.9326,82.9687
2023-02-21,388.0982,290.2945,170.62,101.4772,82.9687
2023-02-22,387.5633,290.5117,169.66,101.4203,82.9959
2023-02-23,389.6249,293.049,169.57,101.7523,83.0231
2023-02-24,385.4628,288.1421,168.35,101.0883,83.0321
2023-02-27,386.7756,290.2056,169.01,101.297,83.0412
2023-02-28,385.3461,289.8304,169.78,101.6765,83.0502
2023-03-01,383.868,287.5004,170.76,101.297,83.055
2023-03-02,386.8534,289.8798,170.66,101.3729,83.0823
2023-03-03,393.0577,295.8727,172.49,102.4638,83.1004
2023-03-06,393.33,296.2084,171.62,101.9136,83.1095
2023-03-07,387.3008,292.5751,168.62,101.2685,83.1095
2023-03-08,387.9329,294.0363,168.54,100.7847,83.1277
2023-03-09,380.7756,288.9419,170.2,101.0503,83.1458
2023-03-10,375.2812,284.8841,173.87,102.5397,83.164
2023-03-13,374.7463,286.9969,177.86,103.3176,83.1821
2023-03-14,380.9409,293.592,176.83,102.7484,83.1912
2023-03-15,378.5584,295.1322,178.21,104.0007,83.2366
2023-03-16,385.2003,302.9121,178.57,102.8243,83.273
2023-03-17,380.7135,301.4805,183.77,103.0425,83.2911
2023-03-20,384.3743,302.549,183.84,103.1374,83.3002
2023-03-21,389.4214,306.8701,180.37,102.9192,83.3002
2023-03-22,382.7831,302.6973,183.44,104.3327,83.3184
2023-03-23,383.8179,306.2867,185.74,104.5224,83.3547
2023-03-24,386.3365,307.414,183.65,104.2568,83.3728
2023-03-27,387.0589,305.3078,181.95,103.4409,83.3638
2023-03-28,386.1901,303.6861,183.44,103.7635,83.3819
2023-03-29,391.8033,309.2235,182.53,103.9627,83.3819
2023-03-30,394.0974,312.1504,184.18,104.0671,83.4001
2023-03-31,399.6521,317.3417,183.22,104.5888,83.3819
2023-04-03,401.175,316.5704,184.54,104.7761,83.402
2023-04-04,398.9492,315.5025,187.98,105.08,83.4111
2023-04-05,397.9047,312.3877,187.83,105.3269,83.4567
2023-04-06,399.4568,314.4939,186.49,105.5644,83.4658
2023-04-07,399.4568,314.4939,186.49,105.5644,83.4658
2023-04-10,399.8668,314.3159,185.11,104.8141,83.4749
2023-04-11,399.9742,312.2987,186.28,104.9945,83.484
2023-04-12,398.3439,309.5399,187.19,105.0325,83.5023
2023-04-13,403.635,315.6014,189.72,104.7761,83.5478
2023-04-14,402.649,315.0081,186.36,104.3202,83.5478
2023-04-17,404.0938,315.2751,185.53,103.8453,83.5661
2023-04-18,404.3574,315.2949,186.25,103.9498,83.5752
2023-04-19,404.2891,315.1465,185.36,103.8453,83.5843
2023-04-20,402.0828,312.7437,186.09,104.1777,83.6481
2023-04-21,402.3952,313.07,184.25,104.2252,83.639
2023-04-24,402.815,312.4174,184.81,104.6241,83.6481
2023-04-25,396.4208,306.524,185.75,105.2415,83.639
2023-04-26,394.7417,308.383,184.74,104.8711,83.6573
2023-04-27,402.6002,316.7682,184.75,104.5197,83.6846
2023-04-28,406.0365,318.9535,184.8,104.6431,83.6846
2023-05-01,405.6265,318.5876,183.97,103.778,83.6875
2023-05-02,401.0676,315.8091,187.52,104.5704,83.6692
2023-05-03,398.3147,313.7424,189.11,105.0478,83.6783
2023-05-04,395.4934,312.6349,190.44,105.0191,83.7058
2023-05-05,402.815,319.2798,187.46,104.8091,83.7241
2023-05-08,402.9224,320.0709,187.69,104.4176,83.7333
2023-05-09,401.1554,318.0438,189.02,104.2649,83.7424
2023-05-10,403.0298,321.5047,188.75,104.6086,83.7516
2023-05-11,402.3269,322.5528,187.13,104.8377,83.8065
2023-05-12,401.7997,321.3959,186.81,104.4654,83.8248
2023-05-15,403.186,323.1362,187.21,104.3126,83.8339
2023-05-16,400.4916,323.5021,184.87,104.0358,83.8248
2023-05-17,405.3532,327.4178,184.23,103.988,83.8431
2023-05-18,409.258,333.499,181.84,103.6443,83.8889
2023-05-19,408.6625,332.7475,183.64,103.3961,83.8889
2023-05-22,408.8285,333.8649,183.21,103.2052,83.898
2023-05-23,404.2403,329.6327,183.43,103.5202,83.898
2023-05-24,401.3116,327.9419,181.95,103.1956,83.898
2023-05-25,404.787,335.9216,180.2,102.7278,83.9529
2023-05-26,410.0292,344.5046,180.92,102.8519,83.9712
2023-05-29,410.0292,344.5046,180.92,102.8519,83.9712
2023-05-30,410.1854,346.0669,182.04,103.2624,83.9804
2023-05-31,407.9108,344.0992,182.32,103.3961,83.9987
2023-06-01,411.7864,348.0742,183.76,103.5609,84.0451
2023-06-02,417.7413,350.6847,181.05,103.0534,84.0543
2023-06-05,416.9408,350.9319,182.14,103.1874,84.0543
2023-06-06,417.8487,350.8726,182.34,103.2449,84.0727
2023-06-07,416.4039,344.9199,180.15,102.7662,84.0819
2023-06-08,418.9225,349.2015,182.53,103.2736,84.1278
2023-06-09,419.6742,350.5364,182.04,102.9864,84.137
2023-06-12,423.4814,356.4594,181.88,103.0725,84.1462
2023-06-13,426.2734,359.1984,180.54,102.5459,84.1646
2023-06-14,426.781,361.8089,180.64,102.8045,84.183
2023-06-15,432.0721,366.1202,181.91,103.4555,84.2197
2023-06-16,430.6062,363.8162,181.63,103.1874,84.2289
2023-06-19,430.6062,363.8162,181.63,103.1874,84.2289
2023-06-20,428.3721,363.2961,179.75,103.4077,84.2473
2023-06-21,426.1773,358.3452,179.49,103.4172,84.2473
2023-06-22,427.7156,362.5732,177.71,103.0534,84.284
2023-06-23,424.4821,358.9789,178.2,103.3023,84.2932
2023-06-26,422.7478,354.1666,178.51,103.3502,84.3024
2023-06-27,427.3825,360.2562,177.69,103.063,84.3208
2023-06-28,427.5981,360.9592,177.28,103.2736,84.33
2023-06-29,429.2834,360.2364,177.09,102.5938,84.3576
2023-06-30,434.3492,365.7913,178.27,103.0438,84.3851
2023-07-03,434.849,366.6528,178.47,102.9231,84.4061
2023-07-04,434.849,366.6528,178.47,102.9231,84.4061
2023-07-05,434.2023,366.6429,177.84,102.4325,84.4153
2023-07-06,430.8022,363.8506,177.31,101.8937,84.443
2023-07-07,429.7145,362.6425,178.64,101.8264,84.4522
2023-07-10,430.8022,362.7614,178.78,102.0669,84.4707
2023-07-11,433.5458,364.5536,179.45,101.9515,84.4799
2023-07-12,437.034,369.1579,181.88,103.077,84.4984
2023-07-13,440.5027,375.4257,182.01,103.6061,84.5353
2023-07-14,440.2284,375.3465,181.43,103.0578,84.5445
2023-07-17,441.7569,378.8517,181.56,103.2501,84.5537
2023-07-18,445.0394,381.951,183.64,103.2021,84.5537
2023-07-19,446.0291,381.8619,183.67,103.558,84.5722
2023-07-20,443.0699,373.0592,182.74,103.5195,84.6183
2023-07-21,443.0699,371.9403,182.18,103.5195,84.6183
2023-07-24,445.0492,372.5344,181.4,103.5676,84.6276
2023-07-25,446.2643,375.0594,182.41,103.3848,84.6368
2023-07-26,446.3329,373.8117,183.3,103.4233,84.646
2023-07-27,443.3737,372.9206,180.42,102.6633,84.6922
2023-07-28,447.7144,379.7132,181.86,103.0578,84.7014
2023-07-31,448.5669,379.9112,182.35,103.0866,84.7106
2023-08-01,447.2833,379.03,180.46,102.4715,84.7325
2023-08-02,441.0612,370.7125,179.6,102.2883,84.7417
2023-08-03,439.7972,370.1184,179.54,101.6521,84.7788
2023-08-04,437.8081,368.3856,180.19,102.6354,84.7974
2023-08-07,441.6296,371.5046,179.78,102.7221,84.7974
2023-08-08,439.709,368.346,178.64,102.7029,84.8159
2023-08-09,436.7695,364.2961,177.79,102.6547,84.8252
2023-08-10,436.9263,364.9695,177.6,102.1245,84.8715
2023-08-11,436.6715,362.6425,177.6,101.9799,84.8808
2023-08-14,439.0819,366.7122,177.06,101.7678,84.89
2023-08-15,433.9671,362.8208,176.59,101.4497,84.8993
2023-08-16,430.7826,358.9789,175.57,101.1508,84.9178
2023-08-17,427.5001,355.0578,175.3,101.1219,84.9549
2023-08-18,427.7058,354.6122,175.33,101.2954,84.9642
2023-08-21,430.4886,360.3255,175.81,101.0255,84.9734
2023-08-22,429.3226,359.8106,176.1,101.199,84.9827
2023-08-23,434.1043,365.4843,177.89,102.1148,85.0012
2023-08-24,428.088,357.6718,177.85,101.6521,85.029
2023-08-25,431.1059,360.4443,177.62,101.6328,85.0476
2023-08-28,433.8397,363.1574,178.13,101.6907,85.0661
2023-08-29,440.1108,371.0887,179.87,102.1919,85.0568
2023-08-30,441.9235,373.1582,180.32,102.0377,85.0754
2023-08-31,441.2768,374.2771,180.02,102.2498,85.131
2023-09-01,442.0999,373.881,180.11,101.7228,85.1446
2023-09-04,442.0999,373.881,180.11,101.7228,85.1446
2023-09-05,440.1892,374.3563,178.64,101.5197,85.1632
2023-09-06,437.23,371.059,177.83,101.365,85.1632
2023-09-07,435.8876,368.4054,178.02,101.7325,85.2098
2023-09-08,436.5441,368.9203,178.08,101.9645,85.2191
2023-09-11,439.4151,373.2671,178.41,101.8678,85.2191
2023-09-12,437.0047,369.1282,177.49,101.9162,85.247
2023-09-13,437.5142,370.5342,177.08,102.0516,85.2563
2023-09-14,441.2866,373.5642,177.17,101.8872,85.2842
2023-09-15,435.9887,367.1676,178.34,101.6358,85.3028
2023-09-18,436.2444,367.5527,179.39,101.8485,85.3122
2023-09-19,435.3397,366.7693,179.22,101.5584,85.3215
2023-09-20,431.3375,361.484,179.35,101.3457,85.3308
2023-09-21,424.2082,354.86,178.05,100.8139,85.3773
2023-09-22,423.2543,354.9096,178.62,101.162,85.3866
2023-09-25,425.0342,356.5953,177.7,100.3981,85.3959
2023-09-26,418.7899,351.2406,176.28,100.1467,85.4052
2023-09-27,418.9571,352.0636,174.1,99.9823,85.4332
2023-09-28,421.3859,355.0087,173.23,100.4948,85.4611
2023-09-29,420.3632,355.2665,171.45,100.2917,85.4704
2023-10-02,420.1961,358.2315,169.65,99.684,85.4837
2023-10-03,414.5713,351.9446,169.16,98.9769,85.5024
2023-10-04,417.5902,356.7341,169.14,99.4128,85.5118
2023-10-05,417.4329,355.683,168.83,99.2675,85.5678
2023-10-06,422.389,361.6426,169.7,98.9091,85.5678
2023-10-09,425.0932,363.487,172.82,99.8874,85.5772
2023-10-10,427.3057,365.5,172.53,99.9261,85.5772
2023-10-11,429.0561,368.108,173.79,100.3716,85.5959
2023-10-12,426.4404,366.8288,173.26,99.7324,85.6333
2023-10-13,424.3163,362.2178,178.83,100.3813,85.652
2023-10-16,428.7807,366.3132,177.96,100.0908,85.6613
2023-10-17,428.7611,365.1133,178.29,99.6065,85.6707
2023-10-18,423.0478,360.3238,180.87,99.3934,85.68
2023-10-19,419.3307,356.9523,183.09,99.3062,85.7174
2023-10-20,414.178,351.6273,183.59,99.6065,85.7361
2023-10-23,413.4601,352.6883,182.97,99.6259,85.7455
2023-10-24,416.5773,356.1193,182.95,99.713,85.7548
2023-10-25,410.5986,347.403,183.72,99.2965,85.7642
2023-10-26,405.6818,340.779,184.01,99.8292,85.8016
2023-10-27,403.8429,342.4152,186.15,99.9745,85.8296
2023-10-30,408.6712,346.2726,185.1,99.8196,85.839
2023-10-31,411.2377,347.9286,184.09,99.5677,85.839
2023-11-01,415.6235,353.9675,183.51,100.4314,85.8648
2023-11-02,423.5886,360.3932,184.12,100.8887,85.893
2023-11-03,427.4532,364.6274,184.79,101.4042,85.9024
2023-11-06,428.4366,366.1148,183.35,101.1416,85.9118
2023-11-07,429.6559,369.5756,182.59,101.414,85.9306
2023-11-08,429.9706,369.8136,180.77,101.6377,85.94
2023-11-09,426.6174,366.9676,181.49,100.7816,85.9869
2023-11-10,433.2747,375.2179,179.51,100.8206,85.9963
2023-11-13,432.8617,374.0478,180.51,100.7525,86.0057
2023-11-14,441.2595,382.0997,182.12,101.5793,86.0151
2023-11-15,442.1937,382.3873,181.64,101.1416,86.0339
2023-11-16,442.7345,382.7145,183.69,101.5112,86.0714
2023-11-17,443.2852,382.8037,183.67,101.6183,86.0902
2023-11-20,446.6974,387.4643,183.37,101.9198,86.0902
2023-11-21,445.7239,385.2134,185.35,101.7058,86.1184
2023-11-22,447.4448,386.79,184.56,101.8031,86.1559
2023-11-23,447.4448,386.79,184.56,101.8031,86.1559
2023-11-24,447.7201,386.2447,185.52,101.3751,86.1653
2023-11-27,446.9137,385.9075,186.77,101.7058,86.1747
2023-11-28,447.3563,386.919,189.26,102.1047,86.1935
2023-11-29,447.0416,386.5421,189.54,102.5132,86.2029
2023-11-30,448.8018,385.5704,188.75,102.3284,86.2405
2023-12-01,451.4568,386.671,192.01,102.8495,86.2584
2023-12-04,449.087,383.0814,187.86,102.4204,86.2584
2023-12-05,448.9985,384.0433,187.15,102.9763,86.2773
2023-12-06,447.1891,381.822,187.84,103.0835,86.2867
2023-12-07,450.6013,387.1569,188.15,102.9958,86.3245
2023-12-08,452.5385,388.8824,185.64,102.869,86.3433
2023-12-11,454.2987,392.2043,183.59,102.6545,86.3622
2023-12-12,456.3736,395.3279,183.49,102.5959,86.3622
2023-12-13,462.667,400.3554,187.63,103.9904,86.3716
2023-12-14,464.1519,400.0083,188.73,105.1313,86.4094
2023-12-15,463.3909,401.9419,187,104.9558,86.4377
2023-12-18,465.9975,404.4688,187.85,104.6438,86.4484
2023-12-19,468.8311,406.5355,189.13,104.712,86.4484
2023-12-20,462.3344,400.4945,188.1,105.1313,86.4673
2023-12-21,466.7182,405.1544,189.43,104.9558,86.5242
2023-12-22,467.6562,405.7605,190.27,104.751,86.5337
2023-12-25,467.6562,405.7605,190.27,104.751,86.5337
2023-12-26,469.6309,408.2445,191.72,104.8095,86.5526
2023-12-27,470.48,409.0749,192.59,105.2874,86.5526
2023-12-28,470.6577,408.8761,191.47,104.9461,86.6095
2023-12-29,469.2952,407.1066,191.17,104.8193,86.6095
2024-01-01,469.2952,407.1066,191.17,104.8193,86.6095
2024-01-02,466.6689,400.2175,190.72,104.673,86.619
2024-01-03,462.8577,395.9826,189.13,104.8388,86.6474
2024-01-04,461.3668,393.9446,189.32,104.3512,86.6758
2024-01-05,461.9987,394.4119,189.35,104.1172,86.6853
2024-01-08,468.5942,402.5635,187.87,104.4,86.6948
2024-01-09,467.8833,403.3588,187.93,104.1952,86.7043
2024-01-10,470.5294,406.0926,187.5,104.1074,86.7232
2024-01-11,470.322,406.9376,187.87,104.6633,86.7706
2024-01-12,470.6479,407.1464,189.71,105.1118,86.7896
2024-01-15,470.6479,407.1464,189.71,105.1118,86.7896
2024-01-16,468.92,407.1066,187.91,104.5755,86.799
2024-01-17,466.3134,404.8102,185.84,104.2537,86.818
2024-01-18,470.4603,410.5562,187.37,104.283,86.8559
2024-01-19,476.3251,418.6979,187.93,104.361,86.8654
2024-01-22,477.3322,419.2447,187.22,104.4097,86.8748
2024-01-23,478.7243,420.9843,187.95,104.0684,86.8843
2024-01-24,479.2476,423.3205,186.4,103.8246,86.8938
2024-01-25,481.8542,423.8374,187.14,104.1757,86.9412
2024-01-26,481.2421,421.3124,187.01,104.0782,86.9507
2024-01-29,485.0532,425.6268,188.33,104.5365,86.9601
2024-01-30,484.678,422.7936,188.59,104.4877,86.9696
2024-01-31,476.7694,414.5127,188.45,105.1704,86.9791
2024-02-01,483.0094,419.3938,190.41,105.3556,87.023
2024-02-02,488.0942,426.4818,188.61,104.3415,87.0421
2024-02-05,486.317,425.9251,187.57,103.7564,87.0421
2024-02-06,487.7289,425.0701,188.55,104.1074,87.0611
2024-02-07,491.7968,429.4442,188.5,103.9124,87.0706
2024-02-08,492.014,430.2395,188.33,103.8344,87.1087
2024-02-09,494.8576,434.4744,187.6,103.6881,87.1182
2024-02-12,494.6403,432.7745,187.11,103.7271,87.1373
2024-02-13,487.8277,426.0245,184.53,103.064,87.1373
2024-02-14,492.2608,430.6669,184.42,103.5028,87.1563
2024-02-15,495.6573,431.9493,185.66,103.6296,87.2039
2024-02-16,493.189,428.0326,186.34,103.5223,87.2229
2024-02-19,493.189,428.0326,186.34,103.5223,87.2229
2024-02-20,490.4738,424.8017,187.47,103.5711,87.2324
2024-02-21,490.9181,423.1018,187.48,103.4541,87.242
2024-02-22,501.0778,435.4884,187.56,103.3176,87.2896
2024-02-23,501.4234,434.206,188.62,103.5809,87.2991
2024-02-26,499.5869,433.9773,188.2,103.5418,87.2991
2024-02-27,500.5151,435.0211,188,103.4151,87.3181
2024-02-28,499.8535,432.7049,188.34,103.7466,87.3276
2024-02-29,501.6505,436.4129,189.31,104.0684,87.3657
2024-03-01,506.3601,442.9839,192.89,104.4585,87.3896
2024-03-04,505.8171,441.4033,196.01,104.3707,87.3992
2024-03-05,500.7619,433.4803,197.19,104.8486,87.3992
2024-03-06,503.2994,436.2041,198.81,104.8876,87.4183
2024-03-07,508.2953,442.8249,199.94,104.829,87.4565
2024-03-08,505.2444,436.4328,201.63,104.9168,87.4661
2024-03-11,504.81,434.8124,202,104.7315,87.4756
2024-03-12,510.2404,441.0454,199.79,104.5268,87.5043
2024-03-13,509.4407,437.6555,201.19,104.3805,87.5043
2024-03-14,508.4336,436.5521,200.35,103.7466,87.5425
2024-03-15,504.9531,431.3628,199.71,103.6784,87.5616
2024-03-18,507.9541,435.4719,200.03,103.5809,87.5712
2024-03-19,510.7769,436.5569,199.8,103.7271,87.5903
2024-03-20,515.5012,441.733,202.18,104.1367,87.5999
2024-03-21,517.2048,443.8234,201.97,104.322,87.6285
2024-03-22,516.2243,444.3311,200.35,104.6828,87.6381
2024-03-25,514.798,442.7185,200.99,104.3512,87.6572
2024-03-26,513.8472,441.2851,201.64,104.3805,87.6667
2024-03-27,518.1655,442.7882,203.1,104.7023,87.7241
2024-03-28,518.0665,441.9719,205.72,104.7413,87.7241
2024-03-29,518.0665,441.9719,205.72,104.7413,87.7241
2024-04-01,517.1652,442.9076,207.82,104.0634,87.7477
2024-04-02,513.8769,439.0853,210.89,104.0927,87.7669
2024-04-03,514.4415,440.0707,212.74,104.0927,87.7669
2024-04-04,508.1621,433.3417,211.52,104.483,87.8053
2024-04-05,513.4708,438.4482,215.14,104.0439,87.8245
2024-04-08,513.7581,438.5776,216.48,104.0049,87.8341
2024-04-09,514.3523,440.2001,217.67,104.2781,87.8437
2024-04-10,509.2021,436.3578,215.61,103.273,87.8629
2024-04-11,513.045,443.3257,219.8,103.1852,87.8917
2024-04-12,505.9634,436.2583,216.89,103.5463,87.9013
2024-04-15,499.6246,429.0814,220.95,103.2145,87.9205
2024-04-16,498.7134,429.1212,221.22,102.7949,87.9301
2024-04-17,495.7619,423.8853,219.59,103.195,87.9397
2024-04-18,494.7417,421.4665,220.34,103.0584,87.9877
2024-04-19,490.4234,412.7467,221.03,103.2145,87.9973
2024-04-22,494.9398,416.8976,215.57,103.2243,88.0165
2024-04-23,500.8131,423.1189,215.04,103.3218,88.0261
2024-04-24,500.5754,424.5523,214.64,103.1072,88.0261
2024-04-25,498.6738,422.5017,215.92,102.951,88.0741
2024-04-26,503.3981,429.0217,216.62,103.2145,88.0741
2024-04-29,505.1809,430.7636,216.18,103.4682,88.0933
2024-04-30,497.1782,422.6411,211.87,102.9706,88.1028
2024-05-01,495.5638,419.5852,213.79,103.1397,88.1197
2024-05-02,500.199,424.9405,213.13,103.5129,88.1679
2024-05-03,506.3991,433.4811,212.96,104.0433,88.1775
2024-05-06,511.6286,438.2292,215.2,104.0924,88.1775
2024-05-07,512.1932,438.2989,214.21,104.0728,88.1872
2024-05-08,512.2427,438.0401,213.58,103.9549,88.2064
2024-05-09,515.1942,438.9957,216.95,104.3281,88.2546
2024-05-10,515.8578,440.0309,218.71,104.1611,88.2546
2024-05-13,515.9271,441.0462,216.26,104.2004,88.2739
2024-05-14,518.2943,443.8831,218.09,104.3969,88.2835
2024-05-15,524.7123,450.8211,220.89,104.9273,88.2932
2024-05-16,523.6327,449.9054,220.03,104.7799,88.3317
2024-05-17,524.3854,449.6864,223.66,104.6817,88.3414
2024-05-20,524.9896,452.8219,224.56,104.6424,88.3607
2024-05-21,526.2772,453.7078,224.23,104.8389,88.3703
2024-05-22,524.7618,453.6182,220.11,104.8192,88.3896
2024-05-23,520.9288,451.5776,215.72,104.4165,88.4474
2024-05-24,524.3755,455.848,215.92,104.5442,88.457
2024-05-27,524.3755,455.848,215.92,104.5442,88.457
2024-05-28,524.742,457.57,218.19,104.2299,88.4474
2024-05-29,521.0675,454.3449,216.16,103.9844,88.4667
2024-05-30,517.6109,449.4773,216.57,104.3871,88.486
2024-05-31,522.3253,448.6412,215.3,104.7996,88.5052
2024-06-03,522.7512,451.0501,217.22,105.2384,88.5197
2024-06-04,523.3356,452.2844,215.27,105.5647,88.5391
2024-06-05,529.5555,461.4023,217.82,105.8317,88.5488
2024-06-06,529.5456,461.2431,219.43,105.7427,88.5585
2024-06-07,528.9018,460.835,211.6,104.8725,88.5972
2024-06-10,530.536,462.6964,213.54,104.7242,88.6166
2024-06-11,531.8137,465.8717,214.15,105.0109,88.6262
2024-06-12,536.1815,471.9736,214.72,105.1692,88.6456
2024-06-13,537.2611,474.5318,212.97,105.5845,88.6553
2024-06-14,537.5879,476.9905,215.73,105.7131,88.7037
2024-06-17,541.8666,482.8335,214.61,105.5647,88.7134
2024-06-18,543.2433,482.9828,215.47,105.9899,88.7327
2024-06-19,543.2433,482.9828,215.47,105.9899,88.7327
2024-06-20,541.7676,479.26,218.16,106.0097,88.7521
2024-06-21,541.0436,477.9759,214.78,105.8515,88.7811
2024-06-24,539.2848,472.5425,215.63,105.9108,88.8005
2024-06-25,541.3615,477.9463,214.56,106.0394,88.8005
2024-06-26,542.0372,478.9333,212.58,105.7229,88.8102
2024-06-27,542.8917,480.1696,214.99,105.9207,88.8296
2024-06-28,540.7554,477.6771,215.01,105.5944,88.8586
2024-07-01,541.8683,480.4787,215.57,105.1762,88.8898
2024-07-02,545.5149,485.5235,215.56,105.3748,88.8995
2024-07-03,547.9493,489.5714,217.99,105.7918,88.9287
2024-07-04,547.9493,489.5714,217.99,105.7918,88.9287
2024-07-05,551.1091,494.6761,220.93,106.2685,88.9578
2024-07-08,551.745,495.8525,218.19,106.2287,88.9773
2024-07-09,552.2816,496.2813,218.56,106.0699,88.9773
2024-07-10,557.7466,501.4557,219.36,106.2685,88.9967
2024-07-11,552.9374,490.4587,223.25,106.5862,89.0065
2024-07-12,556.425,493.3401,223.11,106.755,89.0453
2024-07-15,557.9552,494.6661,223.83,106.6855,89.0648
2024-07-16,561.264,494.8555,228.29,107.0132,89.0648
2024-07-17,553.3944,480.3291,227.23,107.0529,89.094
2024-07-18,549.1417,478.0559,225.78,106.8146,89.1037
2024-07-19,545.495,473.8186,221.73,106.5564,89.1329
2024-07-22,551.119,480.8775,221.8,106.4273,89.1523
2024-07-23,550.2546,479.1826,222.58,106.3678,89.1523
2024-07-24,537.7844,461.9941,221.8,106.05,89.1815
2024-07-25,534.9824,456.8994,218.33,106.3082,89.1815
2024-07-26,540.974,461.5853,220.63,106.6458,89.2301
2024-07-29,541.292,462.5126,220.32,106.755,89.2301
2024-07-30,538.5495,456.1616,222.52,106.8345,89.2398
2024-07-31,547.3035,469.6611,226.55,107.4203,89.2593
2024-08-01,539.5531,458.2852,225.77,107.5625,89.281
2024-08-02,529.5075,447.4079,225.34,108.0797,89.3298
2024-08-05,514.0863,434.0679,222.48,108.388,89.3298
2024-08-06,518.8259,438.2154,220.7,107.7614,89.3493
2024-08-07,515.3581,433.4697,220.55,107.4332,89.3688
2024-08-08,527.2718,446.7299,224.01,107.3338,89.3786
2024-08-09,529.5969,449.0629,224.56,107.6122,89.3981
2024-08-12,529.8751,450.03,228.41,107.9007,89.4274
2024-08-13,538.5893,461.1965,228.06,108.1294,89.4372
2024-08-14,540.2884,461.3461,226.2,108.0697,89.447
2024-08-15,549.5491,473.0011,226.91,107.841,89.4567
2024-08-16,550.7812,473.6093,231.99,107.8012,89.5056
2024-08-19,556.0474,479.8306,231.61,107.8708,89.5056
2024-08-20,555.1432,478.8236,232.46,108.2985,89.5251
2024-08-21,557.051,481.0569,232.15,108.5372,89.5446
2024-08-22,552.679,473.4298,229.37,108.199,89.5446
2024-08-23,558.5514,478.5644,232.02,108.7759,89.5837
2024-08-26,557.2199,473.9183,232.76,108.7858,89.5935
2024-08-27,557.985,475.3341,233.39,108.7858,89.613
2024-08-28,554.7458,469.9403,231.75,108.7759,89.6228
2024-08-29,554.7955,469.2523,232.95,108.6267,89.6228
2024-08-30,560.0915,474.8456,231.29,108.2786,89.6716
2024-09-02,560.0915,474.8456,231.29,108.2786,89.6716
2024-09-03,548.5654,460.4288,230.29,108.4974,89.7068
2024-09-04,547.4426,459.2324,230.43,108.7859,89.7166
2024-09-05,546.1111,459.6611,232.35,108.8555,89.7265
2024-09-06,536.92,447.348,230.63,108.9252,89.7755
2024-09-09,542.9315,453.1008,231.6,109.1739,89.7755
2024-09-10,545.2963,457.2882,232.62,109.4127,89.8049
2024-09-11,550.8905,467.2184,232.25,109.4823,89.8049
2024-09-12,555.5308,471.8047,236.33,109.5022,89.8147
2024-09-13,558.4322,473.9183,238.68,109.8703,89.8638
2024-09-16,559.2569,471.8246,238.66,110.2483,89.8834
2024-09-17,559.4854,472.0739,237.34,110.2085,89.8932
2024-09-18,557.826,470.03,235.51,109.8006,89.9128
2024-09-19,567.3451,481.9144,239.17,110.1289,89.9324
2024-09-20,566.3669,480.9971,242.21,109.9797,89.9717
2024-09-23,567.7821,482.2701,242.68,109.9897,89.9815
2024-09-24,569.4067,484.5964,246.07,110.2583,89.9913
2024-09-25,568.1509,485.0457,245.73,109.8404,90.0109
2024-09-26,570.4034,488.6899,246.98,109.7012,90.0109
2024-09-27,569.5762,485.9742,245.02,109.9698,90.0403
2024-09-30,571.8586,487.2921,243.06,109.9001,90.0501
2024-10-01,566.7356,480.503,245.61,110.2598,90.071
2024-10-02,566.9748,481.1819,245.66,110.1602,90.0808
2024-10-03,565.9383,480.8225,245.49,109.6921,90.1005
2024-10-04,571.0812,486.5433,245,108.9452,90.1202
2024-10-07,565.9183,481.3316,244.17,108.8257,90.1399
2024-10-08,571.2706,488.5202,242.37,109.0049,90.1399
2024-10-09,575.2274,492.364,241.05,108.8057,90.1498
2024-10-10,574.2207,491.8049,242.82,109.0248,90.1596
2024-10-11,577.6593,492.5737,245.47,109.0348,90.2089
2024-10-14,582.3836,496.7071,245.07,108.9252,90.199
2024-10-15,577.8586,490.0677,245.92,109.0448,90.2286
2024-10-16,580.3703,490.1276,247.15,109.0647,90.2286
2024-10-17,580.4201,490.4671,248.63,108.736,90.2483
2024-10-18,582.6527,493.6819,251.27,108.9153,90.2778
2024-10-21,581.6959,494.6304,251.22,108.1285,90.2975
2024-10-22,581.3869,495.1696,253.93,108.2779,90.3074
2024-10-23,576.0746,487.5817,250.87,108.009,90.3074
2024-10-24,577.3204,491.5354,252.8,108.1185,90.3172
2024-10-25,577.1211,494.5306,253.32,107.8297,90.3566
2024-10-28,578.9052,494.6105,253.33,107.6206,90.3566
2024-10-29,579.8421,499.3629,256.09,107.7799,90.3763
2024-10-30,578.0879,495.5889,257.5,107.9891,90.3861
2024-10-31,566.7556,483.0789,253.51,107.8696,90.4058
2024-11-01,569.1476,486.6532,252.47,107.4105,90.4438
2024-11-04,567.9217,485.2354,252.83,107.5899,90.4635
2024-11-05,574.7889,491.4255,253.4,107.6896,90.4635
2024-11-06,589.0813,504.7742,245.7,107.5201,90.4833
2024-11-07,593.6362,512.7215,249.65,107.9188,90.4932
2024-11-08,596.2076,513.3206,247.96,108.2178,90.5426
2024-11-11,596.7757,513.0211,242.14,107.859,90.5328
2024-11-12,594.9219,512.0925,240.05,107.2908,90.5426
2024-11-13,595.2109,511.4336,237.63,107.0915,90.5624
2024-11-14,591.3837,507.8793,237.01,107.0716,90.5624
2024-11-15,583.8089,495.7786,236.59,107.1015,90.5921
2024-11-18,586.2009,499.2231,241.09,107.3606,90.602
2024-11-19,588.3438,502.6576,243.25,107.5301,90.6316
2024-11-20,588.5431,502.3681,244.62,107.4802,90.6415
2024-11-21,591.7026,504.1752,246.66,107.3407,90.6514
2024-11-22,593.5365,504.9839,249.84,107.4204,90.6811
2024-11-25,595.5498,505.7826,242.48,108.0085,90.6909
2024-11-26,598.6595,508.4983,242.95,107.7593,90.6909
2024-11-27,596.8455,504.4947,243.49,108.0982,90.7206
2024-11-28,596.8455,504.4947,243.49,108.0982,90.7206
2024-11-29,600.5532,508.9276,245.59,108.4072,90.7404
2024-12-02,601.6296,514.4688,243.44,108.3473,90.7647
2024-12-03,601.9087,516.0462,243.93,108.3972,90.7845
2024-12-04,605.6463,522.426,244.67,108.7068,90.7944
2024-12-05,604.6496,520.9784,242.86,108.577,90.8044
2024-12-06,605.7958,525.6409,242.95,108.6668,90.8441
2024-12-09,602.6761,521.5475,245.36,108.4671,90.854
2024-12-10,600.8024,519.7703,248.59,108.4272,90.8738
2024-12-11,605.4469,529.0754,250.96,108.2674,90.8837
2024-12-12,602.3273,525.6609,247.28,107.918,90.9036
2024-12-13,602.2077,529.6845,244.29,107.6184,90.9334
2024-12-16,604.7791,537.3123,244.88,107.4986,90.9433
2024-12-17,602.2874,534.9461,243.94,107.4387,90.9532
2024-12-18,584.3371,515.6469,239.26,106.76,90.9532
2024-12-19,584.1577,513.3505,239.6,106.33,90.9659
2024-12-20,591.15,517.8334,242.1,106.54,91.0058
2024-12-23,594.69,522.87,240.96,106.4,91.0058
2024-12-24,601.3,529.96,241.44,106.64,91.0257
2024-12-25,601.3,529.96,241.44,106.64,91.0257
2024-12-26,601.34,529.6,243.07,106.64,91.0456
2024-12-27,595.01,522.56,241.4,106.37,91.0855
2024-12-30,588.22,515.61,240.63,106.68,91.0855
2024-12-31,586.08,511.23,242.13,106.55,91.1054
2025-01-01,586.08,511.23,242.13,106.55,91.1054
2025-01-02,584.64,510.23,245.42,106.71,91.1253
2025-01-03,591.95,518.58,243.49,106.49,91.1353
2025-01-06,595.36,524.54,243.19,106.49,91.1453
2025-01-07,588.63,515.18,244.56,106.32,91.1652
2025-01-08,589.49,515.27,245.86,106.6,91.1851
2025-01-09,589.49,515.27,245.86,106.6,91.1851
2025-01-10,580.49,507.19,248.21,106.22,91.215
2025-01-13,581.39,505.56,245.74,106.22,91.225
2025-01-14,582.19,505.08,247.03,106.26,91.2449
2025-01-15,592.78,516.7,248.88,107,91.2549
2025-01-16,591.64,513.08,250.6,107.14,91.2549
2025-01-17,597.58,521.74,249.27,107.18,91.3047
2025-01-20,597.58,521.74,249.27,107.18,91.3047
2025-01-21,603.05,524.8,253.13,107.26,91.3047
2025-01-22,606.44,531.51,254.43,107.14,91.3246
2025-01-23,609.75,532.64,254.07,107.24,91.3246
2025-01-24,607.97,529.63,255.65,107.43,91.3645
2025-01-27,599.37,514.21,252.99,107.88,91.3744
2025-01-28,604.52,521.81,255.18,107.95,91.3744
2025-01-29,601.81,520.83,254.2,107.82,91.3844
2025-01-30,605.04,523.05,258.05,107.93,91.3944
2025-01-31,601.82,522.29,258.56,108.01,91.4243
2025-02-03,597.77,518.11,259.94,108.26,91.45
2025-02-04,601.78,524.47,262.5,108.44,91.45
2025-02-05,604.22,526.85,264.13,108.92,91.46
2025-02-06,606.32,529.6,263.43,108.73,91.48
2025-02-07,600.77,522.92,263.9,108.44,91.5
2025-02-10,604.85,529.25,268.37,108.49,91.51
2025-02-11,605.31,527.99,267.39,108.46,91.52
2025-02-12,603.36,528.3,267.67,107.81,91.53
2025-02-13,609.73,535.9,270.31,108.41,91.55